type,n_neurons,degree_in,degree_out,degree_total,weight_in,weight_out,weight_total,count_in,count_out,count_total
KCg-m,590,243,405,648,222353.0,247367.0,469720.0,47392,56855,104247
LC10,449,312,384,696,48195.0,86562.0,134757.0,13900,20506,34406
KCab-m,354,119,129,248,94422.0,124593.0,219015.0,33405,37395,70800
MC61,347,137,168,305,4174.0,19558.0,23732.0,1831,4488,6319
KCab-c,252,119,118,237,43327.0,70158.0,113485.0,17658,22660,40318
(MBDLaxon1),234,2045,2665,4710,33774.0,107640.0,141414.0,13303,29514,42817
LC12,227,167,141,308,8834.0,62888.0,71722.0,4101,8969,13070
KCab-s,223,129,147,276,67012.0,87449.0,154461.0,22753,26809,49562
LC17,186,174,144,318,22471.0,64530.0,87001.0,5104,6658,11762
ORN_DA1,142,53,70,123,3822.0,23302.0,27124.0,2097,4685,6782
mPN,138,65,75,140,420.0,392.0,812.0,259,228,487
ORN_VC5,138,48,82,130,3022.0,11499.0,14521.0,1317,2821,4138
LC9,135,367,498,865,21683.0,24877.0,46560.0,5333,6721,12054
KCa'b'-ap2,127,153,187,340,44974.0,67211.0,112185.0,14153,15784,29937
MC64,122,162,256,418,4067.0,11370.0,15437.0,2228,4994,7222
KCa'b'-m,119,131,139,270,42168.0,58374.0,100542.0,12768,13598,26366
ORN_VA1v,116,42,63,105,3222.0,14099.0,17321.0,1709,2846,4555
PFNp_b,115,65,78,143,17718.0,18516.0,36234.0,6078,8328,14406
(PDM09),115,535,683,1218,6373.0,12307.0,18680.0,2671,3968,6639
LPC1,113,95,219,314,3340.0,19333.0,22673.0,1220,4885,6105
LLPC3,112,111,244,355,3448.0,14243.0,17691.0,2043,4817,6860
LN,109,295,363,658,52999.0,49347.0,102346.0,13659,11808,25467
ORN_VA1d,104,41,58,99,2644.0,13186.0,15830.0,1476,2544,4020
LC18,103,164,221,385,5733.0,17592.0,23325.0,2594,6986,9580
KCg-d,99,348,421,769,27641.0,43123.0,70764.0,10240,12438,22678
ORN_VA2,97,35,65,100,2563.0,7193.0,9756.0,1269,2016,3285
(PVL05),93,699,1066,1765,8547.0,30947.0,39494.0,3961,9486,13447
LLPC2c,92,84,246,330,2419.0,16502.0,18921.0,1331,4951,6282
ORN_VA6,92,39,85,124,1977.0,9948.0,11925.0,1234,3238,4472
KCa'b'-ap1,91,166,211,377,29076.0,52174.0,81250.0,7747,9624,17371
(PDM14),90,71,27,98,267.0,56.0,323.0,100,29,129
(PVM01),89,863,1152,2015,7577.0,34181.0,41758.0,2615,5576,8191
ORN_DL3,87,35,44,79,993.0,6830.0,7823.0,653,1278,1931
ORN_DM1,86,62,83,145,11848.0,26818.0,38666.0,2945,5024,7969
LPLC2,85,184,282,466,8399.0,30731.0,39130.0,1630,5900,7530
ORN_DL1,84,49,60,109,2886.0,9650.0,12536.0,1298,2269,3567
LC16,83,170,298,468,3627.0,18094.0,21721.0,1850,4959,6809
ORN_VL2a,83,55,74,129,3384.0,12318.0,15702.0,1614,2923,4537
LC13,82,178,268,446,4544.0,18203.0,22747.0,2119,3607,5726
ORN_VM4,81,37,51,88,617.0,3429.0,4046.0,443,1278,1721
(ADM01),81,634,621,1255,5745.0,9208.0,14953.0,3438,3963,7401
ORN_VM5d,80,31,55,86,2282.0,10402.0,12684.0,1074,2482,3556
ORN_DM2,79,39,59,98,4291.0,12363.0,16654.0,1726,2742,4468
KC part due to gap,78,83,72,155,4574.0,2044.0,6618.0,1120,1204,2324
ORN_VL1,78,42,75,117,3900.0,14848.0,18748.0,1536,3899,5435
JO-A/B/C,78,85,117,202,2680.0,9975.0,12655.0,850,1973,2823
LC21,75,180,282,462,5735.0,18691.0,24426.0,2493,5978,8471
(MBDLaxon2),73,877,1462,2339,11761.0,37283.0,49044.0,4365,10288,14653
LC11,71,225,347,572,8763.0,27695.0,36458.0,3641,7900,11541
LC4,71,222,280,502,10943.0,39874.0,50817.0,3941,6169,10110
LC20,70,271,488,759,3936.0,7042.0,10978.0,2289,3887,6176
LC24,70,246,505,751,2325.0,6030.0,8355.0,1583,3550,5133
LC14,70,240,408,648,5294.0,4643.0,9937.0,2104,1421,3525
ORN_DM3,68,50,61,111,3016.0,9203.0,12219.0,1499,2334,3833
(PVF4),67,208,419,627,5956.0,8343.0,14299.0,2425,3036,5461
FS3,66,327,461,788,27094.0,11464.0,38558.0,10287,6692,16979
(PVM02),66,347,289,636,2840.0,1648.0,4488.0,1019,561,1580
LPC2,65,63,137,200,969.0,3079.0,4048.0,590,1437,2027
LC15,62,150,209,359,4942.0,8927.0,13869.0,1945,3847,5792
LLPC2b,61,50,125,175,1643.0,6085.0,7728.0,933,2247,3180
LC6,61,238,332,570,5982.0,12778.0,18760.0,2608,4870,7478
LLPC2a,60,43,106,149,1029.0,6711.0,7740.0,615,2454,3069
ORN_DM4,60,38,68,106,5093.0,13355.0,18448.0,1715,3032,4747
KCab-p,60,212,174,386,20767.0,24764.0,45531.0,6131,5763,11894
LPLC1,60,238,363,601,9970.0,25317.0,35287.0,2619,5308,7927
PFNp_a,60,51,69,120,9589.0,10788.0,20377.0,3113,4135,7248
ORN_DM6,60,39,50,89,3707.0,12617.0,16324.0,1503,2433,3936
ORN_DL4,59,31,44,75,1192.0,4843.0,6035.0,612,1115,1727
(PDM19),59,504,532,1036,4812.0,5531.0,10343.0,1777,1500,3277
PFNa,58,89,106,195,24365.0,24638.0,49003.0,2856,5257,8113
FS4A,58,262,245,507,12999.0,8087.0,21086.0,5775,3170,8945
vDeltaM,58,106,103,209,11333.0,9517.0,20850.0,3489,3480,6969
(pLOP1),58,23,32,55,584.0,1367.0,1951.0,178,477,655
MC62,58,137,366,503,1880.0,8240.0,10120.0,950,3525,4475
(LWF2),55,158,222,380,4346.0,7766.0,12112.0,2048,3646,5694
vDeltaA_a,54,87,105,192,12015.0,12021.0,24036.0,3129,4606,7735
(PDM05),54,194,216,410,2900.0,4360.0,7260.0,1350,1872,3222
(PDM12),53,529,454,983,4817.0,4628.0,9445.0,2333,2071,4404
(LWF5),53,222,473,695,2824.0,8078.0,10902.0,1401,3567,4968
(LWF7),53,201,302,503,3438.0,6221.0,9659.0,1890,3184,5074
TuBu,51,22,22,44,1132.0,4058.0,5190.0,357,424,781
(LWF6),50,190,352,542,3069.0,5389.0,8458.0,1705,2648,4353
(AVM09),49,232,457,689,2800.0,10389.0,13189.0,1051,2325,3376
LPLC4,46,276,363,639,11954.0,25814.0,37768.0,3071,5411,8482
vDeltaK,46,108,88,196,16514.0,9389.0,25903.0,4582,2968,7550
PFNp_c,46,70,81,151,16428.0,17563.0,33991.0,4170,6480,10650
EPG,46,152,150,302,161065.0,86525.0,247590.0,15579,10947,26526
(PDM15),45,185,148,333,2638.0,2029.0,4667.0,1436,872,2308
ORN_VC3l,45,37,67,104,1794.0,5668.0,7462.0,694,1388,2082
LLPC1,44,66,196,262,1752.0,9098.0,10850.0,1013,2561,3574
ORN_DC3,44,44,79,123,1917.0,7218.0,9135.0,752,1614,2366
FS1A,44,278,387,665,33245.0,12523.0,45768.0,10411,5118,15529
ORN_VM7d,44,33,59,92,1393.0,4750.0,6143.0,631,1210,1841
Delta7,42,30,43,73,21979.0,95209.0,117188.0,3756,7940,11696
FC3,42,191,194,385,21594.0,29801.0,51395.0,7369,8989,16358
ORN_V,41,48,85,133,3615.0,18934.0,22549.0,1025,2088,3113
LC26,41,119,209,328,1515.0,4292.0,5807.0,653,1876,2529
ORN_VL2p,40,43,71,114,3665.0,9389.0,13054.0,1177,2008,3185
ORN_VM1,40,26,42,68,345.0,1546.0,1891.0,219,504,723
(ADM04),40,439,601,1040,4874.0,4661.0,9535.0,2550,2296,4846
(ADM03),40,371,241,612,3298.0,1121.0,4419.0,983,397,1380
PFNd,40,120,108,228,39005.0,34605.0,73610.0,2947,3427,6374
ORN_DL5,39,39,66,105,2982.0,9171.0,12153.0,1002,1855,2857
(LWF3),39,153,186,339,2469.0,5022.0,7491.0,1382,2613,3995
(PDM16),39,505,774,1279,3639.0,9290.0,12929.0,1506,2669,4175
ORN_VC3m,39,35,54,89,694.0,3172.0,3866.0,364,934,1298
ORN_D,38,59,78,137,3450.0,10967.0,14417.0,1238,1876,3114
ORN_DC1,38,55,84,139,3429.0,10142.0,13571.0,1185,2230,3415
vDeltaL,38,104,81,185,11316.0,6717.0,18033.0,3122,2385,5507
FC2C,37,274,378,652,40633.0,17389.0,58022.0,9417,5688,15105
FS4B,37,235,210,445,7994.0,6109.0,14103.0,3688,1807,5495
ORN_VM5v,36,32,61,93,1614.0,5419.0,7033.0,635,1195,1830
LC22,36,201,299,500,4852.0,9471.0,14323.0,2049,2833,4882
ORN_DP1m,36,49,96,145,11407.0,30575.0,41982.0,1868,3119,4987
ORN_DA3,36,33,47,80,514.0,2371.0,2885.0,310,723,1033
ORN_DA2,35,36,59,95,607.0,2580.0,3187.0,348,998,1346
ORN_VC4,35,35,64,99,1608.0,4652.0,6260.0,539,971,1510
(AVM15),34,8,6,14,14.0,9.0,23.0,10,9,19
ORN_VA7m,34,33,56,89,1259.0,4006.0,5265.0,523,942,1465
FC1C,33,173,288,461,17502.0,10753.0,28255.0,4685,4575,9260
FC2B,33,247,319,566,61426.0,20217.0,81643.0,10444,5751,16195
PFNp_d,33,94,85,179,4209.0,3029.0,7238.0,1754,1707,3461
FS2,32,274,362,636,25302.0,8846.0,34148.0,7446,4541,11987
ORN_VA3,32,39,68,107,2550.0,7275.0,9825.0,641,1326,1967
vDeltaB,32,113,97,210,13058.0,11864.0,24922.0,3306,2930,6236
vDeltaA_b,31,83,90,173,7093.0,8483.0,15576.0,2088,2525,4613
HRN_VP4,31,41,98,139,2041.0,8193.0,10234.0,652,1825,2477
PAM04_a,31,593,116,709,21154.0,13939.0,35093.0,12133,7437,19570
hDeltaK,31,180,131,311,26684.0,21905.0,48589.0,3950,1519,5469
LC25,30,116,237,353,1145.0,2500.0,3645.0,678,1742,2420
(PVM09),30,723,692,1415,5503.0,18185.0,23688.0,1670,2133,3803
PFR_a,29,190,255,445,40298.0,29414.0,69712.0,6496,8596,15092
ORN_DC4,29,60,104,164,3747.0,14165.0,17912.0,1247,2438,3685
hDeltaJ,29,166,139,305,26710.0,23455.0,50165.0,6191,4520,10711
ORN_DP1l,29,43,84,127,3754.0,9842.0,13596.0,899,1609,2508
LC28b,28,261,387,648,2513.0,3635.0,6148.0,1469,2060,3529
ORN_VA4,28,23,45,68,972.0,4020.0,4992.0,426,897,1323
ORN_VC2,28,41,75,116,1468.0,4870.0,6338.0,566,1137,1703
vDeltaC,28,137,102,239,15648.0,11555.0,27203.0,4020,3137,7157
(PVL01),28,43,15,58,121.0,17.0,138.0,85,17,102
(LWF1),28,258,360,618,3638.0,4650.0,8288.0,1423,2153,3576
ORN_VM7v,27,35,67,102,911.0,3744.0,4655.0,405,836,1241
ORN_DC2,27,49,94,143,2223.0,9391.0,11614.0,749,1650,2399
PFNm_a,26,62,82,144,11993.0,10588.0,22581.0,2478,3397,5875
(lVLPT8),25,772,960,1732,7216.0,11924.0,19140.0,2026,2769,4795
PAM01_a,25,502,111,613,18646.0,8230.0,26876.0,9825,4816,14641
vDeltaI,25,138,99,237,12898.0,8670.0,21568.0,3674,2441,6115
(AVM19),25,81,35,116,641.0,41.0,682.0,108,38,146
ER4d,25,42,49,91,15630.0,22301.0,37931.0,2815,3127,5942
KCa'B',25,27,39,66,3161.0,5803.0,8964.0,1707,2063,3770
PFL3,24,251,344,595,62792.0,19880.0,82672.0,8118,2317,10435
PAM06_a,24,502,162,664,16615.0,18164.0,34779.0,7678,6002,13680
Li19,24,78,75,153,1539.0,1070.0,2609.0,818,903,1721
ORN_DM5,24,18,17,35,330.0,1046.0,1376.0,191,289,480
IbSpsP,24,268,57,325,10129.0,21748.0,31877.0,2010,2223,4233
FS1B,24,245,399,644,15584.0,9083.0,24667.0,5027,3307,8334
ORN_DL2v,24,45,79,124,3021.0,9510.0,12531.0,749,1444,2193
PAM12,23,428,198,626,11691.0,6912.0,18603.0,5978,3913,9891
vDeltaE,23,170,136,306,18987.0,13068.0,32055.0,4506,3273,7779
MC66,22,71,265,336,454.0,8903.0,9357.0,185,1883,2068
Li13,22,106,142,248,1214.0,2766.0,3980.0,751,1474,2225
PEN_b(PEN2),22,68,124,192,32146.0,25018.0,57164.0,2489,3026,5515
LC31,21,225,322,547,5058.0,8814.0,13872.0,2251,2242,4493
ER2_c,21,44,41,85,16181.0,26143.0,42324.0,3024,3156,6180
PFNp_e,21,37,64,101,6370.0,7160.0,13530.0,1841,2565,4406
(aDT6c)(MBDLaxon1),21,214,367,581,2926.0,6873.0,9799.0,1249,2420,3669
PFNv,20,87,106,193,12819.0,11216.0,24035.0,1272,2433,3705
PEN_a(PEN1),20,63,67,130,29778.0,31970.0,61748.0,2565,2554,5119
FC1E,20,115,215,330,9585.0,8306.0,17891.0,2657,3013,5670
hDeltaC,20,196,146,342,29840.0,21912.0,51752.0,6128,4116,10244
FC1D,20,104,185,289,9527.0,10044.0,19571.0,2294,2944,5238
ER5,20,26,31,57,7791.0,24505.0,32296.0,849,1785,2634
ORN_VM3,19,20,37,57,145.0,405.0,550.0,95,143,238
hDeltaB,19,113,125,238,39723.0,60234.0,99957.0,2477,4234,6711
aMe5,19,97,335,432,813.0,6228.0,7041.0,408,1944,2352
(lVLPT3),19,172,347,519,1321.0,2497.0,3818.0,742,1514,2256
(PDM17),19,200,188,388,2123.0,885.0,3008.0,461,341,802
FC2A,18,175,211,386,35741.0,13317.0,49058.0,5584,2984,8568
hDeltaI,18,147,121,268,29744.0,13053.0,42797.0,5152,2826,7978
ORN_VC1,18,43,69,112,1283.0,5150.0,6433.0,440,948,1388
PFGs,18,216,199,415,37299.0,19415.0,56714.0,5099,2423,7522
PEG,18,86,87,173,19177.0,10371.0,29548.0,1643,1205,2848
(pLOP2),18,12,25,37,237.0,557.0,794.0,78,189,267
ER3m,18,37,53,90,8245.0,10077.0,18322.0,1520,1964,3484
FR1,18,198,177,375,24390.0,4709.0,29099.0,4822,963,5785
FC1B,18,95,113,208,13278.0,11527.0,24805.0,1931,2734,4665
EL,18,133,186,319,76086.0,44726.0,120812.0,6109,6232,12341
PFNm_b,18,64,72,136,6731.0,6572.0,13303.0,1365,1864,3229
vDeltaD,18,160,112,272,13411.0,8835.0,22246.0,3153,2308,5461
FR2,18,169,173,342,9308.0,4934.0,14242.0,3079,1373,4452
FB5V,18,532,357,889,17341.0,17630.0,34971.0,4857,4257,9114
PAM05,18,527,200,727,11386.0,11463.0,22849.0,4818,3211,8029
LC27,17,127,198,325,1602.0,1991.0,3593.0,669,1064,1733
LC28a,17,268,446,714,1412.0,2159.0,3571.0,853,1233,2086
ORN_VA5,17,31,60,91,1159.0,5491.0,6650.0,346,706,1052
FC1F,17,123,122,245,11188.0,10262.0,21450.0,2292,3141,5433
vDeltaH,17,125,83,208,10809.0,8344.0,19153.0,2673,1797,4470
IB004,17,334,323,657,2754.0,2577.0,5331.0,1390,1200,2590
ORN_DL2d,17,32,64,96,1481.0,6546.0,8027.0,516,959,1475
FB4Z,16,136,103,239,16107.0,7239.0,23346.0,3085,2198,5283
FS4C,16,231,220,451,5569.0,4329.0,9898.0,2421,1435,3856
PAM14,16,262,247,509,5188.0,6188.0,11376.0,2937,3083,6020
FC1A,16,88,149,237,9970.0,10093.0,20063.0,1791,2497,4288
(PLBDL10),16,179,383,562,614.0,2415.0,3029.0,459,1222,1681
ORN_VA7l,16,31,46,77,626.0,2313.0,2939.0,271,503,774
PFR_b,16,203,255,458,28073.0,12073.0,40146.0,4501,3324,7825
ER1_a,16,133,49,182,6619.0,13405.0,20024.0,2169,2096,4265
LC40a,16,247,549,796,2074.0,3557.0,5631.0,965,1702,2667
VS,15,39,117,156,1253.0,3271.0,4524.0,231,513,744
(aDT6a)(MBDLaxon2),15,77,163,240,1505.0,3880.0,5385.0,646,1401,2047
vDeltaG,15,134,96,230,10297.0,8817.0,19114.0,2650,2031,4681
PAM02,15,422,111,533,11874.0,6496.0,18370.0,4757,2542,7299
TuBu03,15,51,22,73,2427.0,2259.0,4686.0,641,179,820
LT52,15,276,352,628,16017.0,10866.0,26883.0,3599,3377,6976
LC29,15,169,292,461,624.0,1656.0,2280.0,450,887,1337
OCG08,15,66,12,78,710.0,20.0,730.0,258,17,275
mAL4,15,303,404,707,1957.0,3285.0,5242.0,856,1426,2282
PAM08_a,15,334,100,434,8523.0,6136.0,14659.0,4802,3604,8406
ORN_DA4l,15,21,20,41,115.0,344.0,459.0,68,83,151
PAM11,14,465,207,672,9973.0,8305.0,18278.0,5671,4077,9748
ER1_b,14,122,69,191,7074.0,10525.0,17599.0,1722,1715,3437
PAM13,14,359,263,622,6297.0,5135.0,11432.0,2951,2265,5216
(PDL14),14,201,410,611,1045.0,2729.0,3774.0,508,1102,1610
(aDT6b)(MBDLaxon2),14,115,219,334,2096.0,3852.0,5948.0,747,1459,2206
PFL1,14,164,241,405,18059.0,6856.0,24915.0,2203,993,3196
LHAV5a2_a,14,341,387,728,1456.0,1725.0,3181.0,872,963,1835
LC36,14,299,507,806,2389.0,4976.0,7365.0,1088,1601,2689
PAM10,14,583,69,652,17481.0,15105.0,32586.0,9149,6713,15862
LHPV6a1,14,433,543,976,2790.0,4522.0,7312.0,1483,1991,3474
PAM01_b,14,355,150,505,6960.0,4594.0,11554.0,4150,2893,7043
(PLBDL4),13,121,243,364,1258.0,2450.0,3708.0,662,1100,1762
(PVF3),13,266,629,895,2063.0,5655.0,7718.0,862,1213,2075
(PDM13),13,534,663,1197,2912.0,4121.0,7033.0,1157,1248,2405
PAM08_e,13,343,142,485,6205.0,5384.0,11589.0,3404,2884,6288
(AVM18),13,20,6,26,35.0,9.0,44.0,25,8,33
LHAV2c1,13,548,636,1184,3352.0,4247.0,7599.0,1671,1810,3481
ER3p_a,12,33,32,65,6161.0,9015.0,15176.0,764,1311,2075
PFL2,12,241,257,498,32771.0,11897.0,44668.0,4254,1926,6180
PAM07,12,229,103,332,6828.0,5568.0,12396.0,3520,2913,6433
PVLP004,12,367,251,618,17971.0,12324.0,30295.0,2624,1774,4398
hDeltaA,12,131,102,233,39494.0,20703.0,60197.0,3898,2578,6476
vDeltaF,12,154,93,247,9128.0,6671.0,15799.0,2261,1665,3926
ER3d_c,12,35,32,67,9983.0,10436.0,20419.0,1074,1465,2539
ER3d_a,12,36,36,72,8752.0,9228.0,17980.0,1199,1599,2798
ER3a_a,12,36,35,71,5980.0,7036.0,13016.0,837,865,1702
hDeltaL,12,169,100,269,29081.0,19795.0,48876.0,3490,2523,6013
(PVM12),12,308,590,898,1657.0,2608.0,4265.0,967,1562,2529
(aDT6f)(MBDLaxon2),12,83,187,270,718.0,4098.0,4816.0,386,1168,1554
LT51,12,355,523,878,8601.0,16095.0,24696.0,2165,1857,4022
DNp16,12,225,199,424,2790.0,1182.0,3972.0,812,495,1307
OCG01,12,47,111,158,362.0,3691.0,4053.0,106,364,470
ORN_DA4m,12,22,39,61,115.0,363.0,478.0,68,147,215
SLP414,12,244,154,398,7378.0,2617.0,9995.0,1682,899,2581
LAL090,12,217,164,381,3755.0,1962.0,5717.0,859,562,1421
WED092,11,391,725,1116,2224.0,8176.0,10400.0,981,2679,3660
ER3w_b,11,34,32,66,5731.0,8660.0,14391.0,946,1165,2111
PS119,11,361,590,951,2354.0,6213.0,8567.0,1108,2426,3534
PS289,11,101,165,266,1365.0,2180.0,3545.0,306,538,844
vDeltaJ,11,104,82,186,5163.0,3124.0,8287.0,1621,1102,2723
PAM09,11,462,91,553,8046.0,6593.0,14639.0,3019,1709,4728
TuBu09,11,26,18,44,2902.0,1156.0,4058.0,555,152,707
(pIP17)(PVM10),11,13,2,15,27.0,2.0,29.0,18,2,20
LT57,11,321,425,746,2362.0,2894.0,5256.0,1048,1310,2358
FB4E,11,419,138,557,8452.0,8656.0,17108.0,2734,2213,4947
(PVM10),11,313,196,509,2019.0,581.0,2600.0,482,226,708
ER3d_d,10,27,30,57,7389.0,7634.0,15023.0,755,1139,1894
LC33a,10,283,376,659,2595.0,5843.0,8438.0,1019,1146,2165
HRN_VP5,10,37,87,124,1402.0,9260.0,10662.0,281,664,945
HRN_VP1d,10,52,113,165,4859.0,8546.0,13405.0,611,1038,1649
ER3d_b,10,26,28,54,6272.0,6815.0,13087.0,689,1092,1781
WED030,10,131,154,285,1777.0,2511.0,4288.0,427,608,1035
(lVLPT4),10,146,168,314,572.0,848.0,1420.0,377,475,852
ER4m,10,33,37,70,8337.0,28894.0,37231.0,1711,1779,3490
WED143,10,79,89,168,1506.0,722.0,2228.0,427,300,727
TuBu08,10,23,13,36,3880.0,1303.0,5183.0,568,151,719
SIP076,9,565,378,943,3887.0,2623.0,6510.0,1907,1111,3018
PS087,9,47,28,75,459.0,147.0,606.0,188,110,298
SMP162,9,445,369,814,8836.0,10779.0,19615.0,2370,1994,4364
ER3w_a,9,36,30,66,7073.0,9242.0,16315.0,1024,1113,2137
ER2_a,9,34,40,74,9723.0,14127.0,23850.0,1415,1651,3066
(PLBDL8),9,309,632,941,2909.0,9084.0,11993.0,1198,2337,3535
SMP106,9,266,317,583,2594.0,1431.0,4025.0,943,875,1818
FB3C,9,172,112,284,5495.0,8413.0,13908.0,2253,2864,5117
TuBu10,9,21,17,38,2525.0,1092.0,3617.0,359,130,489
DNp17,9,219,307,526,1653.0,1757.0,3410.0,445,473,918
FB4F_a,9,478,198,676,12256.0,13897.0,26153.0,3488,3301,6789
(PLBDL9),9,706,882,1588,5422.0,5290.0,10712.0,1663,1441,3104
CRE044,9,551,339,890,6760.0,4376.0,11136.0,2293,1083,3376
FB2I_a,9,245,147,392,7219.0,11749.0,18968.0,2094,3772,5866
hDeltaM,9,153,106,259,19484.0,12558.0,32042.0,2827,1797,4624
(pIP5d),9,132,272,404,761.0,1749.0,2510.0,380,698,1078
PS225,9,52,19,71,477.0,29.0,506.0,160,24,184
PAM08_b,9,440,203,643,8608.0,5979.0,14587.0,4069,2592,6661
CL225,9,246,290,536,1841.0,1756.0,3597.0,714,706,1420
PAM06_b,9,256,62,318,5288.0,2864.0,8152.0,2493,1267,3760
FB8F_b,8,273,155,428,3539.0,3212.0,6751.0,1354,755,2109
KCg-t,8,94,110,204,4684.0,5161.0,9845.0,1912,2039,3951
AOTU008_a,8,123,208,331,4110.0,2505.0,6615.0,1519,873,2392
PLP115_b,8,260,376,636,2825.0,3103.0,5928.0,1298,1228,2526
WED002,8,186,247,433,1198.0,1780.0,2978.0,434,634,1068
LT45,8,172,121,293,637.0,563.0,1200.0,332,250,582
SLP259,8,736,483,1219,6504.0,3691.0,10195.0,2370,1423,3793
VM5d_adPN,8,161,276,437,8213.0,9583.0,17796.0,1300,1474,2774
FB5W,8,343,189,532,6513.0,9041.0,15554.0,1964,2141,4105
LHAV6a1_b,8,431,471,902,3085.0,2774.0,5859.0,1266,1325,2591
SMP453,8,462,267,729,5805.0,2044.0,7849.0,1665,840,2505
SMP167,8,182,206,388,2612.0,2383.0,4995.0,950,745,1695
PS004,8,395,199,594,1960.0,1680.0,3640.0,956,600,1556
SMP347,8,449,377,826,6835.0,4351.0,11186.0,2080,1394,3474
WED040_a,8,106,128,234,723.0,1088.0,1811.0,307,403,710
FB8F_a,8,326,224,550,3524.0,3661.0,7185.0,1433,1013,2446
SMP133,8,464,328,792,6338.0,5367.0,11705.0,1876,1529,3405
hDeltaD,8,102,80,182,18215.0,14418.0,32633.0,2042,1868,3910
CRE089,8,412,488,900,3609.0,5640.0,9249.0,1275,1981,3256
hDeltaE,8,96,76,172,21116.0,13002.0,34118.0,2056,1668,3724
hDeltaF,8,143,105,248,22309.0,14129.0,36438.0,2229,2190,4419
CRE039,8,427,449,876,4555.0,4012.0,8567.0,1735,1658,3393
hDeltaG,8,162,108,270,23274.0,16481.0,39755.0,2783,1823,4606
hDeltaH,8,146,106,252,25570.0,16735.0,42305.0,2839,1596,4435
Li18,8,80,104,184,388.0,640.0,1028.0,250,418,668
PI1_a,8,83,24,107,3632.0,66.0,3698.0,836,61,897
PI1_b,8,124,36,160,3221.0,59.0,3280.0,828,55,883
FB5G,8,357,258,615,8084.0,10810.0,18894.0,2721,2434,5155
LHAV2k4,8,377,404,781,1853.0,2648.0,4501.0,943,1125,2068
CRE055,8,263,369,632,4960.0,4917.0,9877.0,985,1661,2646
aSP10A,8,342,337,679,3170.0,3792.0,6962.0,1243,1224,2467
lLN1_b,8,270,332,602,46977.0,43067.0,90044.0,3789,4406,8195
SLP416,8,178,128,306,3416.0,2170.0,5586.0,1004,644,1648
FB6J,8,108,97,205,10337.0,5323.0,15660.0,1805,1281,3086
SLP082,8,286,344,630,1781.0,2485.0,4266.0,804,1041,1845
PAM08_c,8,454,144,598,8565.0,5130.0,13695.0,4374,2382,6756
SMP228,8,218,161,379,2772.0,1682.0,4454.0,843,588,1431
SA3,8,146,124,270,2291.0,3881.0,6172.0,897,1103,2000
lLN2T_a,8,282,343,625,68611.0,51801.0,120412.0,9659,6732,16391
AVLP465,8,259,426,685,4985.0,8226.0,13211.0,1101,1963,3064
FB4A,8,324,96,420,6972.0,4216.0,11188.0,1873,1521,3394
LAL087,8,98,82,180,1704.0,1047.0,2751.0,262,284,546
PS208,8,143,138,281,1961.0,2146.0,4107.0,682,467,1149
(PDM26),8,187,241,428,1217.0,1677.0,2894.0,345,411,756
SMP381,7,450,424,874,2602.0,4083.0,6685.0,1051,1232,2283
(PDM27),7,159,33,192,582.0,67.0,649.0,249,37,286
WED103,7,82,137,219,462.0,1084.0,1546.0,188,330,518
SMP377,7,436,314,750,4340.0,4517.0,8857.0,1564,935,2499
PVLP007,7,313,599,912,11783.0,4797.0,16580.0,1353,2002,3355
PS008_a,7,183,75,258,692.0,555.0,1247.0,396,187,583
AVLP141,7,194,301,495,953.0,2003.0,2956.0,452,761,1213
PS008_b,7,218,123,341,802.0,552.0,1354.0,462,272,734
SAD057,7,23,69,92,1478.0,1285.0,2763.0,201,288,489
LHPV6b1,7,287,247,534,1559.0,1654.0,3213.0,703,721,1424
WED150,7,94,48,142,476.0,79.0,555.0,199,63,262
WEDPN8C,7,136,286,422,855.0,2356.0,3211.0,337,857,1194
AVLP026,7,451,462,913,2398.0,2282.0,4680.0,1184,1092,2276
PAM03,7,171,60,231,1947.0,1472.0,3419.0,1327,1042,2369
LHPV4g1,7,318,457,775,2056.0,2782.0,4838.0,753,1210,1963
CRE092,7,417,489,906,3340.0,3202.0,6542.0,1349,1440,2789
LHPV5b1,7,308,391,699,771.0,1431.0,2202.0,463,745,1208
lLN16B,7,107,140,247,1331.0,1184.0,2515.0,707,470,1177
PLP042_b,7,171,201,372,2036.0,942.0,2978.0,638,498,1136
SMP296,7,369,299,668,2373.0,1528.0,3901.0,956,786,1742
DA1_lPN,7,153,359,512,14695.0,14538.0,29233.0,1833,2143,3976
AVLP377,7,101,168,269,3488.0,5159.0,8647.0,478,824,1302
LHPV5h1,7,276,253,529,1298.0,1345.0,2643.0,673,611,1284
DM6_adPN,7,124,247,371,9597.0,10485.0,20082.0,1043,1407,2450
CL223,7,194,274,468,1811.0,1971.0,3782.0,646,883,1529
FB4P_b,7,427,317,744,9855.0,17903.0,27758.0,2503,3210,5713
TuBu07,7,34,12,46,2515.0,1097.0,3612.0,476,80,556
SMP409,7,419,326,745,3784.0,2124.0,5908.0,1215,841,2056
PVLP046,7,49,78,127,202.0,1415.0,1617.0,143,410,553
AVLP111,7,477,383,860,7648.0,3361.0,11009.0,1943,1035,2978
FB5S,7,120,99,219,8058.0,4451.0,12509.0,1699,1299,2998
TuBu02,7,42,16,58,1310.0,1393.0,2703.0,411,98,509
LC43,7,97,218,315,311.0,1473.0,1784.0,202,603,805
DNp16/17,7,129,91,220,931.0,312.0,1243.0,281,141,422
v2LN40,7,119,96,215,4712.0,1366.0,6078.0,1112,380,1492
CRE080,7,485,543,1028,5699.0,2979.0,8678.0,1514,1190,2704
LPTC,7,142,261,403,1193.0,1637.0,2830.0,246,414,660
FB6A,6,293,318,611,23410.0,30480.0,53890.0,1788,3451,5239
SMP459,6,435,426,861,2556.0,2539.0,5095.0,1100,973,2073
FB5R,6,112,87,199,8107.0,5097.0,13204.0,1593,1353,2946
FB6L,6,146,108,254,5747.0,3039.0,8786.0,1367,1015,2382
FB5X,6,430,193,623,8106.0,10420.0,18526.0,2225,1927,4152
LHAV1a3,6,285,310,595,1546.0,1201.0,2747.0,676,614,1290
PS282,6,108,93,201,1245.0,1926.0,3171.0,337,307,644
FB5B,6,347,105,452,4381.0,5606.0,9987.0,1652,1210,2862
(ADL08),6,135,342,477,848.0,3077.0,3925.0,334,1055,1389
SMP464,6,297,173,470,1665.0,1224.0,2889.0,819,444,1263
LC32,6,96,134,230,228.0,430.0,658.0,153,266,419
SAF,6,164,86,250,2235.0,2868.0,5103.0,830,784,1614
LAL022,6,574,395,969,8729.0,3785.0,12514.0,2201,810,3011
SIP020,6,386,307,693,3385.0,2284.0,5669.0,1168,856,2024
SIP021,6,306,211,517,1790.0,1362.0,3152.0,798,524,1322
TRN_VP1m,6,35,101,136,2759.0,8438.0,11197.0,346,770,1116
LAL086,6,144,83,227,1665.0,981.0,2646.0,436,253,689
IB099,6,61,105,166,429.0,1082.0,1511.0,160,405,565
SLP015_c,6,392,198,590,2629.0,1155.0,3784.0,1099,540,1639
SLP088,6,260,332,592,1295.0,1450.0,2745.0,591,701,1292
HRN_VP1l,6,29,68,97,1673.0,4173.0,5846.0,226,473,699
LAL196,6,214,160,374,3409.0,2557.0,5966.0,642,401,1043
AVLP265,6,181,242,423,2428.0,1676.0,4104.0,566,593,1159
LC41,6,126,247,373,564.0,1709.0,2273.0,313,713,1026
FB6S,6,338,286,624,2326.0,2217.0,4543.0,1146,992,2138
FB9A,6,129,75,204,1462.0,1983.0,3445.0,621,501,1122
FB8H,6,192,81,273,3506.0,7314.0,10820.0,1151,1571,2722
AVLP232,6,193,272,465,1378.0,2276.0,3654.0,503,803,1306
LC45b,6,107,190,297,294.0,873.0,1167.0,192,418,610
FB8G,6,194,166,360,5956.0,7085.0,13041.0,1334,1761,3095
LHAD1b2_a,6,574,521,1095,4157.0,3036.0,7193.0,1483,1313,2796
SMP480,6,280,211,491,1628.0,910.0,2538.0,799,477,1276
AVLP219,6,481,238,719,4428.0,1430.0,5858.0,1471,477,1948
FB7E,6,312,205,517,5286.0,5269.0,10555.0,1759,1487,3246
FB7A,6,221,187,408,4107.0,11074.0,15181.0,1111,1913,3024
SMP468,6,256,168,424,1908.0,1460.0,3368.0,783,513,1296
PVLP008_a,6,220,235,455,4725.0,2651.0,7376.0,1048,920,1968
SLP097,6,128,136,264,736.0,963.0,1699.0,320,475,795
PI3,6,51,20,71,373.0,42.0,415.0,162,33,195
AVLP104,6,225,249,474,4633.0,3258.0,7891.0,876,743,1619
SLP360,6,383,561,944,4387.0,6400.0,10787.0,1142,1611,2753
SLP267,6,241,228,469,2385.0,1552.0,3937.0,717,546,1263
PLP103,6,158,221,379,2072.0,1351.0,3423.0,789,500,1289
SLP266,6,246,267,513,2016.0,1656.0,3672.0,674,688,1362
LHPV6f1,6,203,221,424,1880.0,1765.0,3645.0,553,616,1169
SMP317,6,369,285,654,3276.0,3222.0,6498.0,985,791,1776
SMP320,6,433,388,821,3180.0,3532.0,6712.0,1177,1059,2236
CRE045,6,394,246,640,3582.0,3296.0,6878.0,1221,754,1975
PLP153,6,241,443,684,1590.0,3455.0,5045.0,626,1120,1746
aMe4,6,90,25,115,2130.0,30.0,2160.0,499,30,529
SLP351,6,154,132,286,1022.0,1201.0,2223.0,505,500,1005
PLP182,6,250,437,687,1932.0,2303.0,4235.0,723,1124,1847
lLN2P_c,6,257,317,574,31627.0,16347.0,47974.0,3967,2438,6405
CRE028,6,392,350,742,4851.0,4641.0,9492.0,1449,1240,2689
PLP188,6,299,266,565,1897.0,1255.0,3152.0,845,601,1446
LHAV5a7_c,6,275,355,630,1385.0,2228.0,3613.0,690,903,1593
SLP191,6,495,336,831,4759.0,2420.0,7179.0,1770,1028,2798
CL283,6,310,293,603,1455.0,1970.0,3425.0,648,679,1327
SMP352,6,225,161,386,1181.0,1230.0,2411.0,602,420,1022
CRE054,6,293,367,660,4884.0,4771.0,9655.0,1063,1416,2479
CRE058,6,241,235,476,2078.0,2661.0,4739.0,742,857,1599
AOTU007,6,210,231,441,3035.0,2564.0,5599.0,1074,764,1838
CL024,6,414,260,674,2421.0,1867.0,4288.0,933,643,1576
PI1_c,6,29,18,47,327.0,33.0,360.0,127,25,152
PI2,6,28,3,31,82.0,6.0,88.0,47,5,52
lLN2S,6,261,332,593,33278.0,33036.0,66314.0,6522,5089,11611
LHPV2b3,6,224,269,493,1265.0,1194.0,2459.0,540,629,1169
CRE093,6,421,386,807,5329.0,2515.0,7844.0,1490,913,2403
CRE095,6,350,345,695,3254.0,3050.0,6304.0,1247,1077,2324
CRE083,6,530,533,1063,3360.0,4286.0,7646.0,1374,1565,2939
LHPV4a10_a,6,189,238,427,1274.0,1602.0,2876.0,525,790,1315
CL090_c,6,432,359,791,2702.0,2249.0,4951.0,1125,906,2031
OCG07,6,28,12,40,551.0,26.0,577.0,103,19,122
CL051,6,226,231,457,1196.0,1204.0,2400.0,603,618,1221
mAL1,6,238,291,529,1061.0,1121.0,2182.0,519,524,1043
mAL3A,6,73,136,209,298.0,1009.0,1307.0,157,333,490
LHPD3a1,6,255,311,566,2723.0,2113.0,4836.0,796,944,1740
CL353,6,266,305,571,2585.0,2119.0,4704.0,659,766,1425
ORN,6,53,92,145,544.0,757.0,1301.0,200,267,467
SLP288,6,302,309,611,1846.0,1802.0,3648.0,820,868,1688
aMe10,6,71,112,183,1002.0,1959.0,2961.0,262,522,784
SMP281,6,283,153,436,1199.0,1014.0,2213.0,627,391,1018
LHAV5a1,6,271,328,599,1068.0,1778.0,2846.0,560,826,1386
ER2_b,6,34,37,71,5786.0,7563.0,13349.0,923,998,1921
(aDT6e)(MBDLaxon2),6,60,125,185,310.0,1364.0,1674.0,166,488,654
SMP248,6,443,371,814,2345.0,2857.0,5202.0,992,882,1874
FB2D,6,323,211,534,16954.0,17774.0,34728.0,2669,2893,5562
FB2F_a,6,240,95,335,5497.0,11757.0,17254.0,1558,2594,4152
SMP403,6,283,288,571,4081.0,4436.0,8517.0,968,925,1893
LPTC contra2,6,112,258,370,3738.0,4278.0,8016.0,786,650,1436
lLN1_c,6,233,315,548,34894.0,30313.0,65207.0,2760,3122,5882
FB2F_b,6,228,101,329,4596.0,11152.0,15748.0,1652,2674,4326
SMP406,6,372,285,657,4656.0,3531.0,8187.0,1521,801,2322
(aDT6d)(MBDLaxon2),6,119,222,341,709.0,2276.0,2985.0,260,595,855
CL121,6,111,164,275,312.0,908.0,1220.0,181,345,526
LHAV3a2,6,270,241,511,1298.0,1197.0,2495.0,638,611,1249
FB2K,6,285,86,371,4981.0,3858.0,8839.0,1815,1324,3139
(LWF4),6,678,581,1259,3844.0,3617.0,7461.0,1294,1353,2647
FB2M,6,257,94,351,4996.0,10971.0,15967.0,1530,2301,3831
SLP176,6,450,335,785,4124.0,2255.0,6379.0,1528,1019,2547
Li15,6,40,36,76,321.0,590.0,911.0,147,261,408
FB4D,6,314,224,538,8119.0,8637.0,16756.0,2038,2317,4355
LHAV2f1_a,6,299,325,624,1074.0,1285.0,2359.0,647,735,1382
PS079,6,63,27,90,357.0,323.0,680.0,173,89,262
FB2C,6,423,124,547,7152.0,7446.0,14598.0,2455,2395,4850
PS077,6,118,182,300,1241.0,1988.0,3229.0,327,448,775
CL235,6,479,414,893,3744.0,2449.0,6193.0,1594,1209,2803
CL122,6,77,161,238,229.0,716.0,945.0,152,371,523
ER2_d,6,37,39,76,6398.0,8624.0,15022.0,976,1079,2055
SLP405_b,6,305,263,568,1565.0,1529.0,3094.0,760,732,1492
WED101,6,71,140,211,372.0,1088.0,1460.0,151,342,493
LHAV4e2_b,6,160,231,391,982.0,1050.0,2032.0,370,547,917
LNd,6,514,501,1015,4909.0,7190.0,12099.0,1306,1743,3049
SLP187,6,285,263,548,1636.0,1771.0,3407.0,708,795,1503
SLP324,6,177,206,383,1165.0,1394.0,2559.0,439,561,1000
PS002,6,585,447,1032,7872.0,5535.0,13407.0,2192,1247,3439
SMP363,6,450,459,909,2312.0,1924.0,4236.0,1020,970,1990
ER3a_d,6,38,30,68,3300.0,4743.0,8043.0,530,510,1040
WED093,6,201,358,559,1262.0,3082.0,4344.0,454,1039,1493
ER3p_b,6,29,28,57,4181.0,5027.0,9208.0,439,784,1223
AVLP149,6,193,270,463,591.0,791.0,1382.0,383,503,886
LHAV4a4,6,182,278,460,1512.0,1690.0,3202.0,441,753,1194
LHAV3n1,6,319,335,654,1546.0,1892.0,3438.0,705,781,1486
AVLP383,5,91,139,230,2552.0,3886.0,6438.0,341,562,903
SLP018,5,404,350,754,2429.0,1764.0,4193.0,1101,899,2000
SLP021,5,484,366,850,3234.0,1555.0,4789.0,1299,710,2009
SLP045,5,275,262,537,1050.0,914.0,1964.0,641,554,1195
CRE003_a,5,350,328,678,2646.0,2664.0,5310.0,1073,991,2064
SMP432_a,5,310,257,567,2318.0,1698.0,4016.0,1018,677,1695
AVLP382,5,166,238,404,2429.0,2850.0,5279.0,554,609,1163
AVLP360,5,120,205,325,1963.0,2746.0,4709.0,394,562,956
CL182,5,440,328,768,2479.0,1448.0,3927.0,1087,780,1867
SMP107,5,245,155,400,1433.0,425.0,1858.0,719,301,1020
SMP105_b,5,290,173,463,1623.0,382.0,2005.0,820,266,1086
CL128,5,299,354,653,2565.0,3153.0,5718.0,1017,1008,2025
CL123,5,458,414,872,2540.0,2152.0,4692.0,1162,890,2052
SMP035,5,372,379,751,2134.0,2097.0,4231.0,927,925,1852
CL313,5,220,205,425,1246.0,1071.0,2317.0,574,464,1038
SMP025,5,357,248,605,1932.0,1093.0,3025.0,836,530,1366
SMP245,5,620,632,1252,4550.0,4480.0,9030.0,1539,1408,2947
CL355,5,150,201,351,595.0,818.0,1413.0,295,394,689
AVLP361,5,136,170,306,1877.0,1456.0,3333.0,411,445,856
SMP024,5,320,253,573,1681.0,2153.0,3834.0,715,583,1298
SMP219,5,248,227,475,2737.0,2385.0,5122.0,835,839,1674
CL099,5,542,387,929,3922.0,2117.0,6039.0,1525,796,2321
SMP220,5,194,145,339,1715.0,1381.0,3096.0,663,538,1201
CL350,5,193,125,318,697.0,596.0,1293.0,295,271,566
SIP043,5,167,259,426,963.0,1881.0,2844.0,391,664,1055
IB088,5,158,178,336,615.0,1665.0,2280.0,333,537,870
SLP418,5,118,81,199,1141.0,1179.0,2320.0,406,351,757
CRE103,5,269,362,631,3165.0,4510.0,7675.0,855,1298,2153
SLP408,5,310,320,630,1092.0,940.0,2032.0,572,550,1122
FB8A,5,152,71,223,2340.0,4140.0,6480.0,899,1210,2109
SLP220,5,626,580,1206,3697.0,2556.0,6253.0,1470,1198,2668
AVLP587,5,215,205,420,1034.0,1488.0,2522.0,408,466,874
SMP331,5,284,258,542,2397.0,2022.0,4419.0,767,660,1427
SLP212,5,410,366,776,4758.0,4000.0,8758.0,1222,1140,2362
D_adPN,5,144,297,441,8637.0,9235.0,17872.0,755,1227,1982
SMP484,5,237,99,336,1203.0,801.0,2004.0,548,302,850
SMP483,5,207,175,382,1135.0,1025.0,2160.0,563,415,978
FB8E,5,148,118,266,2331.0,4922.0,7253.0,826,1041,1867
SMP481,5,216,56,272,993.0,118.0,1111.0,535,79,614
AVLP454_b,5,332,418,750,2553.0,2776.0,5329.0,857,952,1809
SMP520,5,153,223,376,1462.0,3053.0,4515.0,447,762,1209
FB7I,5,247,173,420,6730.0,7761.0,14491.0,1531,1779,3310
AVLP472,5,242,356,598,1099.0,2000.0,3099.0,513,808,1321
FB6C_b,5,193,213,406,4022.0,12280.0,16302.0,1019,2141,3160
SMP404,5,427,332,759,4703.0,2875.0,7578.0,1102,798,1900
SLP179_a,5,229,212,441,1745.0,1056.0,2801.0,694,550,1244
FB2J,5,161,87,248,3215.0,7495.0,10710.0,1008,1817,2825
SMP408_d,5,344,313,657,3981.0,2978.0,6959.0,1286,855,2141
SLP144,5,312,205,517,2244.0,1436.0,3680.0,836,657,1493
AVLP496,5,586,559,1145,3057.0,2906.0,5963.0,1348,1160,2508
SMP326,5,342,288,630,1446.0,1469.0,2915.0,601,558,1159
SLP229,5,338,298,636,2067.0,1507.0,3574.0,766,566,1332
SLP263,5,397,194,591,3637.0,2195.0,5832.0,1132,584,1716
SLP268,5,210,186,396,1212.0,1438.0,2650.0,555,537,1092
SLP405_a,5,281,178,459,1157.0,863.0,2020.0,644,404,1048
HBeyelet,5,8,21,29,91.0,1060.0,1151.0,35,113,148
SMP261,5,176,105,281,2188.0,918.0,3106.0,708,355,1063
CRE036,5,293,306,599,1855.0,1802.0,3657.0,775,818,1593
CL049,5,209,166,375,927.0,678.0,1605.0,494,358,852
SAD092,5,59,37,96,511.0,56.0,567.0,160,42,202
CRE099,5,271,157,428,1553.0,757.0,2310.0,736,414,1150
SLP318,5,140,173,313,1105.0,643.0,1748.0,370,353,723
SMP427,5,332,466,798,1757.0,2591.0,4348.0,725,1070,1795
DA2_lPN,5,138,311,449,2117.0,6123.0,8240.0,679,1382,2061
DC2_adPN,5,171,321,492,7909.0,9077.0,16986.0,727,1077,1804
SLP300,5,178,148,326,1394.0,802.0,2196.0,538,436,974
DL2d_adPN,5,162,256,418,7750.0,10325.0,18075.0,1009,1244,2253
CL016,5,233,251,484,1757.0,1666.0,3423.0,529,617,1146
SLP295,5,192,180,372,1142.0,1000.0,2142.0,462,408,870
DN1pA,5,146,105,251,1620.0,1470.0,3090.0,513,471,984
DN?,5,521,402,923,9151.0,4403.0,13554.0,974,593,1567
DNES1,5,38,1,39,464.0,1.0,465.0,83,1,84
SLP285,5,351,294,645,1913.0,1187.0,3100.0,747,559,1306
SMP591,5,244,234,478,1236.0,956.0,2192.0,673,568,1241
AVLP279,5,281,243,524,1693.0,1033.0,2726.0,774,454,1228
LHAD1c2,5,301,396,697,1146.0,2060.0,3206.0,595,812,1407
M_vPNml74,5,111,211,322,853.0,1059.0,1912.0,355,502,857
AVLP225_b,5,255,387,642,1236.0,2541.0,3777.0,595,864,1459
AOTU056,5,177,187,364,1710.0,1452.0,3162.0,713,584,1297
AVLP183,5,296,266,562,2153.0,1471.0,3624.0,735,558,1293
VM7d_adPN,5,161,323,484,4516.0,7476.0,11992.0,619,1034,1653
AOTU050,5,142,96,238,1996.0,3359.0,5355.0,766,748,1514
PLP040,5,168,170,338,1047.0,828.0,1875.0,446,378,824
WED035,5,156,168,324,920.0,1666.0,2586.0,396,451,847
PS145,5,148,176,324,700.0,797.0,1497.0,331,353,684
WED038,5,141,164,305,1074.0,1237.0,2311.0,406,413,819
LHPV5h2,5,314,357,671,1376.0,1415.0,2791.0,693,738,1431
AVLP248,5,120,129,249,514.0,599.0,1113.0,286,307,593
AVLP269,5,310,246,556,1826.0,1374.0,3200.0,751,542,1293
mAL3B,5,130,197,327,1180.0,1269.0,2449.0,331,556,887
PVLP059,5,152,212,364,1371.0,1039.0,2410.0,526,451,977
PS122,5,202,281,483,876.0,2144.0,3020.0,436,756,1192
PS118,5,166,162,328,967.0,1364.0,2331.0,381,381,762
WED042,5,121,151,272,1046.0,1198.0,2244.0,453,403,856
WED164,5,114,178,292,711.0,962.0,1673.0,277,377,654
AOTU016,5,211,172,383,5866.0,4450.0,10316.0,1165,476,1641
PVLP111,5,251,346,597,4050.0,2179.0,6229.0,1037,932,1969
WED163,5,91,164,255,476.0,725.0,1201.0,198,300,498
LHPV6f4_b,5,214,186,400,1059.0,853.0,1912.0,521,404,925
VES020,5,191,162,353,1382.0,874.0,2256.0,432,315,747
s-LNv,5,124,212,336,1310.0,3238.0,4548.0,245,548,793
AVLP166,5,597,375,972,7699.0,3851.0,11550.0,1858,928,2786
LHAV3c1,5,311,391,702,2082.0,1385.0,3467.0,813,786,1599
PVLP133_c,5,155,219,374,941.0,872.0,1813.0,370,417,787
LHPV2b2_a,5,145,174,319,579.0,544.0,1123.0,283,358,641
WEDPN13,5,101,178,279,365.0,1067.0,1432.0,211,442,653
WED033_a,5,58,58,116,173.0,826.0,999.0,101,192,293
PS290,5,25,76,101,65.0,657.0,722.0,40,173,213
LHPV4b4,5,267,416,683,1364.0,1646.0,3010.0,554,958,1512
AVLP010,5,131,170,301,408.0,685.0,1093.0,233,370,603
LHPV4c1_b,5,218,287,505,1961.0,2293.0,4254.0,540,756,1296
aIPg2,5,364,370,734,2999.0,6466.0,9465.0,995,1116,2111
LHAD3b1_e,5,225,306,531,721.0,1119.0,1840.0,425,582,1007
PS273,5,146,193,339,782.0,2157.0,2939.0,352,525,877
AVLP008,5,160,173,333,688.0,914.0,1602.0,377,415,792
PS218,5,123,129,252,637.0,1360.0,1997.0,252,280,532
LHPV4a7_c,5,180,305,485,1174.0,1635.0,2809.0,418,817,1235
PS288,5,41,119,160,145.0,995.0,1140.0,81,261,342
AVLP004,5,271,372,643,1746.0,2016.0,3762.0,609,846,1455
WEDPN8A,5,129,211,340,585.0,753.0,1338.0,273,409,682
PVLP008_c,5,232,362,594,2242.0,1677.0,3919.0,1072,890,1962
LHAD1b5,5,452,381,833,2759.0,3695.0,6454.0,1099,995,2094
aSP-f3,5,294,273,567,1561.0,1118.0,2679.0,659,618,1277
aSP-g1,5,143,163,306,721.0,642.0,1363.0,342,349,691
PS209,5,59,52,111,562.0,166.0,728.0,166,89,255
aSP10C_a,5,179,266,445,1097.0,1834.0,2931.0,457,736,1193
LHAV2b4,5,231,254,485,1671.0,1522.0,3193.0,654,603,1257
AVLP115,5,304,305,609,1441.0,1637.0,3078.0,636,615,1251
WEDPN17_a,5,200,300,500,1140.0,2197.0,3337.0,440,847,1287
LHPV2c5,5,246,293,539,1268.0,1208.0,2476.0,508,556,1064
LHPV5a3,5,183,149,332,740.0,1487.0,2227.0,387,400,787
LHPV5b3,5,209,318,527,742.0,1634.0,2376.0,414,653,1067
LHPV5b6,5,261,143,404,871.0,472.0,1343.0,474,234,708
PVLP034,5,223,320,543,2674.0,2760.0,5434.0,636,871,1507
LAL133,5,182,221,403,1335.0,1345.0,2680.0,423,401,824
PS105,5,185,314,499,1946.0,3742.0,5688.0,476,883,1359
WED026,5,127,172,299,1019.0,1475.0,2494.0,302,411,713
LAL062,5,171,190,361,1837.0,1951.0,3788.0,507,506,1013
PLP115_a,5,139,215,354,844.0,1200.0,2044.0,405,511,916
WED057,5,159,109,268,1461.0,920.0,2381.0,446,245,691
LHAV7b1,5,358,302,660,3204.0,1967.0,5171.0,965,788,1753
SAD090,5,61,70,131,634.0,224.0,858.0,180,140,320
SAD004,5,58,66,124,407.0,1655.0,2062.0,148,277,425
WED139,5,113,83,196,1272.0,362.0,1634.0,374,149,523
LHAV6b3,5,394,325,719,1943.0,1229.0,3172.0,923,619,1542
LHAV4a3_a,5,264,338,602,2253.0,1644.0,3897.0,613,763,1376
LAL060,5,241,347,588,2368.0,2549.0,4917.0,666,823,1489
LAL067,5,159,121,280,1601.0,1857.0,3458.0,440,328,768
SAD001,5,45,64,109,739.0,1008.0,1747.0,199,183,382
LAL110,5,283,326,609,2277.0,2852.0,5129.0,691,869,1560
AVLP145,5,165,167,332,654.0,771.0,1425.0,339,350,689
LAL069,5,135,161,296,1704.0,1879.0,3583.0,462,437,899
TuBu01,5,31,18,49,2236.0,1237.0,3473.0,372,88,460
TuBu04,5,38,13,51,1198.0,922.0,2120.0,341,75,416
LAL095,5,100,28,128,902.0,109.0,1011.0,314,65,379
TuBu05,5,28,11,39,1860.0,499.0,2359.0,295,30,325
LAL094,5,132,22,154,866.0,129.0,995.0,324,53,377
AVLP311_b,5,197,313,510,2507.0,2840.0,5347.0,579,829,1408
LAL048,5,146,114,260,2996.0,989.0,3985.0,460,299,759
LHAV4d1,5,178,159,337,1441.0,783.0,2224.0,495,363,858
AVLP297,5,439,433,872,3617.0,4657.0,8274.0,1253,1182,2435
M_lPNm11D,5,190,251,441,5273.0,5916.0,11189.0,850,989,1839
PS072,5,67,92,159,721.0,1712.0,2433.0,194,254,448
PLP089,5,230,326,556,1179.0,1484.0,2663.0,539,772,1311
LAL043,5,385,221,606,4376.0,2347.0,6723.0,1086,542,1628
WED117,5,188,211,399,1802.0,1336.0,3138.0,546,453,999
AVLP122,5,373,437,810,2484.0,2649.0,5133.0,1020,995,2015
PLP227,5,240,22,262,1426.0,36.0,1462.0,659,25,684
WED154,5,147,139,286,1120.0,1267.0,2387.0,384,398,782
(AVM06),5,110,221,331,331.0,1122.0,1453.0,183,442,625
AVLP126,5,273,254,527,1852.0,1580.0,3432.0,726,589,1315
LHPD2a1,5,348,381,729,3199.0,3372.0,6571.0,936,1086,2022
AVLP117,5,308,353,661,2288.0,2273.0,4561.0,979,805,1784
DPM,4,141,261,402,77367.0,55439.0,132806.0,3295,3414,6709
SLP323,4,175,206,381,1308.0,1321.0,2629.0,449,501,950
LHAV6c1,4,230,341,571,1355.0,1069.0,2424.0,469,603,1072
CRE059,4,323,285,608,3315.0,6762.0,10077.0,871,1277,2148
CRE066,4,326,385,711,1926.0,4414.0,6340.0,683,1313,1996
PLP172,4,165,93,258,4509.0,2954.0,7463.0,758,451,1209
SLP203,4,251,172,423,1427.0,546.0,1973.0,649,321,970
SLP198,4,330,256,586,2375.0,1227.0,3602.0,848,576,1424
SLP332,4,308,274,582,1012.0,1111.0,2123.0,539,524,1063
LHPV2f2,4,118,130,248,1403.0,876.0,2279.0,276,298,574
SLP217,4,393,255,648,1930.0,568.0,2498.0,866,370,1236
CRE085,4,273,322,595,1755.0,2779.0,4534.0,634,919,1553
CRE078,4,574,431,1005,6261.0,4718.0,10979.0,1694,1238,2932
LHAV6a3_a,4,304,299,603,1738.0,1031.0,2769.0,704,515,1219
SLP326,4,194,177,371,776.0,518.0,1294.0,403,298,701
LHAV6a3_b,4,239,271,510,1380.0,1443.0,2823.0,527,585,1112
PLP158,4,87,194,281,1213.0,535.0,1748.0,477,317,794
LHAV6a7,4,261,290,551,1257.0,1296.0,2553.0,505,603,1108
LHPV4a1,4,207,290,497,1659.0,1846.0,3505.0,456,702,1158
SLP223,4,336,429,765,1796.0,1892.0,3688.0,706,840,1546
LHPD2a6,4,366,263,629,2279.0,1081.0,3360.0,841,489,1330
LHAV7a4,4,240,264,504,949.0,838.0,1787.0,453,514,967
PLP061,4,118,151,269,710.0,984.0,1694.0,379,346,725
SLP301,4,115,122,237,671.0,692.0,1363.0,268,295,563
LHPD3a4_c,4,93,185,278,379.0,833.0,1212.0,166,412,578
LHPV4b3,4,213,279,492,1321.0,984.0,2305.0,444,528,972
SLP296,4,181,218,399,957.0,756.0,1713.0,402,411,813
SLP275,4,228,272,500,824.0,1367.0,2191.0,447,586,1033
SLP284,4,319,187,506,1489.0,763.0,2252.0,583,335,918
LHPD2a2,4,501,433,934,4070.0,3800.0,7870.0,1175,1044,2219
DL1_adPN,4,173,272,445,8392.0,11159.0,19551.0,758,1075,1833
SLP286,4,235,150,385,1701.0,1261.0,2962.0,545,333,878
LHPD3a4_b,4,139,213,352,927.0,1413.0,2340.0,272,536,808
PLP086,4,228,329,557,1127.0,1643.0,2770.0,584,701,1285
LHPD2c3,4,236,171,407,1144.0,1844.0,2988.0,511,467,978
LHPD2c2,4,361,393,754,1540.0,2562.0,4102.0,643,750,1393
DM2_lPN,4,177,335,512,10214.0,12004.0,22218.0,834,1386,2220
SLP289,4,303,261,564,1705.0,947.0,2652.0,657,513,1170
DA3_adPN,4,149,258,407,1826.0,2323.0,4149.0,412,591,1003
LHPD4a1,4,184,242,426,1143.0,1054.0,2197.0,379,502,881
SLP241,4,341,307,648,1531.0,1231.0,2762.0,712,617,1329
SLP309,4,253,287,540,1363.0,1761.0,3124.0,512,694,1206
CRE094,4,365,299,664,2207.0,1279.0,3486.0,895,639,1534
PLP025,4,122,156,278,1383.0,1709.0,3092.0,432,559,991
DNd01,4,111,23,134,2496.0,84.0,2580.0,555,50,605
CRE097,4,378,278,656,2200.0,971.0,3171.0,924,510,1434
LHPD2a7,4,443,230,673,2140.0,2004.0,4144.0,836,460,1296
PLP037,4,193,220,413,2407.0,1579.0,3986.0,857,571,1428
SLP254,4,278,292,570,1273.0,1084.0,2357.0,520,524,1044
PLP048,4,156,214,370,702.0,602.0,1304.0,354,384,738
PLP152,4,151,314,465,877.0,2231.0,3108.0,373,709,1082
SLP317,4,162,165,327,1081.0,748.0,1829.0,395,349,744
PLP150,4,211,231,442,1339.0,1571.0,2910.0,533,546,1079
CRE106,4,307,337,644,1637.0,4998.0,6635.0,593,1018,1611
LHPD4b1,4,169,178,347,544.0,465.0,1009.0,288,313,601
SLP314,4,237,339,576,1726.0,1495.0,3221.0,477,629,1106
LHPD1a1,4,207,205,412,785.0,996.0,1781.0,390,458,848
CRE098,4,327,304,631,2703.0,1388.0,4091.0,846,602,1448
LAL032,4,322,381,703,3221.0,2408.0,5629.0,985,841,1826
CRE056,4,214,292,506,1644.0,2821.0,4465.0,599,853,1452
SMP083,4,413,270,683,6835.0,6614.0,13449.0,1377,1112,2489
SMP095,4,167,102,269,1442.0,1316.0,2758.0,447,316,763
SMP093,4,280,226,506,2480.0,2228.0,4708.0,761,650,1411
SMP092,4,396,193,589,7307.0,820.0,8127.0,1258,419,1677
SMP090,4,280,182,462,5239.0,2599.0,7838.0,963,560,1523
SMP089,4,633,847,1480,5550.0,7789.0,13339.0,1831,2308,4139
SMP088,4,363,243,606,2776.0,2309.0,5085.0,1129,597,1726
SMP087,4,482,227,709,6775.0,3690.0,10465.0,1704,788,2492
SMP086,4,530,371,901,8501.0,4015.0,12516.0,1762,947,2709
SMP085,4,458,420,878,8157.0,8037.0,16194.0,1687,1502,3189
SMP084,4,518,548,1066,9705.0,6554.0,16259.0,2113,1994,4107
SMP082,4,687,588,1275,12263.0,13766.0,26029.0,2852,2889,5741
SLP352,4,148,137,285,735.0,657.0,1392.0,349,351,700
LNO1,4,180,39,219,5665.0,8170.0,13835.0,501,272,773
LN(AL)?,4,190,180,370,3397.0,5498.0,8895.0,965,525,1490
LHPV6h1_a,4,316,330,646,2328.0,1673.0,4001.0,670,738,1408
SMP081,4,945,781,1726,23985.0,12004.0,35989.0,3724,2702,6426
SMP069,4,515,430,945,5841.0,2896.0,8737.0,1538,867,2405
CL274,4,213,192,405,1471.0,934.0,2405.0,507,348,855
SMP068,4,445,171,616,3859.0,917.0,4776.0,1199,273,1472
SMP067,4,327,240,567,2374.0,2038.0,4412.0,752,524,1276
SMP066,4,488,304,792,4697.0,3165.0,7862.0,1343,706,2049
SMP065,4,439,208,647,5935.0,1360.0,7295.0,1276,381,1657
SMP099,4,156,131,287,1361.0,514.0,1875.0,535,278,813
SMP101,4,179,175,354,1258.0,647.0,1905.0,506,359,865
LO intrinsic,4,127,140,267,4244.0,3414.0,7658.0,788,1183,1971
SMP103,4,148,124,272,733.0,1089.0,1822.0,417,444,861
Li14,4,67,87,154,345.0,531.0,876.0,190,282,472
CL184,4,435,374,809,3749.0,2238.0,5987.0,1214,808,2022
SMP136,4,292,215,507,2509.0,1161.0,3670.0,909,481,1390
SMP134,4,354,230,584,3736.0,1551.0,5287.0,1042,552,1594
SMP132,4,342,279,621,3988.0,2876.0,6864.0,1154,953,2107
CL191,4,432,316,748,3944.0,1701.0,5645.0,1109,634,1743
CL198_a,4,379,252,631,2080.0,955.0,3035.0,815,470,1285
CL198_b,4,305,185,490,1701.0,1122.0,2823.0,617,375,992
LT70,4,113,102,215,773.0,724.0,1497.0,419,436,855
SMP124,4,360,256,616,2816.0,2430.0,5246.0,914,580,1494
SMP123,4,390,334,724,3876.0,4022.0,7898.0,1159,906,2065
SMP120,4,312,178,490,4166.0,1933.0,6099.0,952,412,1364
CL215,4,188,123,311,911.0,1059.0,1970.0,417,250,667
MBON07,4,96,203,299,29592.0,2990.0,32582.0,2032,557,2589
CL222,4,228,271,499,1347.0,1066.0,2413.0,609,502,1111
MBON14,4,99,199,298,24970.0,4434.0,29404.0,1966,845,2811
LT1,4,130,302,432,1696.0,10785.0,12481.0,505,955,1460
MDN,4,189,26,215,3158.0,29.0,3187.0,619,28,647
LPTC piece,4,5,2,7,21.0,2.0,23.0,9,2,11
LPN,4,361,444,805,3035.0,4989.0,8024.0,809,1025,1834
SMP105_a,4,167,134,301,979.0,731.0,1710.0,526,336,862
SMP057,4,575,286,861,6556.0,3136.0,9692.0,1675,685,2360
SMP055,4,496,362,858,4895.0,3242.0,8137.0,1451,846,2297
SMP052,4,537,371,908,10237.0,3058.0,13295.0,1765,859,2624
SLP424,4,469,315,784,2857.0,998.0,3855.0,1164,592,1756
SLP423,4,432,294,726,3381.0,1927.0,5308.0,1221,748,1969
SLP421,4,399,303,702,3227.0,1327.0,4554.0,1007,571,1578
LHPV5c1_d,4,261,283,544,778.0,1084.0,1862.0,449,477,926
SLP415,4,144,94,238,1434.0,552.0,1986.0,483,217,700
LHPV5c1_a,4,293,262,555,1299.0,1740.0,3039.0,626,564,1190
SLP409,4,189,87,276,670.0,156.0,826.0,370,105,475
SLP407,4,316,301,617,1097.0,909.0,2006.0,630,513,1143
LHPV5a2,4,280,298,578,1315.0,1418.0,2733.0,652,562,1214
LHPV5a1_a,4,229,230,459,1817.0,1935.0,3752.0,629,533,1162
SLP402,4,307,274,581,1584.0,1580.0,3164.0,623,540,1163
CRE027,4,402,260,662,6072.0,3610.0,9682.0,1727,885,2612
CRE029_a,4,303,294,597,4025.0,3534.0,7559.0,1011,1079,2090
CRE029_b,4,249,351,600,2368.0,3064.0,5432.0,833,1156,1989
CRE031,4,221,217,438,2815.0,2710.0,5525.0,794,782,1576
CRE037,4,307,335,642,1262.0,2100.0,3362.0,592,851,1443
SLP371,4,312,411,723,2468.0,3085.0,5553.0,743,868,1611
CRE043_c,4,370,251,621,3981.0,2625.0,6606.0,1147,649,1796
P6-8P9,4,18,24,42,2064.0,1307.0,3371.0,275,216,491
LHPV4c1_c,4,168,278,446,1648.0,1676.0,3324.0,434,617,1051
CRE051,4,393,307,700,4577.0,2339.0,6916.0,1216,848,2064
CRE052,4,333,322,655,3823.0,2785.0,6608.0,1026,890,1916
CRE005,4,486,502,988,4653.0,9497.0,14150.0,1407,1965,3372
CRE003_b,4,243,304,547,1554.0,1868.0,3422.0,619,784,1403
CL299_a,4,202,206,408,809.0,1135.0,1944.0,433,459,892
SLP427,4,392,198,590,2397.0,559.0,2956.0,905,329,1234
M_vPNml84,4,119,169,288,550.0,878.0,1428.0,275,366,641
OA-ASM1,4,638,212,850,3474.0,1866.0,5340.0,1463,1313,2776
SMP019,4,322,277,599,1841.0,1687.0,3528.0,778,640,1418
SMP018_c,4,454,305,759,3037.0,1562.0,4599.0,1151,643,1794
SMP018_b,4,309,272,581,1957.0,1226.0,3183.0,734,573,1307
SMP016_b,4,232,182,414,1797.0,1068.0,2865.0,629,375,1004
LHPV6a3_b,4,168,216,384,656.0,1293.0,1949.0,322,494,816
OCG04,4,35,120,155,149.0,1383.0,1532.0,65,303,368
CL328,4,198,111,309,643.0,1253.0,1896.0,304,241,545
SMP016_a,4,262,248,510,1389.0,1258.0,2647.0,564,498,1062
SMP008,4,316,329,645,1941.0,2485.0,4426.0,782,883,1665
SMP007,4,356,318,674,2300.0,2379.0,4679.0,938,923,1861
CL340,4,197,299,496,1252.0,3360.0,4612.0,458,740,1198
CL346,4,294,278,572,1557.0,815.0,2372.0,592,456,1048
OCG09,4,5,2,7,24.0,2.0,26.0,10,2,12
CL354,4,185,205,390,1346.0,1107.0,2453.0,426,458,884
LHPV5g2,4,155,166,321,474.0,726.0,1200.0,271,275,546
LHPV5d1_a,4,222,248,470,1224.0,1340.0,2564.0,544,585,1129
SLP432_b,4,308,227,535,1700.0,835.0,2535.0,713,418,1131
SLP432_a,4,279,115,394,1289.0,340.0,1629.0,593,200,793
SLP428,4,343,198,541,2007.0,456.0,2463.0,822,319,1141
LHAV5a6_b,4,165,187,352,604.0,583.0,1187.0,332,345,677
PS038,4,165,157,322,888.0,692.0,1580.0,428,309,737
LHAV5a5,4,243,297,540,547.0,1235.0,1782.0,364,589,953
PVLP058,4,174,278,452,1751.0,1593.0,3344.0,617,648,1265
PVLP080,4,293,403,696,3573.0,4715.0,8288.0,855,1293,2148
LAL175,4,335,353,688,3390.0,3459.0,6849.0,970,791,1761
PVLP087,4,139,245,384,1468.0,2163.0,3631.0,641,594,1235
PVLP097_b,4,170,239,409,13370.0,4990.0,18360.0,1362,1470,2832
PVLP098,4,224,420,644,6967.0,5390.0,12357.0,946,1684,2630
CL171,4,141,133,274,620.0,515.0,1135.0,329,258,587
PVLP099,4,265,358,623,7332.0,2916.0,10248.0,1214,996,2210
PVLP101,4,236,388,624,2808.0,3362.0,6170.0,937,1290,2227
SLP102,4,311,184,495,1278.0,652.0,1930.0,643,341,984
SLP094,4,154,114,268,1020.0,696.0,1716.0,464,287,751
SLP093,4,267,208,475,1353.0,906.0,2259.0,581,494,1075
GLNO,4,85,16,101,4510.0,8298.0,12808.0,338,140,478
PVLP112,4,190,222,412,3335.0,1548.0,4883.0,792,533,1325
LAL155,4,419,356,775,6793.0,5751.0,12544.0,1196,959,2155
PVLP123,4,327,278,605,2382.0,1965.0,4347.0,846,559,1405
LAL150,4,178,163,341,1810.0,2379.0,4189.0,435,383,818
LAL147,4,401,321,722,5424.0,4939.0,10363.0,960,783,1743
PVLP133_a,4,157,228,385,1857.0,1159.0,3016.0,704,470,1174
SLP086,4,219,297,516,798.0,1374.0,2172.0,409,547,956
IB002,4,159,126,285,652.0,662.0,1314.0,345,305,650
SLP049,4,275,333,608,1479.0,2853.0,4332.0,569,779,1348
PVLP072,4,216,357,573,6595.0,3837.0,10432.0,1397,976,2373
LC33b,4,186,214,400,2508.0,5256.0,7764.0,676,660,1336
IB022,4,283,335,618,1896.0,1796.0,3692.0,577,631,1208
LC34,4,135,228,363,1059.0,1679.0,2738.0,431,596,1027
FB7L,4,207,90,297,5405.0,7610.0,13015.0,1087,1429,2516
PVLP033,4,101,82,183,607.0,237.0,844.0,242,147,389
FB8B,4,175,96,271,3522.0,4586.0,8108.0,812,945,1757
FB8C,4,166,139,305,4345.0,3935.0,8280.0,892,870,1762
PVLP035,4,179,143,322,2120.0,1624.0,3744.0,563,410,973
LHAD1b2_c,4,421,328,749,2291.0,1744.0,4035.0,978,754,1732
PVLP038,4,91,123,214,743.0,986.0,1729.0,278,373,651
PVLP041,4,109,99,208,2058.0,1895.0,3953.0,711,575,1286
LC46b,4,131,219,350,552.0,741.0,1293.0,269,421,690
PVLP047,4,174,204,378,1130.0,1018.0,2148.0,376,462,838
FB8I,4,221,168,389,2772.0,2674.0,5446.0,882,792,1674
FB9B_a,4,55,36,91,432.0,1101.0,1533.0,150,308,458
FB9B_c,4,70,23,93,368.0,506.0,874.0,190,134,324
FB9B_d,4,59,39,98,551.0,1345.0,1896.0,217,371,588
FB9B_e,4,60,38,98,290.0,562.0,852.0,143,194,337
FB9C_a,4,107,53,160,1261.0,1359.0,2620.0,492,404,896
FB9C_b,4,109,80,189,777.0,875.0,1652.0,391,346,737
PVLP048,4,151,120,271,762.0,354.0,1116.0,315,217,532
LC37b,4,161,355,516,839.0,2126.0,2965.0,343,790,1133
LC37a,4,139,212,351,554.0,1238.0,1792.0,298,400,698
LC35,4,116,160,276,645.0,859.0,1504.0,246,330,576
PVLP151,4,435,275,710,8666.0,5072.0,13738.0,2165,801,2966
IB032,4,276,182,458,2096.0,1514.0,3610.0,682,361,1043
FB7K,4,144,90,234,2664.0,4698.0,7362.0,662,835,1497
IB115,4,254,326,580,1303.0,4780.0,6083.0,503,907,1410
SIP038,4,266,232,498,2521.0,2478.0,4999.0,736,592,1328
LAL091,4,106,49,155,1083.0,258.0,1341.0,350,114,464
SAD045,4,266,257,523,1438.0,1085.0,2523.0,528,464,992
LAL078,4,312,338,650,2417.0,2441.0,4858.0,905,836,1741
SAD047,4,85,87,172,187.0,305.0,492.0,120,133,253
SAD051_b,4,60,148,208,1117.0,3957.0,5074.0,225,502,727
SIP027,4,228,232,460,1586.0,1127.0,2713.0,555,505,1060
SAD077,4,39,74,113,445.0,1735.0,2180.0,98,270,368
SIP016,4,286,322,608,2634.0,3057.0,5691.0,781,857,1638
SIP015,4,289,356,645,3070.0,2402.0,5472.0,777,820,1597
SIP013,4,163,213,376,1213.0,1039.0,2252.0,424,474,898
SIP011,4,196,194,390,1657.0,1684.0,3341.0,613,550,1163
SIP010,4,248,239,487,2076.0,1625.0,3701.0,731,556,1287
SIP003_b,4,167,207,374,1330.0,1123.0,2453.0,447,503,950
SIP003_a,4,188,173,361,1701.0,944.0,2645.0,561,442,1003
SAD079,4,34,70,104,181.0,969.0,1150.0,77,222,299
SIFa,4,497,894,1391,2575.0,4252.0,6827.0,1374,2319,3693
SCL-AVLP,4,595,808,1403,1839.0,3088.0,4927.0,1008,1700,2708
LAL029,4,183,185,368,921.0,1750.0,2671.0,465,419,884
SAD087,4,83,126,209,945.0,1134.0,2079.0,206,292,498
LAL030_a,4,337,320,657,3399.0,2636.0,6035.0,857,667,1524
SAD026,4,91,151,242,2445.0,2277.0,4722.0,308,544,852
SIP047,4,308,251,559,1045.0,1304.0,2349.0,573,457,1030
SLP036,4,261,268,529,2144.0,2555.0,4699.0,691,782,1473
IB102,4,115,176,291,728.0,1321.0,2049.0,229,349,578
IB038,4,388,374,762,6375.0,3842.0,10217.0,1442,1186,2628
SLP028,4,266,192,458,988.0,835.0,1823.0,530,369,899
IB045,4,119,189,308,601.0,2698.0,3299.0,255,566,821
SLP024_b,4,206,190,396,1137.0,1018.0,2155.0,526,444,970
SA1_a,4,124,42,166,1858.0,1697.0,3555.0,584,378,962
SA1_b,4,105,56,161,1446.0,1688.0,3134.0,508,400,908
SA2_a,4,31,34,65,1226.0,1631.0,2857.0,304,385,689
IB054,4,224,243,467,1127.0,1504.0,2631.0,487,539,1026
IB055,4,204,250,454,877.0,1507.0,2384.0,445,544,989
SLP012,4,453,333,786,3052.0,1692.0,4744.0,1063,709,1772
IB072,4,242,131,373,1649.0,1249.0,2898.0,488,269,757
IB073,4,134,102,236,1040.0,1089.0,2129.0,267,239,506
SA2_b,4,25,34,59,1161.0,1901.0,3062.0,274,362,636
SIP074,4,289,270,559,1601.0,1702.0,3303.0,648,544,1192
IB082,4,175,131,306,1117.0,1033.0,2150.0,307,192,499
SIP070,4,404,289,693,3754.0,3096.0,6850.0,1108,742,1850
IB084,4,135,91,226,1061.0,1130.0,2191.0,309,224,533
LAL120,4,324,259,583,13239.0,6455.0,19694.0,887,523,1410
SIP066,4,339,309,648,2648.0,2113.0,4761.0,833,775,1608
SAD007,4,66,84,150,218.0,1389.0,1607.0,119,212,331
SIP053,4,321,371,692,2104.0,3704.0,5808.0,822,970,1792
PVLP031,4,264,294,558,1656.0,1458.0,3114.0,634,632,1266
FB7J,4,85,74,159,7771.0,3436.0,11207.0,1286,811,2097
SLP189_b,4,160,181,341,680.0,977.0,1657.0,345,376,721
ExR2,4,126,188,314,8043.0,10083.0,18126.0,1155,1741,2896
ExR5,4,295,256,551,10257.0,20398.0,30655.0,2284,3121,5405
ExR7,4,147,250,397,9595.0,9365.0,18960.0,1090,1203,2293
ExR8,4,84,112,196,6300.0,1859.0,8159.0,825,227,1052
FB1A,4,250,119,369,2912.0,4374.0,7286.0,1061,1359,2420
FB1B,4,172,109,281,3341.0,4091.0,7432.0,953,1456,2409
FB1C,4,478,307,785,8127.0,13828.0,21955.0,2333,4217,6550
FB1D,4,152,102,254,2055.0,4886.0,6941.0,462,977,1439
FB1E_a,4,146,94,240,1942.0,5470.0,7412.0,572,1364,1936
FB2A,4,301,139,440,7009.0,11487.0,18496.0,1513,2533,4046
FB2B_a,4,242,120,362,7712.0,10871.0,18583.0,1043,1706,2749
FB2B_b,4,149,102,251,5776.0,9050.0,14826.0,1162,1790,2952
PS078,4,61,48,109,577.0,618.0,1195.0,147,112,259
PS083,4,68,20,88,2215.0,121.0,2336.0,350,59,409
FB2E,4,141,87,228,3564.0,7347.0,10911.0,824,1735,2559
PS099,4,85,149,234,1435.0,2943.0,4378.0,165,235,400
PS107,4,327,324,651,1660.0,2301.0,3961.0,631,775,1406
FB2F_c,4,156,115,271,1659.0,5543.0,7202.0,732,1756,2488
FB2G_b,4,335,106,441,3553.0,6686.0,10239.0,1221,1573,2794
SLP180,4,386,238,624,1823.0,1002.0,2825.0,837,507,1344
SLP179_b,4,327,190,517,3230.0,1026.0,4256.0,961,480,1441
LHAV3b11,4,217,252,469,642.0,971.0,1613.0,412,481,893
SLP188_b,4,272,190,462,1055.0,1098.0,2153.0,508,397,905
ExR1,4,186,170,356,38045.0,20565.0,58610.0,2196,1678,3874
LHAV3a5,4,155,90,245,777.0,551.0,1328.0,350,244,594
ER6,4,43,58,101,4531.0,6406.0,10937.0,419,498,917
PLP205,4,92,93,185,507.0,316.0,823.0,193,190,383
PLP207,4,49,143,192,191.0,687.0,878.0,81,317,398
EPGt,4,51,46,97,2439.0,2497.0,4936.0,357,362,719
LHAV5a3_a,4,144,143,287,451.0,443.0,894.0,267,266,533
LHAV4g8,4,195,239,434,1273.0,1468.0,2741.0,447,587,1034
PLP241,4,168,169,337,1495.0,1691.0,3186.0,543,404,947
LHAV4g2,4,205,360,565,1021.0,1591.0,2612.0,437,908,1345
LHAV4e2_a,4,181,203,384,937.0,819.0,1756.0,458,448,906
ER3a_b,4,52,29,81,2178.0,3502.0,5680.0,393,391,784
ER3a_c,4,71,44,115,2580.0,3268.0,5848.0,612,628,1240
LHAV4d5,4,136,204,340,632.0,695.0,1327.0,231,417,648
PS005_a,4,97,56,153,414.0,311.0,725.0,217,132,349
PS005_c,4,163,90,253,658.0,564.0,1222.0,361,204,565
LHAV4c2,4,244,323,567,1402.0,1831.0,3233.0,532,679,1211
LHAV4c1_a,4,248,367,615,1219.0,1227.0,2446.0,496,735,1231
LHAV4b3,4,117,174,291,492.0,809.0,1301.0,214,388,602
LHAV4b1_b,4,239,249,488,853.0,787.0,1640.0,430,471,901
LHAV4a7,4,196,276,472,1362.0,1294.0,2656.0,405,649,1054
LHAV4a3_b,4,202,298,500,1987.0,1440.0,3427.0,485,730,1215
LHAV4a1_b,4,259,322,581,3110.0,2742.0,5852.0,723,798,1521
PS055,4,73,80,153,281.0,757.0,1038.0,134,181,315
LHAV3a6,4,227,249,476,811.0,676.0,1487.0,442,393,835
LHAV3a1_a,4,236,205,441,1025.0,967.0,1992.0,488,449,937
FB7G,4,171,146,317,3286.0,5117.0,8403.0,912,1394,2306
FB5Q,4,341,242,583,5220.0,8044.0,13264.0,1456,1501,2957
LHAV2a2,4,294,269,563,1322.0,1489.0,2811.0,586,562,1148
LHAV1d2_a,4,386,172,558,1696.0,438.0,2134.0,763,263,1026
PS241,4,40,95,135,270.0,611.0,881.0,63,190,253
PS254,4,160,121,281,907.0,798.0,1705.0,358,215,573
FB5Y,4,321,115,436,5446.0,9182.0,14628.0,1485,1689,3174
FB5Z,4,297,183,480,3382.0,4782.0,8164.0,1252,1181,2433
LHAD3b1_g,4,144,170,314,328.0,549.0,877.0,211,287,498
SLP129_c,4,369,433,802,2809.0,2561.0,5370.0,1000,1059,2059
PS281,4,73,74,147,1169.0,964.0,2133.0,204,155,359
FB6K,4,250,141,391,5454.0,6543.0,11997.0,1421,1689,3110
PS284,4,86,64,150,879.0,877.0,1756.0,241,147,388
PS285,4,124,104,228,1523.0,1105.0,2628.0,320,205,525
FB6M,4,287,271,558,3218.0,4841.0,8059.0,987,904,1891
SLP121,4,289,377,666,1669.0,1845.0,3514.0,754,734,1488
FB6T,4,311,168,479,2521.0,2818.0,5339.0,865,586,1451
LHAD1f4,4,230,183,413,1833.0,884.0,2717.0,559,406,965
FB6U,4,287,209,496,6777.0,7260.0,14037.0,1408,1629,3037
SLP111_b,4,135,147,282,723.0,778.0,1501.0,313,370,683
LHAD1d1,4,308,328,636,1606.0,1427.0,3033.0,692,681,1373
FB7D,4,85,74,159,6569.0,2839.0,9408.0,959,619,1578
LHAD1c3,4,214,240,454,875.0,672.0,1547.0,399,397,796
LHAV2a3,4,297,263,560,1748.0,1201.0,2949.0,643,555,1198
FB5P,4,265,139,404,2550.0,3738.0,6288.0,1082,764,1846
FB3A,4,138,82,220,7649.0,7478.0,15127.0,759,928,1687
SLP142,4,276,226,502,1351.0,818.0,2169.0,584,433,1017
LHAV2k2,4,404,429,833,2668.0,2005.0,4673.0,913,816,1729
PS142,4,135,143,278,864.0,635.0,1499.0,395,254,649
PS146,4,370,396,766,2260.0,2656.0,4916.0,809,932,1741
SLP171,4,417,301,718,4020.0,1767.0,5787.0,1113,710,1823
SLP167,4,285,299,584,923.0,1050.0,1973.0,504,493,997
FB4K,4,341,98,439,6256.0,8056.0,14312.0,1811,1726,3537
FB4L,4,304,223,527,4831.0,6885.0,11716.0,1187,1727,2914
FB4M,4,396,224,620,11175.0,25265.0,36440.0,1981,3379,5360
FB4O,4,295,253,548,4678.0,9415.0,14093.0,1245,1927,3172
FB4P_a,4,343,290,633,9836.0,8814.0,18650.0,2254,2247,4501
PS196,4,124,317,441,3409.0,6072.0,9481.0,238,611,849
FB4Q_b,4,264,110,374,5305.0,8032.0,13337.0,1158,1562,2720
FB4R,4,208,212,420,3365.0,5091.0,8456.0,1005,1189,2194
SLP162,4,201,245,446,1332.0,1892.0,3224.0,502,659,1161
FB4Y,4,501,206,707,20646.0,23697.0,44343.0,3730,4068,7798
FB5A,4,574,220,794,18096.0,23992.0,42088.0,3044,3030,6074
SLP160,4,416,320,736,1395.0,1663.0,3058.0,800,728,1528
LHAV2b10,4,181,245,426,461.0,909.0,1370.0,276,440,716
SLP156,4,429,322,751,2700.0,2125.0,4825.0,1119,748,1867
LHAV2b1,4,237,200,437,1504.0,903.0,2407.0,572,401,973
SLP148,4,243,160,403,1137.0,730.0,1867.0,561,395,956
SMP148,4,713,287,1000,11966.0,5920.0,17886.0,2099,616,2715
SLP240_a,4,387,252,639,1567.0,1128.0,2695.0,753,524,1277
SMP297,4,278,302,580,3298.0,1941.0,5239.0,933,785,1718
aIPg1,4,296,429,725,2128.0,5494.0,7622.0,785,1147,1932
WED004,4,66,72,138,314.0,293.0,607.0,129,123,252
SMP461,4,233,204,437,919.0,808.0,1727.0,463,363,826
WED056,4,99,177,276,1132.0,1256.0,2388.0,253,442,695
AVLP007,4,145,232,377,583.0,877.0,1460.0,269,442,711
CL038,4,558,190,748,3700.0,1251.0,4951.0,1259,319,1578
aMe14b,4,493,134,627,6617.0,646.0,7263.0,1198,207,1405
SMP460,4,233,245,478,791.0,1195.0,1986.0,449,503,952
aMe,4,195,310,505,2708.0,2489.0,5197.0,591,674,1265
WED001,4,70,149,219,345.0,1514.0,1859.0,164,510,674
AVLP028,4,231,247,478,707.0,1455.0,2162.0,386,510,896
SpsP,4,10,23,33,111.0,2677.0,2788.0,87,327,414
SMP282,4,184,112,296,1138.0,681.0,1819.0,388,262,650
WEDPN7B,4,155,122,277,801.0,1435.0,2236.0,299,276,575
AVLP480,4,209,231,440,1510.0,1577.0,3087.0,585,783,1368
AVLP481,4,125,150,275,472.0,606.0,1078.0,227,278,505
AVLP482,4,107,192,299,604.0,1519.0,2123.0,249,468,717
WED063_b,4,38,81,119,672.0,1542.0,2214.0,138,331,469
AVLP040,4,471,433,904,2675.0,2458.0,5133.0,948,883,1831
CL046,4,215,241,456,1047.0,1272.0,2319.0,502,513,1015
WEDPN6B,4,221,164,385,990.0,1018.0,2008.0,458,373,831
AVLP005,4,111,216,327,1381.0,1547.0,2928.0,261,627,888
SMP463,4,203,140,343,1073.0,989.0,2062.0,488,344,832
AVLP469,4,98,189,287,827.0,858.0,1685.0,379,358,737
aSP-f4,4,217,199,416,997.0,1010.0,2007.0,514,474,988
lLN2P_b,4,238,293,531,29145.0,19216.0,48361.0,3981,4065,8046
lLN2P_a,4,225,256,481,26628.0,7997.0,34625.0,3314,1213,4527
CL030,4,474,299,773,3099.0,5247.0,8346.0,986,728,1714
AOTU059,4,110,153,263,719.0,1060.0,1779.0,323,362,685
AOTU060,4,162,125,287,1137.0,991.0,2128.0,487,351,838
AOTU062,4,137,157,294,838.0,771.0,1609.0,334,352,686
SMP578,4,201,295,496,820.0,1498.0,2318.0,390,597,987
CL033,4,520,1182,1702,2578.0,6459.0,9037.0,1316,3926,5242
SMP588,4,468,801,1269,4103.0,5955.0,10058.0,1674,2864,4538
SMP590,4,210,266,476,1051.0,906.0,1957.0,498,556,1054
l-LNv,4,27,29,56,781.0,136.0,917.0,127,62,189
ATL012,4,209,194,403,2743.0,3413.0,6156.0,487,512,999
ATL018,4,331,222,553,4404.0,3777.0,8181.0,880,571,1451
aSP8-like(ADL01),4,32,117,149,110.0,535.0,645.0,63,242,305
AVLP468,4,232,365,597,1736.0,2890.0,4626.0,776,913,1689
aSP10C_b,4,202,265,467,1378.0,1642.0,3020.0,470,622,1092
SMP397,4,255,306,561,1403.0,2271.0,3674.0,498,665,1163
aSP-g2,4,188,246,434,679.0,1514.0,2193.0,404,597,1001
SMP592,4,131,171,302,905.0,441.0,1346.0,377,335,712
AVLP486,4,108,140,248,250.0,1125.0,1375.0,187,327,514
AVLP045,4,393,308,701,1681.0,1391.0,3072.0,794,564,1358
SMP524,4,87,92,179,307.0,728.0,1035.0,180,252,432
SMP389,4,587,474,1061,3533.0,4294.0,7827.0,1064,868,1932
SMP271,4,416,268,684,4337.0,6773.0,11110.0,1024,830,1854
AVLP247,4,152,152,304,479.0,704.0,1183.0,295,338,633
CL089_b,4,268,244,512,2274.0,1867.0,4141.0,664,643,1307
VES063,4,227,369,596,1732.0,3907.0,5639.0,383,760,1143
WED158,4,81,81,162,185.0,468.0,653.0,119,188,307
CL086_e,4,212,159,371,1549.0,1519.0,3068.0,501,441,942
SMP232,4,210,155,365,1527.0,1033.0,2560.0,517,361,878
WED157,4,95,144,239,410.0,931.0,1341.0,193,343,536
CL062_b,4,295,191,486,1582.0,817.0,2399.0,712,367,1079
VES038,4,139,370,509,710.0,1940.0,2650.0,283,805,1088
SMP450,4,381,147,528,3196.0,503.0,3699.0,1045,268,1313
AVLP110,4,382,312,694,2334.0,2114.0,4448.0,841,548,1389
WED118_a,4,88,133,221,767.0,806.0,1573.0,279,312,591
WED145,4,122,49,171,712.0,113.0,825.0,283,54,337
VES022,4,207,203,410,1011.0,748.0,1759.0,392,345,737
AVLP524_b,4,342,295,637,3255.0,1819.0,5074.0,813,640,1453
AVLP541,4,272,220,492,1517.0,1683.0,3200.0,626,489,1115
WED137,4,52,63,115,262.0,241.0,503.0,106,128,234
VES033,4,160,315,475,1038.0,2251.0,3289.0,320,647,967
AVLP103,4,210,215,425,5509.0,2877.0,8386.0,716,542,1258
SMP382,4,332,300,632,1895.0,1580.0,3475.0,727,631,1358
AVLP550,4,95,217,312,714.0,1850.0,2564.0,187,568,755
CL090_d,4,304,285,589,2133.0,1477.0,3610.0,746,617,1363
SMP371,4,575,742,1317,3815.0,5630.0,9445.0,1569,2020,3589
WED067,4,62,105,167,365.0,716.0,1081.0,138,284,422
VP1m+VP2_lvPN2,4,189,306,495,2654.0,3076.0,5730.0,650,808,1458
WEDPN17_c,4,110,124,234,744.0,1118.0,1862.0,271,332,603
WED068,4,125,288,413,431.0,3238.0,3669.0,263,738,1001
SMP351,4,209,201,410,1367.0,1414.0,2781.0,497,527,1024
SMP217,4,157,171,328,1055.0,1081.0,2136.0,348,386,734
TuBu06,4,32,9,41,3116.0,1192.0,4308.0,315,61,376
AVLP137,4,243,224,467,877.0,1367.0,2244.0,415,412,827
AVLP060,4,467,407,874,3267.0,2246.0,5513.0,1105,759,1864
AVLP061,4,377,218,595,2289.0,1185.0,3474.0,828,448,1276
TuTuA,4,198,100,298,15238.0,10033.0,25271.0,1420,871,2291
SMP223,4,159,103,262,1371.0,1476.0,2847.0,397,277,674
VM7v_adPN,4,131,309,440,3417.0,4936.0,8353.0,482,842,1324
CL050_b,4,219,159,378,828.0,743.0,1571.0,459,387,846
SMP225,4,219,181,400,1713.0,1409.0,3122.0,609,451,1060
SMP316,4,77,137,214,691.0,922.0,1613.0,190,288,478
AVLP127,4,307,212,519,2127.0,1215.0,3342.0,701,424,1125
AVLP069_b,4,279,238,517,1237.0,898.0,2135.0,598,426,1024
AVLP559,4,206,344,550,1010.0,1638.0,2648.0,420,797,1217
CL029,4,695,471,1166,9711.0,8063.0,17774.0,1447,1018,2465
aSP10B,4,339,361,700,2246.0,1960.0,4206.0,847,749,1596
CL071,4,621,536,1157,4910.0,3964.0,8874.0,1427,1038,2465
AVLP412,4,512,409,921,3314.0,1913.0,5227.0,1177,801,1978
SMP499,4,118,115,233,667.0,523.0,1190.0,266,242,508
SMP312,4,355,319,674,2221.0,2737.0,4958.0,840,699,1539
CL018,4,320,305,625,1722.0,1354.0,3076.0,694,613,1307
SMP166,4,139,157,296,1034.0,860.0,1894.0,378,302,680
AVLP374,4,130,237,367,6125.0,6333.0,12458.0,461,782,1243
SMP491,4,259,243,502,1361.0,1569.0,2930.0,616,618,1234
SMP489,4,291,270,561,1312.0,1667.0,2979.0,671,577,1248
AOTU002_b,4,68,38,106,1968.0,315.0,2283.0,603,86,689
SMP517,4,211,142,353,1609.0,2620.0,4229.0,580,664,1244
SMP307,4,239,96,335,1944.0,169.0,2113.0,589,150,739
(PDM28),4,34,75,109,95.0,907.0,1002.0,37,87,124
SMP487,4,167,42,209,1246.0,134.0,1380.0,495,73,568
CL147,4,244,183,427,893.0,1308.0,2201.0,481,414,895
AVLP401,4,161,157,318,3379.0,3094.0,6473.0,577,388,965
AVLP379,4,73,104,177,1770.0,2185.0,3955.0,278,348,626
AVLP426,4,62,102,164,577.0,2318.0,2895.0,186,363,549
WED031,4,72,91,163,623.0,1041.0,1664.0,198,208,406
(lVLPT9),4,121,401,522,440.0,3709.0,4149.0,157,589,746
AVLP387,4,100,135,235,1033.0,576.0,1609.0,282,287,569
CL014,4,360,226,586,3356.0,1864.0,5220.0,970,641,1611
Ascending?,4,1085,1334,2419,13149.0,8176.0,21325.0,1934,2140,4074
v2LN3A,4,148,164,312,3759.0,4104.0,7863.0,1285,655,1940
SMP155,4,780,618,1398,7775.0,4525.0,12300.0,2174,1505,3679
v2LN39A,4,84,131,215,1318.0,1921.0,3239.0,381,354,735
WED036_a,4,115,137,252,1042.0,735.0,1777.0,307,269,576
AVLP384,4,165,224,389,2189.0,1488.0,3677.0,439,493,932
AVLP385,4,137,214,351,1795.0,1531.0,3326.0,445,503,948
v2LN34E,4,129,73,202,906.0,656.0,1562.0,383,205,588
AOTU046,4,152,85,237,4954.0,7712.0,12666.0,1503,1538,3041
WED034,4,178,185,363,1147.0,1378.0,2525.0,412,399,811
v2LN34B,4,148,180,328,3118.0,1507.0,4625.0,603,553,1156
v2LN34A,4,180,140,320,2337.0,1652.0,3989.0,840,421,1261
SMP302,4,213,170,383,1248.0,599.0,1847.0,480,337,817
(PVF5),4,160,415,575,1312.0,3613.0,4925.0,560,865,1425
SMP172,4,224,158,382,1567.0,1035.0,2602.0,560,435,995
SMP478,4,116,32,148,1392.0,56.0,1448.0,420,47,467
AOTU038,4,118,35,153,575.0,164.0,739.0,281,97,378
WED015,4,230,297,527,1061.0,1862.0,2923.0,520,710,1230
(ADM10),4,145,93,238,838.0,576.0,1414.0,205,114,319
SMP523,4,106,103,209,456.0,1003.0,1459.0,215,304,519
AVLP359,4,69,132,201,1814.0,2224.0,4038.0,207,368,575
SMP568_a,4,305,247,552,3243.0,1880.0,5123.0,1040,750,1790
AOTU039,4,60,40,100,625.0,174.0,799.0,255,90,345
AVLP208,4,261,368,629,1603.0,2013.0,3616.0,525,796,1321
SMP566,4,385,273,658,2809.0,3030.0,5839.0,935,678,1613
AOTU017,4,118,125,243,1781.0,1836.0,3617.0,531,345,876
AOTU041,4,253,212,465,19222.0,10586.0,29808.0,1705,1524,3229
AVLP454_a,4,250,289,539,1386.0,1543.0,2929.0,511,583,1094
AOTU042,4,517,314,831,12141.0,9711.0,21852.0,1773,1366,3139
AVLP191,4,261,188,449,862.0,709.0,1571.0,424,292,716
SMP486_b,4,132,72,204,770.0,223.0,993.0,405,137,542
SMP173,4,406,324,730,1495.0,1656.0,3151.0,788,700,1488
AVLP451,4,424,360,784,2023.0,1971.0,3994.0,846,700,1546
(AVM12),4,27,113,140,96.0,1701.0,1797.0,48,251,299
AVLP190,4,275,175,450,1197.0,1022.0,2219.0,547,310,857
SMP482,4,194,171,365,2145.0,1748.0,3893.0,583,458,1041
SMP151,4,470,461,931,3583.0,5573.0,9156.0,1501,1544,3045
AOTU044,4,223,293,516,1948.0,2443.0,4391.0,793,723,1516
SMP486_c,4,162,61,223,1080.0,133.0,1213.0,450,96,546
LC39,3,137,286,423,366.0,1517.0,1883.0,253,507,760
PVLP067,3,86,59,145,1124.0,164.0,1288.0,370,89,459
LC40b,3,74,168,242,215.0,683.0,898.0,130,309,439
PS224,3,66,63,129,291.0,152.0,443.0,122,81,203
LAL188,3,159,195,354,681.0,1001.0,1682.0,334,369,703
AVLP240,3,149,134,283,500.0,500.0,1000.0,246,213,459
AVLP237_b,3,205,173,378,782.0,787.0,1569.0,368,271,639
AVLP273,3,105,128,233,398.0,453.0,851.0,173,184,357
VL2a_vPN,3,102,201,303,2035.0,1121.0,3156.0,450,413,863
AVLP242,3,148,126,274,463.0,315.0,778.0,240,173,413
WED025,3,58,58,116,376.0,535.0,911.0,124,107,231
AVLP250,3,157,226,383,682.0,707.0,1389.0,276,335,611
PVLP066,3,94,126,220,1414.0,406.0,1820.0,527,190,717
AVLP244,3,306,250,556,1981.0,1688.0,3669.0,656,524,1180
PVLP056,3,134,26,160,720.0,48.0,768.0,239,38,277
PVLP053,3,166,121,287,1388.0,787.0,2175.0,370,238,608
PVLP057,3,90,20,110,743.0,29.0,772.0,271,24,295
LHAV2a1,3,205,225,430,912.0,802.0,1714.0,388,404,792
AVLP270,3,262,137,399,934.0,518.0,1452.0,477,235,712
LHAV1f1,3,292,285,577,789.0,887.0,1676.0,476,457,933
VES044,3,147,309,456,1325.0,6007.0,7332.0,488,588,1076
VES049,3,102,114,216,1408.0,1697.0,3105.0,228,230,458
VES037,3,43,69,112,144.0,367.0,511.0,87,126,213
AVLP261,3,144,201,345,2587.0,1253.0,3840.0,362,390,752
PS221,3,82,105,187,631.0,667.0,1298.0,189,197,386
AVLP272,3,170,211,381,1075.0,760.0,1835.0,426,327,753
WED028,3,89,94,183,397.0,502.0,899.0,175,166,341
PS223,3,59,74,133,348.0,431.0,779.0,121,112,233
PVLP064,3,170,252,422,1790.0,1272.0,3062.0,727,571,1298
VM5v_adPN,3,115,207,322,3858.0,5200.0,9058.0,385,641,1026
LHAD2c3,3,285,142,427,1352.0,890.0,2242.0,532,255,787
PS226,3,55,9,64,301.0,12.0,313.0,96,9,105
PVLP036,3,65,85,150,5482.0,2431.0,7913.0,1168,583,1751
LHAD1b3,3,285,260,545,1359.0,1691.0,3050.0,570,564,1134
LHAD1b6_a,3,502,347,849,2231.0,2097.0,4328.0,1018,703,1721
PS257,3,149,97,246,710.0,331.0,1041.0,267,171,438
AVLP199,3,123,139,262,352.0,465.0,817.0,195,208,403
PS267,3,122,104,226,457.0,579.0,1036.0,247,223,470
PS269,3,116,117,233,394.0,534.0,928.0,232,218,450
WED003,3,89,106,195,274.0,436.0,710.0,157,177,334
PS270,3,142,196,338,599.0,953.0,1552.0,263,386,649
WED021,3,123,143,266,641.0,984.0,1625.0,258,284,542
LHAD1d2,3,228,284,512,861.0,1102.0,1963.0,409,495,904
AVLP203,3,184,187,371,1349.0,858.0,2207.0,408,355,763
AVLP204,3,329,312,641,3127.0,1496.0,4623.0,822,640,1462
PS287,3,36,63,99,120.0,753.0,873.0,63,136,199
LHAD1f1,3,326,281,607,1336.0,991.0,2327.0,648,538,1186
AVLP206_a,3,181,250,431,1083.0,1624.0,2707.0,361,566,927
PVLP028,3,274,286,560,2529.0,1466.0,3995.0,1026,663,1689
AVLP207,3,215,371,586,1434.0,1843.0,3277.0,437,823,1260
LHAD1f3_b,3,365,317,682,1574.0,1452.0,3026.0,680,587,1267
LHAD1i1,3,291,230,521,1041.0,891.0,1932.0,538,377,915
LHAD1i2_b,3,264,175,439,869.0,1404.0,2273.0,484,401,885
WED010,3,90,139,229,614.0,1188.0,1802.0,166,253,419
PS256,3,98,71,169,573.0,269.0,842.0,187,132,319
LHAD1b2_b,3,371,295,666,2154.0,1533.0,3687.0,788,587,1375
AVLP235,3,320,229,549,1345.0,806.0,2151.0,594,364,958
AVLP224_b,3,349,282,631,2426.0,2144.0,4570.0,888,590,1478
PS227,3,86,91,177,590.0,166.0,756.0,184,112,296
AVLP233,3,303,254,557,1529.0,1298.0,2827.0,572,433,1005
LHAV1a4,3,193,188,381,630.0,857.0,1487.0,348,337,685
LC45a,3,86,139,225,317.0,682.0,999.0,138,253,391
WED023,3,65,37,102,149.0,574.0,723.0,99,106,205
LC46a,3,126,198,324,433.0,639.0,1072.0,228,325,553
AVLP228,3,196,175,371,829.0,650.0,1479.0,360,280,640
AVLP227,3,260,288,548,857.0,1201.0,2058.0,449,491,940
LHAV1a1,3,267,245,512,2082.0,1007.0,3089.0,566,454,1020
LHAD1a1,3,222,254,476,800.0,1105.0,1905.0,420,476,896
LHAD1a2_a,3,236,249,485,1359.0,1442.0,2801.0,435,512,947
AVLP197,3,399,345,744,3380.0,1416.0,4796.0,1006,572,1578
VP1l+_lvPN,3,135,152,287,1146.0,1359.0,2505.0,308,360,668
PVLP039,3,129,112,241,1544.0,1851.0,3395.0,502,412,914
LHAD3g1,3,197,188,385,1104.0,863.0,1967.0,391,373,764
LHAD3f1_b,3,267,303,570,898.0,1365.0,2263.0,489,578,1067
LHAD3f1_a,3,260,287,547,880.0,1200.0,2080.0,450,510,960
PVLP037,3,61,65,126,5736.0,2419.0,8155.0,845,709,1554
PS252,3,157,160,317,1188.0,935.0,2123.0,409,301,710
LHAD1b1_b,3,325,264,589,1619.0,1835.0,3454.0,756,604,1360
AVLP198,3,228,208,436,1151.0,813.0,1964.0,415,333,748
PVLP042,3,132,95,227,956.0,686.0,1642.0,468,280,748
AVLP301,3,171,204,375,619.0,1040.0,1659.0,319,376,695
PVLP074,3,200,284,484,1818.0,1831.0,3649.0,541,575,1116
VES036,3,72,166,238,380.0,1430.0,1810.0,124,396,520
IB108,3,42,75,117,405.0,643.0,1048.0,82,163,245
SIP049,3,207,272,479,1020.0,1522.0,2542.0,383,522,905
SMP559,3,321,294,615,2121.0,1824.0,3945.0,872,695,1567
SIP042_a,3,219,150,369,1478.0,784.0,2262.0,450,282,732
SIP040,3,189,179,368,1081.0,1147.0,2228.0,415,382,797
AVLP368,3,86,94,180,820.0,353.0,1173.0,184,168,352
AVLP367,3,84,131,215,1249.0,1132.0,2381.0,239,296,535
AVLP357,3,97,148,245,998.0,1563.0,2561.0,195,307,502
AVLP355,3,87,150,237,2950.0,2547.0,5497.0,247,379,626
AVLP353,3,104,173,277,1754.0,2124.0,3878.0,260,435,695
SIP035,3,272,228,500,2267.0,2364.0,4631.0,715,485,1200
SMP570,3,233,237,470,1108.0,1681.0,2789.0,432,523,955
SIP028,3,214,213,427,1363.0,947.0,2310.0,508,440,948
LAL005,3,197,76,273,945.0,460.0,1405.0,452,144,596
LAL006,3,231,83,314,695.0,725.0,1420.0,397,246,643
SIP024,3,395,271,666,1956.0,696.0,2652.0,735,402,1137
AVLP349,3,128,148,276,791.0,1407.0,2198.0,279,351,630
AVLP346,3,288,224,512,2196.0,1292.0,3488.0,605,384,989
AVLP345,3,210,255,465,985.0,1098.0,2083.0,388,429,817
LAL021,3,172,124,296,1483.0,835.0,2318.0,445,253,698
SIP001,3,198,203,401,845.0,948.0,1793.0,380,440,820
AVLP337,3,144,223,367,907.0,1421.0,2328.0,287,471,758
AVLP333,3,153,224,377,1106.0,1429.0,2535.0,319,436,755
AVLP332,3,201,211,412,1517.0,2052.0,3569.0,428,456,884
LAL034,3,171,184,355,2177.0,1519.0,3696.0,430,389,819
SAD089,3,19,71,90,37.0,266.0,303.0,24,123,147
AVLP331,3,224,242,466,1586.0,1561.0,3147.0,511,486,997
LAL039,3,179,200,379,2332.0,1104.0,3436.0,440,410,850
SAD083,3,88,119,207,434.0,566.0,1000.0,204,212,416
IB107,3,36,78,114,296.0,525.0,821.0,68,153,221
IB106,3,64,91,155,444.0,464.0,908.0,121,147,268
SIP051,3,193,182,375,1231.0,1042.0,2273.0,383,384,767
SLP015_e,3,388,232,620,1465.0,822.0,2287.0,706,411,1117
SLP081,3,158,233,391,603.0,850.0,1453.0,277,401,678
SLP065,3,193,281,474,683.0,1850.0,2533.0,349,587,936
SLP055,3,111,78,189,402.0,307.0,709.0,196,163,359
SLP054,3,158,123,281,592.0,338.0,930.0,272,195,467
SLP044_c,3,248,216,464,799.0,727.0,1526.0,437,377,814
SLP043,3,245,212,457,1023.0,1188.0,2211.0,506,491,997
SLP042,3,289,224,513,1023.0,1276.0,2299.0,519,479,998
SLP041,3,241,229,470,1223.0,1036.0,2259.0,560,439,999
SLP039,3,237,209,446,658.0,489.0,1147.0,353,278,631
SLP029,3,164,103,267,440.0,343.0,783.0,272,168,440
IB041,3,148,120,268,584.0,629.0,1213.0,259,187,446
SLP024_a,3,199,149,348,1589.0,985.0,2574.0,462,324,786
SLP019,3,340,299,639,1949.0,1681.0,3630.0,751,632,1383
SLP015_a,3,405,198,603,1873.0,704.0,2577.0,788,336,1124
IB103,3,88,102,190,653.0,680.0,1333.0,175,203,378
IB059,3,279,285,564,1315.0,1472.0,2787.0,461,502,963
SLP002,3,251,346,597,884.0,928.0,1812.0,414,594,1008
SIP085,3,104,12,116,237.0,12.0,249.0,157,12,169
SIP084,3,132,11,143,396.0,12.0,408.0,215,11,226
SIP081,3,209,249,458,1730.0,1255.0,2985.0,365,368,733
AVLP386,3,80,134,214,746.0,880.0,1626.0,172,272,444
SIP078,3,151,130,281,667.0,390.0,1057.0,264,222,486
SIP075,3,227,242,469,1031.0,982.0,2013.0,453,402,855
SIP071,3,318,420,738,2148.0,5024.0,7172.0,706,955,1661
IB085,3,139,218,357,660.0,1939.0,2599.0,289,486,775
IB087,3,203,194,397,633.0,833.0,1466.0,380,347,727
IB090,3,174,198,372,698.0,981.0,1679.0,306,370,676
SIP061,3,210,225,435,948.0,1474.0,2422.0,418,470,888
SAD078,3,21,42,63,305.0,936.0,1241.0,57,146,203
SAD069,3,18,42,60,27.0,140.0,167.0,21,55,76
SAD065,3,53,107,160,596.0,1069.0,1665.0,170,225,395
LAL136_a,3,312,338,650,1832.0,1692.0,3524.0,824,548,1372
SAD005,3,57,169,226,222.0,1564.0,1786.0,94,335,429
VA7m_lPN,3,166,260,426,4279.0,6955.0,11234.0,681,1053,1734
AVLP299_b,3,258,307,565,1181.0,2164.0,3345.0,536,621,1157
AVLP299_a,3,249,267,516,1049.0,2258.0,3307.0,458,556,1014
AVLP298,3,167,191,358,1096.0,1408.0,2504.0,378,429,807
CL166,3,286,342,628,1203.0,1599.0,2802.0,512,589,1101
VC3m_lvPN,3,190,330,520,4115.0,9811.0,13926.0,798,1217,2015
AVLP294,3,416,365,781,4137.0,3628.0,7765.0,1058,741,1799
AVLP293,3,146,181,327,1569.0,1849.0,3418.0,323,414,737
VC4_adPN,3,167,323,490,4725.0,8174.0,12899.0,640,1178,1818
PVLP144,3,155,138,293,628.0,526.0,1154.0,380,228,608
VC5_lvPN,3,84,192,276,492.0,886.0,1378.0,239,301,540
PVLP142,3,237,242,479,1731.0,1484.0,3215.0,603,484,1087
LAL136_b,3,266,288,554,1729.0,1201.0,2930.0,765,477,1242
SAD008,3,95,126,221,357.0,779.0,1136.0,173,213,386
AVLP290,3,250,346,596,3104.0,5369.0,8473.0,507,841,1348
PVLP133_b,3,144,181,325,1751.0,1014.0,2765.0,589,390,979
LAL144,3,174,203,377,2836.0,4653.0,7489.0,390,455,845
PVLP122,3,489,471,960,9436.0,4461.0,13897.0,1373,998,2371
VES023,3,90,159,249,172.0,698.0,870.0,126,288,414
PVLP113,3,118,146,264,2600.0,980.0,3580.0,418,351,769
PVLP103,3,167,234,401,2077.0,3270.0,5347.0,702,869,1571
VES031,3,112,171,283,1088.0,1707.0,2795.0,253,382,635
AVLP278,3,87,71,158,252.0,335.0,587.0,149,153,302
VES034_b,3,78,123,201,800.0,991.0,1791.0,197,283,480
VES035,3,79,203,282,716.0,1039.0,1755.0,171,371,542
PVLP085,3,141,297,438,5634.0,2652.0,8286.0,1081,649,1730
PVLP082,3,254,379,633,2446.0,2315.0,4761.0,655,921,1576
SAD006,3,53,113,166,211.0,1545.0,1756.0,93,253,346
SAD011,3,69,131,200,230.0,521.0,751.0,124,233,357
SAD062,3,32,100,132,144.0,918.0,1062.0,74,220,294
AVLP311_a,3,187,278,465,1611.0,2268.0,3879.0,534,621,1155
LAL056,3,120,160,280,454.0,1233.0,1687.0,199,270,469
LAL059,3,126,164,290,612.0,889.0,1501.0,224,277,501
LAL061,3,120,174,294,597.0,1017.0,1614.0,223,319,542
AVLP325_b,3,193,207,400,2656.0,1297.0,3953.0,550,382,932
SAD058,3,62,137,199,760.0,1890.0,2650.0,177,336,513
LAL065,3,89,95,184,544.0,740.0,1284.0,216,210,426
TRN_VP2,3,37,72,109,1312.0,4236.0,5548.0,169,318,487
SAD054,3,81,153,234,1358.0,2984.0,4342.0,224,361,585
TRN_VP3a,3,29,62,91,1680.0,6633.0,8313.0,101,237,338
LAL070,3,96,95,191,864.0,887.0,1751.0,234,175,409
LAL071,3,134,174,308,630.0,616.0,1246.0,250,299,549
SAD052,3,72,140,212,1277.0,3854.0,5131.0,257,423,680
AVLP312,3,223,248,471,952.0,1538.0,2490.0,413,432,845
LAL080,3,293,300,593,1527.0,1788.0,3315.0,632,656,1288
SAD012,3,71,17,88,515.0,19.0,534.0,157,19,176
SAD029,3,44,32,76,285.0,286.0,571.0,96,99,195
VA1d_adPN,3,128,292,420,7191.0,10307.0,17498.0,740,1039,1779
VA1v_adPN,3,177,346,523,7363.0,8383.0,15746.0,903,1207,2110
LAL092,3,132,30,162,1072.0,167.0,1239.0,265,60,325
LAL096,3,49,32,81,169.0,121.0,290.0,93,73,166
LAL097,3,36,18,54,210.0,94.0,304.0,74,53,127
SAD027,3,110,162,272,1256.0,1279.0,2535.0,288,428,716
SAD022,3,81,110,191,817.0,765.0,1582.0,214,248,462
SAD021_b,3,90,122,212,1306.0,1868.0,3174.0,281,371,652
SAD021_a,3,104,187,291,2678.0,3274.0,5952.0,322,652,974
SAD016,3,83,108,191,288.0,697.0,985.0,162,237,399
VA5_lPN,3,175,257,432,5571.0,8321.0,13892.0,640,1049,1689
SAD014,3,103,73,176,523.0,634.0,1157.0,260,168,428
WED029,3,112,185,297,440.0,806.0,1246.0,210,305,515
VC3l_adPN,3,167,298,465,5754.0,9096.0,14850.0,838,1157,1995
PS220,3,125,92,217,1334.0,567.0,1901.0,305,171,476
LHPV4d7,3,258,263,521,1160.0,1557.0,2717.0,501,549,1050
WEDPN7A,3,185,120,305,1064.0,656.0,1720.0,411,224,635
WEDPN7C,3,176,167,343,775.0,692.0,1467.0,311,291,602
LHPV4a5_a,3,118,168,286,466.0,498.0,964.0,195,304,499
Z_lvPNm1,3,119,255,374,363.0,1114.0,1477.0,193,427,620
LHPV4a7_a,3,113,159,272,410.0,467.0,877.0,212,295,507
AVLP024,3,582,474,1056,2955.0,2697.0,5652.0,1090,858,1948
LHPV4a8,3,156,210,366,576.0,579.0,1155.0,297,380,677
LHPV4b2,3,189,352,541,753.0,1212.0,1965.0,354,671,1025
aMe2,3,43,35,78,337.0,732.0,1069.0,139,116,255
aMe26,3,110,281,391,802.0,3497.0,4299.0,309,791,1100
LHPV4d10,3,206,317,523,700.0,1045.0,1745.0,355,621,976
LHPV4d2,3,173,239,412,614.0,1038.0,1652.0,299,498,797
LHPV4d3,3,190,197,387,555.0,666.0,1221.0,314,387,701
AVLP003,3,174,281,455,585.0,978.0,1563.0,274,466,740
aMe9,3,71,322,393,309.0,2767.0,3076.0,156,842,998
AVLP037,3,489,387,876,3056.0,2053.0,5109.0,914,662,1576
LHPV4g2,3,251,259,510,1157.0,972.0,2129.0,470,432,902
LHPV4i1,3,185,260,445,1357.0,1048.0,2405.0,383,518,901
ATL013,3,87,172,259,343.0,844.0,1187.0,163,364,527
ATL009,3,160,199,359,900.0,1390.0,2290.0,359,419,778
lLN11,3,127,162,289,759.0,1311.0,2070.0,465,487,952
lLN12A,3,119,167,286,906.0,1564.0,2470.0,526,525,1051
LHPV5a1_b,3,123,140,263,400.0,640.0,1040.0,207,258,465
lLN13,3,113,149,262,982.0,1331.0,2313.0,407,384,791
lLN15,3,113,147,260,780.0,1744.0,2524.0,423,446,869
lLN16A,3,88,71,159,656.0,407.0,1063.0,318,143,461
LHPV5b2_b,3,184,208,392,483.0,532.0,1015.0,296,315,611
AOTU058,3,70,73,143,907.0,902.0,1809.0,330,327,657
LHPV5c1_b,3,222,200,422,596.0,850.0,1446.0,363,337,700
AOTU052,3,140,124,264,1564.0,1037.0,2601.0,489,300,789
LHPV4a2,3,218,188,406,1166.0,954.0,2120.0,441,382,823
PAM15_b,3,169,48,217,2401.0,1113.0,3514.0,1243,617,1860
lLN2R_a,3,172,237,409,10015.0,9962.0,19977.0,1624,1742,3366
WEDPN15,3,59,144,203,200.0,418.0,618.0,115,272,387
WED168,3,67,139,206,372.0,662.0,1034.0,122,236,358
LHPV11a1,3,270,36,306,1123.0,44.0,1167.0,509,41,550
PLP028,3,142,172,314,543.0,919.0,1462.0,245,315,560
PLP027,3,130,154,284,510.0,655.0,1165.0,253,300,553
AVLP069_a,3,241,292,533,1369.0,1195.0,2564.0,543,561,1104
LHPV2a1_c,3,212,325,537,2063.0,2524.0,4587.0,477,792,1269
LHPV2a3,3,272,264,536,1912.0,1006.0,2918.0,574,502,1076
LHPV2a4,3,140,184,324,559.0,762.0,1321.0,246,344,590
LHPV2b1,3,117,119,236,442.0,392.0,834.0,214,225,439
PLP009,3,137,139,276,2847.0,1811.0,4658.0,495,335,830
WED179,3,68,24,92,316.0,37.0,353.0,159,28,187
AVLP064,3,386,363,749,2128.0,1879.0,4007.0,766,646,1412
WEDPN14,3,96,155,251,747.0,721.0,1468.0,220,300,520
LHPV2c2,3,177,260,437,682.0,719.0,1401.0,316,394,710
AVLP055,3,226,265,491,908.0,967.0,1875.0,416,557,973
AVLP038,3,472,402,874,2937.0,1793.0,4730.0,963,624,1587
LHPV2e1_a,3,192,257,449,971.0,1313.0,2284.0,372,489,861
WEDPN16_d,3,150,194,344,1275.0,2458.0,3733.0,317,421,738
LHPV2e2,3,284,328,612,795.0,1328.0,2123.0,422,581,1003
AVLP051,3,198,194,392,717.0,766.0,1483.0,321,321,642
AVLP050,3,155,142,297,597.0,545.0,1142.0,259,260,519
LHPV2f3,3,188,192,380,1029.0,680.0,1709.0,339,361,700
WEDPN1A_b,3,99,136,235,873.0,769.0,1642.0,195,306,501
AVLP047,3,360,230,590,1440.0,1164.0,2604.0,636,423,1059
WEDPN2A,3,128,131,259,562.0,853.0,1415.0,245,248,493
WEDPN3,3,172,147,319,1111.0,1356.0,2467.0,329,345,674
WEDPN6A,3,149,163,312,889.0,1461.0,2350.0,274,307,581
LHPV3b1_a,3,189,174,363,920.0,896.0,1816.0,371,317,688
LHPV3b1_b,3,171,211,382,1143.0,987.0,2130.0,317,419,736
AVLP039,3,337,288,625,1654.0,1385.0,3039.0,637,498,1135
LHPV5c3,3,147,140,287,319.0,449.0,768.0,199,219,418
AOTU040,3,56,27,83,344.0,165.0,509.0,127,66,193
PLP044,3,102,103,205,441.0,597.0,1038.0,216,194,410
MC65,3,36,88,124,126.0,533.0,659.0,81,196,277
AOTU002_a,3,78,28,106,1307.0,112.0,1419.0,421,53,474
AOTU001,3,86,60,146,1483.0,265.0,1748.0,634,121,755
v2LN34D,3,129,68,197,898.0,649.0,1547.0,458,185,643
v2LN35,3,163,183,346,3277.0,2718.0,5995.0,753,499,1252
v2LN38,3,52,74,126,1533.0,1050.0,2583.0,201,216,417
M_lPNm11A,3,120,236,356,771.0,1202.0,1973.0,376,461,837
v2LN3B,3,180,192,372,4183.0,3984.0,8167.0,1377,720,2097
v2LN4,3,96,5,101,2225.0,6.0,2231.0,304,5,309
(vAB3),3,36,173,209,101.0,1246.0,1347.0,53,341,394
M_adPNm8,3,118,220,338,1655.0,1030.0,2685.0,468,419,887
M_adPNm5,3,131,225,356,1161.0,1057.0,2218.0,567,443,1010
LT,3,211,595,806,1222.0,7672.0,8894.0,462,1114,1576
v2LN43,3,84,64,148,982.0,387.0,1369.0,355,157,512
v2LN45,3,97,54,151,826.0,523.0,1349.0,430,144,574
(lVLPT7),3,28,30,58,257.0,674.0,931.0,177,199,376
AOTU003,3,100,152,252,1395.0,1066.0,2461.0,492,332,824
v2LN46,3,65,63,128,856.0,302.0,1158.0,284,137,421
LT44a,3,64,85,149,265.0,623.0,888.0,140,237,377
LT44b,3,59,94,153,204.0,711.0,915.0,109,250,359
v2LN47,3,57,42,99,651.0,149.0,800.0,258,78,336
(aSP28),3,7,8,15,8.0,20.0,28.0,8,14,22
(aIP6)(lVLPT8),3,33,67,100,57.0,310.0,367.0,48,113,161
MBON10,3,273,243,516,3792.0,1891.0,5683.0,1257,614,1871
MBON09,3,139,286,425,31267.0,11536.0,42803.0,1941,1156,3097
Li20,3,76,105,181,339.0,501.0,840.0,149,328,477
LT77,3,167,318,485,736.0,1471.0,2207.0,379,652,1031
LT78,3,148,300,448,914.0,1839.0,2753.0,381,630,1011
(PDM08),3,250,263,513,1604.0,2127.0,3731.0,494,434,928
LT81,3,59,75,134,247.0,180.0,427.0,132,102,234
Li11,3,50,53,103,309.0,1439.0,1748.0,234,592,826
LLPC2d,3,28,131,159,66.0,654.0,720.0,51,283,334
AOTU004,3,84,65,149,990.0,772.0,1762.0,494,184,678
LHPV5g1_b,3,217,227,444,993.0,1317.0,2310.0,399,417,816
pC2l(PVL06),3,68,137,205,320.0,1063.0,1383.0,135,290,425
LHPV5h4,3,192,195,387,318.0,579.0,897.0,248,318,566
AOTU032,3,197,250,447,982.0,1562.0,2544.0,413,532,945
LHPV5j4,3,212,234,446,650.0,802.0,1452.0,352,400,752
LHPV5m1,3,126,133,259,548.0,440.0,988.0,216,191,407
LHPV6a2_b,3,131,77,208,556.0,654.0,1210.0,254,178,432
LHPV6a4_b,3,137,137,274,451.0,693.0,1144.0,235,280,515
AOTU015,3,213,154,367,4725.0,2591.0,7316.0,851,338,1189
LHPV6a6_b,3,119,91,210,377.0,264.0,641.0,198,151,349
LHPV6a7,3,149,153,302,561.0,498.0,1059.0,267,234,501
LHPV6a8,3,165,149,314,800.0,619.0,1419.0,327,343,670
LHPV6a9_b,3,140,108,248,718.0,585.0,1303.0,288,243,531
M_vPNml89,3,61,175,236,93.0,772.0,865.0,73,342,415
M_vPNml83,3,110,168,278,610.0,859.0,1469.0,285,358,643
M_vPNml77,3,84,226,310,569.0,1005.0,1574.0,200,425,625
M_vPNml76,3,107,230,337,905.0,963.0,1868.0,313,392,705
v2LN33,3,104,93,197,3843.0,1071.0,4914.0,716,255,971
AOTU008_b,3,50,77,127,667.0,388.0,1055.0,306,193,499
M_vPNml72,3,131,169,300,1276.0,827.0,2103.0,519,309,828
v2LN2,3,58,76,134,756.0,1127.0,1883.0,261,192,453
LHPV6h2,3,312,393,705,1649.0,1651.0,3300.0,576,727,1303
LHPV6h3,3,231,209,440,707.0,860.0,1567.0,366,390,756
LHPV6i1_a,3,188,221,409,614.0,1385.0,1999.0,315,419,734
M_vPNml60,3,135,160,295,908.0,923.0,1831.0,361,317,678
LHPV6k1,3,193,252,445,1435.0,1579.0,3014.0,400,596,996
M_vPNml58,3,96,204,300,624.0,1108.0,1732.0,270,447,717
M_vPNml53,3,145,145,290,713.0,1098.0,1811.0,357,319,676
M_lvPNm48,3,113,122,235,1072.0,696.0,1768.0,285,234,519
M_lvPNm45,3,123,292,415,544.0,1633.0,2177.0,361,500,861
M_lvPNm41,3,146,254,400,1168.0,1695.0,2863.0,462,569,1031
M_lvPNm37,3,114,174,288,640.0,789.0,1429.0,318,314,632
WED167,3,63,124,187,358.0,435.0,793.0,101,187,288
PLP046_a,3,111,108,219,425.0,572.0,997.0,206,205,411
AVLP189_a,3,332,297,629,1233.0,904.0,2137.0,567,471,1038
PS021,3,148,151,299,1335.0,1672.0,3007.0,428,345,773
LHAV3b3,3,144,205,349,401.0,658.0,1059.0,228,334,562
LHAV3b5,3,190,174,364,1023.0,635.0,1658.0,330,309,639
LHAV3b6_a,3,209,182,391,1422.0,610.0,2032.0,458,293,751
PS094,3,76,109,185,351.0,907.0,1258.0,133,221,354
LHAV3c2,3,164,175,339,801.0,585.0,1386.0,306,307,613
WED053,3,95,117,212,745.0,528.0,1273.0,212,229,441
WED054,3,65,93,158,477.0,668.0,1145.0,155,191,346
WED055_b,3,87,128,215,1541.0,1143.0,2684.0,255,348,603
PS044,3,83,128,211,449.0,929.0,1378.0,150,251,401
PS042,3,178,177,355,2289.0,1323.0,3612.0,375,353,728
PS034,3,125,111,236,851.0,1057.0,1908.0,264,227,491
PS033,3,132,120,252,1033.0,925.0,1958.0,307,251,558
PS023,3,146,170,316,1004.0,1061.0,2065.0,333,322,655
LHAV3o1,3,167,306,473,781.0,2676.0,3457.0,301,796,1097
WED065,3,49,86,135,829.0,1159.0,1988.0,136,214,350
PS104,3,53,54,107,215.0,872.0,1087.0,117,103,220
LHAV4a5,3,161,226,387,1061.0,772.0,1833.0,295,458,753
LHAV4a6,3,184,220,404,783.0,685.0,1468.0,315,380,695
WED072,3,253,297,550,2410.0,2664.0,5074.0,680,642,1322
AVLP144,3,97,177,274,442.0,729.0,1171.0,187,357,544
LHAV4b4,3,242,299,541,1223.0,1358.0,2581.0,526,713,1239
LHAV4b6,3,152,188,340,719.0,606.0,1325.0,305,362,667
AVLP139,3,235,200,435,1041.0,581.0,1622.0,438,304,742
WED096,3,126,92,218,577.0,651.0,1228.0,238,183,421
AVLP134,3,215,236,451,1142.0,870.0,2012.0,471,365,836
LHAV4e5,3,283,242,525,1408.0,778.0,2186.0,562,416,978
LHAV4e7_b,3,122,124,246,481.0,535.0,1016.0,244,250,494
LHAV4g11,3,161,289,450,1222.0,1049.0,2271.0,359,585,944
LHAV4g13,3,296,332,628,1888.0,1315.0,3203.0,578,657,1235
LHAV4g4_b,3,173,186,359,794.0,650.0,1444.0,330,350,680
AVLP167_a,3,392,279,671,2077.0,1207.0,3284.0,781,481,1262
AVLP167_b,3,496,295,791,2983.0,2032.0,5015.0,1086,549,1635
PLP237,3,118,68,186,449.0,210.0,659.0,200,107,307
LHAV2i2,3,203,211,414,770.0,893.0,1663.0,383,414,797
WED032,3,55,50,105,148.0,219.0,367.0,96,89,185
LHAV2b3,3,331,326,657,1729.0,1486.0,3215.0,696,630,1326
AVLP187,3,295,234,529,1338.0,818.0,2156.0,617,383,1000
LHAV2b6,3,228,249,477,748.0,930.0,1678.0,359,411,770
PS188,3,277,208,485,2135.0,1618.0,3753.0,616,380,996
PS179,3,120,127,247,684.0,1575.0,2259.0,292,294,586
AVLP181,3,286,203,489,1402.0,882.0,2284.0,561,345,906
LHAV2f1_b,3,310,208,518,1067.0,901.0,1968.0,572,397,969
LHAV2f3,3,229,304,533,806.0,1160.0,1966.0,389,546,935
LHAV2g2_a,3,233,191,424,654.0,603.0,1257.0,381,295,676
LHAV2g3,3,232,223,455,761.0,743.0,1504.0,395,362,757
PS151,3,107,121,228,381.0,441.0,822.0,198,206,404
LHAV2h1_b,3,152,151,303,442.0,598.0,1040.0,257,302,559
LHAV2i1,3,180,186,366,549.0,927.0,1476.0,292,362,654
WED036_b,3,61,77,138,455.0,402.0,857.0,167,146,313
WED047,3,106,154,260,1685.0,1112.0,2797.0,302,359,661
LHAV2i4,3,154,218,372,341.0,1133.0,1474.0,220,402,622
WED037,3,79,142,221,456.0,554.0,1010.0,155,253,408
LHAV2k1,3,189,217,406,572.0,922.0,1494.0,349,448,797
WED039,3,92,98,190,884.0,415.0,1299.0,220,196,416
AVLP176_d,3,495,272,767,3508.0,1585.0,5093.0,1206,494,1700
LHAV2k5,3,197,272,469,635.0,1030.0,1665.0,323,475,798
WED040_b,3,66,97,163,421.0,424.0,845.0,143,197,340
LHAV2k9,3,299,305,604,1395.0,1872.0,3267.0,577,641,1218
AVLP176_a,3,519,265,784,3110.0,1315.0,4425.0,1062,455,1517
WED041,3,70,58,128,330.0,277.0,607.0,146,122,268
LHAV3a1_b,3,132,126,258,445.0,465.0,910.0,245,256,501
AVLP172,3,461,274,735,3266.0,1450.0,4716.0,1102,482,1584
AVLP171,3,481,368,849,2790.0,1928.0,4718.0,1001,647,1648
WED043,3,105,99,204,857.0,830.0,1687.0,325,246,571
LHAV4g5,3,232,282,514,1848.0,1584.0,3432.0,520,650,1170
PLP235,3,82,61,143,423.0,172.0,595.0,227,85,312
PLP046_b,3,116,120,236,436.0,395.0,831.0,218,203,421
LHPD2a3,3,412,254,666,2817.0,1256.0,4073.0,850,475,1325
PLP156,3,174,111,285,504.0,357.0,861.0,266,184,450
PLP155,3,126,114,240,527.0,601.0,1128.0,275,189,464
WED134,3,71,45,116,302.0,94.0,396.0,133,58,191
WED136,3,101,158,259,412.0,663.0,1075.0,174,240,414
LHAV7a5,3,196,191,387,1265.0,595.0,1860.0,384,324,708
PLP138,3,190,136,326,633.0,386.0,1019.0,324,198,522
LHAV9a1_c,3,235,259,494,1257.0,1650.0,2907.0,430,542,972
PLP122,3,280,365,645,1181.0,2801.0,3982.0,441,540,981
LHCENT12,3,402,411,813,2788.0,2390.0,5178.0,809,886,1695
LHCENT13_a,3,326,360,686,1471.0,865.0,2336.0,638,587,1225
PLP111,3,106,93,199,535.0,364.0,899.0,209,138,347
PLP108,3,85,82,167,781.0,219.0,1000.0,341,117,458
WED146,3,135,65,200,1158.0,190.0,1348.0,332,87,419
WED149,3,106,115,221,525.0,320.0,845.0,180,167,347
WED153,3,108,106,214,758.0,920.0,1678.0,256,213,469
PLP157,3,158,201,359,1050.0,845.0,1895.0,425,354,779
WED156,3,82,142,224,544.0,960.0,1504.0,142,294,436
LHPD2a8,3,165,159,324,898.0,939.0,1837.0,310,345,655
LHPD2b1_a,3,223,214,437,1952.0,1478.0,3430.0,510,399,909
WED159,3,54,68,122,150.0,324.0,474.0,92,134,226
PLP067,3,323,249,572,1260.0,1325.0,2585.0,568,443,1011
PLP065,3,244,331,575,1286.0,2066.0,3352.0,499,612,1111
LHPD3a2_b,3,124,159,283,505.0,545.0,1050.0,212,314,526
LHPD3a2_c,3,142,197,339,528.0,756.0,1284.0,228,386,614
PLP064_b,3,374,450,824,1902.0,1568.0,3470.0,715,748,1463
PLP062,3,94,126,220,705.0,810.0,1515.0,312,275,587
WED162,3,76,73,149,227.0,374.0,601.0,122,129,251
LHPD3a5,3,171,223,394,755.0,897.0,1652.0,275,418,693
WED166_c,3,50,84,134,180.0,527.0,707.0,109,196,305
PLP047,3,160,114,274,628.0,427.0,1055.0,312,217,529
LHAV7a1_b,3,173,211,384,962.0,761.0,1723.0,363,414,777
WED131,3,83,27,110,261.0,42.0,303.0,132,28,160
LHAV4g7_a,3,137,208,345,683.0,725.0,1408.0,267,417,684
AVLP112,3,234,186,420,1467.0,1248.0,2715.0,462,322,784
AVLP125,3,267,246,513,1153.0,1378.0,2531.0,499,441,940
LHAV4g9,3,202,268,470,1161.0,1342.0,2503.0,397,517,914
LHAV4h1,3,169,252,421,494.0,776.0,1270.0,264,432,696
AVLP124,3,229,281,510,1622.0,1125.0,2747.0,599,506,1105
LHAV4k1,3,162,276,438,321.0,780.0,1101.0,244,442,686
PLP225,3,165,7,172,1849.0,9.0,1858.0,565,9,574
WED109,3,149,188,337,2239.0,1097.0,3336.0,368,356,724
PLP220,3,154,100,254,4879.0,543.0,5422.0,902,238,1140
LHAV5a2_b,3,120,178,298,300.0,402.0,702.0,183,269,452
PLP219,3,130,55,185,5979.0,236.0,6215.0,666,142,808
AVLP120,3,140,221,361,418.0,970.0,1388.0,212,400,612
LHAV5a3_b,3,161,169,330,388.0,526.0,914.0,242,271,513
PLP206,3,88,27,115,478.0,81.0,559.0,186,36,222
WED114,3,154,191,345,1216.0,774.0,1990.0,367,317,684
LHAV5a8,3,330,326,656,1059.0,969.0,2028.0,573,550,1123
PLP159,3,91,136,227,415.0,598.0,1013.0,157,256,413
PLP195,3,320,261,581,3920.0,3358.0,7278.0,950,818,1768
PLP192,3,139,170,309,632.0,572.0,1204.0,345,270,615
WED118_b,3,87,141,228,602.0,1075.0,1677.0,177,317,494
AVLP107,3,306,308,614,1519.0,1948.0,3467.0,568,607,1175
LHAV6a4,3,219,193,412,690.0,697.0,1387.0,370,323,693
LHAV6a5,3,217,233,450,630.0,866.0,1496.0,373,392,765
LHAV6a9,3,503,422,925,4200.0,1227.0,5427.0,1140,666,1806
LHAV6b1_a,3,346,358,704,1271.0,1285.0,2556.0,645,626,1271
PLP180,3,245,416,661,1798.0,2588.0,4386.0,579,925,1504
LHAV6b2_a,3,406,485,891,2364.0,2374.0,4738.0,751,830,1581
LHAV6d1,3,196,275,471,1568.0,1517.0,3085.0,437,541,978
WED130,3,96,99,195,374.0,233.0,607.0,169,139,308
PLP164,3,127,111,238,1154.0,795.0,1949.0,367,249,616
PLP160,3,69,119,188,298.0,668.0,966.0,133,208,341
IB003,3,171,106,277,649.0,453.0,1102.0,327,224,551
LT?,3,385,812,1197,1789.0,4184.0,5973.0,827,1737,2564
SMP399,3,471,295,766,2211.0,1693.0,3904.0,960,550,1510
SLP252,3,250,270,520,1495.0,1880.0,3375.0,528,568,1096
AVLP495,3,311,366,677,1301.0,1634.0,2935.0,604,673,1277
AVLP494,3,354,356,710,3415.0,3128.0,6543.0,762,846,1608
SLP420,3,109,66,175,525.0,506.0,1031.0,247,178,425
CL255,3,204,219,423,738.0,626.0,1364.0,361,336,697
CL254,3,219,225,444,974.0,1063.0,2037.0,442,424,866
CL253,3,107,108,215,302.0,582.0,884.0,165,181,346
CL252,3,137,175,312,319.0,685.0,1004.0,193,260,453
CL221,3,194,197,391,1828.0,1107.0,2935.0,606,441,1047
SMP440,3,152,122,274,732.0,600.0,1332.0,331,238,569
CL085,3,324,186,510,2445.0,1821.0,4266.0,705,464,1169
SLP262,3,446,321,767,2876.0,1422.0,4298.0,970,634,1604
SMP233,3,99,107,206,536.0,610.0,1146.0,208,222,430
SLP147,3,218,218,436,694.0,623.0,1317.0,379,341,720
SMP315,3,489,296,785,3236.0,1890.0,5126.0,1010,594,1604
SMP193,3,395,321,716,1645.0,2144.0,3789.0,730,701,1431
SMP195_a,3,200,233,433,1906.0,1707.0,3613.0,480,511,991
CL086_a,3,357,257,614,2839.0,1486.0,4325.0,809,541,1350
SMP438,3,186,230,416,916.0,979.0,1895.0,352,450,802
SMP435,3,191,195,386,912.0,798.0,1710.0,377,349,726
SMP197,3,135,229,364,1205.0,1967.0,3172.0,302,574,876
CL120,3,126,153,279,329.0,647.0,976.0,171,262,433
SMP432_b,3,175,174,349,483.0,766.0,1249.0,313,347,660
SLP163,3,383,225,608,1930.0,1450.0,3380.0,786,468,1254
CL086_b,3,254,195,449,1488.0,1234.0,2722.0,537,435,972
CL086_c,3,249,197,446,1586.0,1241.0,2827.0,523,450,973
SLP240_b,3,357,200,557,1201.0,860.0,2061.0,622,405,1027
CL087,3,262,218,480,1243.0,990.0,2233.0,494,423,917
SMP429,3,232,209,441,740.0,1147.0,1887.0,396,352,748
SMP231,3,108,109,217,528.0,599.0,1127.0,238,253,491
CL269,3,440,339,779,2939.0,2191.0,5130.0,859,605,1464
SMP323,3,289,290,579,1000.0,1076.0,2076.0,444,432,876
SMP449,3,326,168,494,2577.0,834.0,3411.0,785,324,1109
SLP141,3,228,189,417,1131.0,864.0,1995.0,453,391,844
SMP451,3,328,147,475,1815.0,769.0,2584.0,712,321,1033
SLP127,3,469,311,780,2151.0,1454.0,3605.0,1020,610,1630
SMP469,3,252,12,264,1274.0,12.0,1286.0,480,12,492
SLP111_a,3,121,73,194,382.0,366.0,748.0,212,177,389
DL2v_adPN,3,165,264,429,7159.0,7465.0,14624.0,620,952,1572
AVLP462,3,158,161,319,1154.0,1057.0,2211.0,408,388,796
DL3_lPN,3,158,281,439,5528.0,4630.0,10158.0,660,831,1491
SMP174,3,179,175,354,668.0,957.0,1625.0,275,384,659
CL232,3,156,175,331,722.0,623.0,1345.0,247,265,512
AVLP463,3,56,106,162,191.0,860.0,1051.0,95,252,347
SLP400,3,386,398,784,2876.0,2157.0,5033.0,973,833,1806
SMP467,3,233,195,428,898.0,841.0,1739.0,452,378,830
FB6R,3,265,84,349,2506.0,3346.0,5852.0,861,719,1580
SLP115,3,187,175,362,523.0,707.0,1230.0,301,335,636
SMP306,3,179,173,352,812.0,471.0,1283.0,345,274,619
DM5_lPN,3,143,251,394,1254.0,4235.0,5489.0,387,803,1190
SMP308,3,173,109,282,852.0,351.0,1203.0,315,177,492
SMP452,3,335,160,495,1686.0,610.0,2296.0,728,256,984
SLP405_c,3,306,190,496,1560.0,932.0,2492.0,644,378,1022
SLP135,3,498,207,705,3085.0,1194.0,4279.0,1092,468,1560
SMP247,3,260,273,533,1798.0,2577.0,4375.0,546,594,1140
SMP309,3,169,196,365,741.0,598.0,1339.0,306,304,610
SMP244,3,157,204,361,575.0,730.0,1305.0,292,353,645
CRE018,3,222,250,472,2363.0,1868.0,4231.0,565,542,1107
SMP224,3,117,117,234,774.0,761.0,1535.0,270,301,571
FB6B,3,257,111,368,4506.0,7331.0,11837.0,1026,1340,2366
CL243,3,165,127,292,578.0,504.0,1082.0,253,194,447
CRE016,3,222,294,516,1722.0,1403.0,3125.0,503,532,1035
CRE014,3,338,262,600,1842.0,1111.0,2953.0,698,425,1123
SMP243,3,184,229,413,651.0,809.0,1460.0,339,430,769
FB5U,3,99,85,184,4034.0,2643.0,6677.0,829,699,1528
SLP140,3,436,305,741,1548.0,822.0,2370.0,771,496,1267
SLP164_b,3,247,174,421,901.0,644.0,1545.0,490,364,854
SMP230,3,189,236,425,1188.0,1145.0,2333.0,426,485,911
SMP421,3,272,259,531,1907.0,2520.0,4427.0,513,492,1005
SMP349,3,299,238,537,2209.0,1690.0,3899.0,731,514,1245
CL299_b,3,144,129,273,596.0,844.0,1440.0,343,271,614
SLP182_a,3,181,156,337,652.0,720.0,1372.0,349,335,684
SLP182_c,3,300,166,466,1341.0,598.0,1939.0,654,301,955
CL300,3,141,129,270,441.0,452.0,893.0,247,189,436
SLP183,3,280,172,452,1016.0,754.0,1770.0,496,330,826
SLP185,3,332,197,529,1380.0,929.0,2309.0,677,344,1021
SLP186,3,205,200,405,1032.0,803.0,1835.0,385,386,771
CL301,3,121,130,251,394.0,395.0,789.0,220,203,423
AVLP581,3,281,317,598,1168.0,1699.0,2867.0,441,600,1041
AVLP580,3,270,218,488,1126.0,1828.0,2954.0,459,397,856
SMP212,3,140,215,355,817.0,1936.0,2753.0,279,475,754
SLP188_a,3,247,162,409,1051.0,783.0,1834.0,446,300,746
AVLP548_b,3,45,126,171,564.0,1305.0,1869.0,87,342,429
SMP213,3,248,159,407,941.0,1180.0,2121.0,415,289,704
SMP350,3,246,199,445,1766.0,1124.0,2890.0,654,448,1102
SLP193_b,3,312,205,517,1919.0,996.0,2915.0,735,467,1202
SMP354,3,264,227,491,2302.0,1881.0,4183.0,583,456,1039
CL105,3,279,200,479,1476.0,724.0,2200.0,517,321,838
SMP357,3,251,310,561,1372.0,1742.0,3114.0,566,612,1178
SMP022,3,390,269,659,1645.0,1323.0,2968.0,706,485,1191
SMP358,3,266,338,604,1421.0,1793.0,3214.0,533,619,1152
SMP020,3,207,251,458,995.0,1484.0,2479.0,433,526,959
SMP215,3,243,182,425,1626.0,1771.0,3397.0,543,414,957
SMP018_a,3,300,185,485,1987.0,797.0,2784.0,699,343,1042
SMP218,3,225,217,442,2197.0,2294.0,4491.0,674,557,1231
SMP380,3,161,226,387,1035.0,1206.0,2241.0,364,436,800
AVLP552,3,257,206,463,1941.0,1335.0,3276.0,701,407,1108
SMP221,3,152,137,289,1379.0,1121.0,2500.0,459,352,811
SMP222,3,171,151,322,1300.0,1366.0,2666.0,397,372,769
SMP362,3,236,252,488,1320.0,1425.0,2745.0,435,418,853
SMP211,3,206,256,462,1178.0,2507.0,3685.0,421,662,1083
CL298,3,149,194,343,531.0,787.0,1318.0,281,357,638
CL272_b,3,321,275,596,1086.0,1073.0,2159.0,503,423,926
AVLP589,3,105,132,237,446.0,731.0,1177.0,171,229,400
CL273,3,144,190,334,533.0,1135.0,1668.0,249,373,622
SMP325,3,274,238,512,1274.0,1297.0,2571.0,529,456,985
CL118,3,99,149,248,399.0,1061.0,1460.0,168,314,482
SMP328,3,272,242,514,1263.0,1723.0,2986.0,568,488,1056
SLP227,3,425,330,755,1638.0,1181.0,2819.0,771,548,1319
SLP177_a,3,317,134,451,1239.0,734.0,1973.0,594,298,892
SLP226,3,156,162,318,574.0,840.0,1414.0,268,313,581
SMP411,3,229,233,462,1232.0,1466.0,2698.0,456,479,935
SMP205,3,249,237,486,880.0,1092.0,1972.0,411,374,785
SLP431,3,297,123,420,1303.0,340.0,1643.0,553,170,723
AVLP519,3,264,166,430,1488.0,506.0,1994.0,580,269,849
SLP224,3,191,226,417,945.0,1469.0,2414.0,368,450,818
DNp23,3,415,55,470,3400.0,78.0,3478.0,760,61,821
SLP450,3,239,209,448,717.0,740.0,1457.0,401,352,753
AVLP523,3,310,224,534,1553.0,1391.0,2944.0,555,365,920
CL297,3,153,171,324,655.0,989.0,1644.0,312,331,643
SMP408_c,3,209,209,418,1504.0,1361.0,2865.0,444,433,877
SMP208,3,360,206,566,1759.0,1339.0,3098.0,699,438,1137
AVLP526,3,211,237,448,851.0,1183.0,2034.0,375,451,826
SMP332,3,231,170,401,1026.0,655.0,1681.0,432,288,720
CL090_e,3,314,270,584,1941.0,1541.0,3482.0,737,510,1247
SLP204,3,253,171,424,889.0,621.0,1510.0,444,309,753
SMP408,3,67,88,155,317.0,530.0,847.0,133,202,335
AVLP529,3,255,182,437,1873.0,1313.0,3186.0,514,334,848
SMP210,3,199,222,421,962.0,2192.0,3154.0,367,518,885
SLP454,3,209,38,247,667.0,40.0,707.0,365,40,405
CL091,3,232,199,431,1150.0,789.0,1939.0,473,368,841
CL349,3,174,122,296,801.0,439.0,1240.0,319,200,519
SLP199,3,272,191,463,1189.0,634.0,1823.0,560,317,877
SLP337,3,115,189,304,838.0,956.0,1794.0,236,398,634
FB7C,3,212,129,341,2120.0,2732.0,4852.0,826,644,1470
CL006,3,180,67,247,770.0,1274.0,2044.0,349,257,606
SMP270,3,187,207,394,601.0,988.0,1589.0,301,391,692
SMP495,3,536,415,951,4176.0,3051.0,7227.0,1042,793,1835
SLP312,3,289,273,562,1158.0,913.0,2071.0,516,457,973
CRE088,3,300,329,629,1335.0,1801.0,3136.0,572,666,1238
SLP325,3,176,176,352,1305.0,610.0,1915.0,379,323,702
CRE086,3,225,269,494,1114.0,1667.0,2781.0,407,565,972
SLP362,3,235,279,514,1410.0,1688.0,3098.0,494,560,1054
CRE065,3,159,186,345,700.0,1402.0,2102.0,313,409,722
SLP306,3,327,312,639,1652.0,1654.0,3306.0,658,594,1252
SMP488,3,250,198,448,1242.0,986.0,2228.0,516,361,877
CL045,3,288,192,480,1228.0,908.0,2136.0,556,364,920
SMP486_f,3,141,64,205,1144.0,163.0,1307.0,405,116,521
FB9B_b,3,65,40,105,650.0,634.0,1284.0,223,190,413
SMP486_e,3,110,18,128,784.0,24.0,808.0,299,23,322
SMP299,3,153,242,395,843.0,1197.0,2040.0,358,510,868
AVLP441,3,160,137,297,1282.0,1078.0,2360.0,380,287,667
CL210_a,3,188,73,261,538.0,149.0,687.0,288,97,385
SLP344,3,231,198,429,1025.0,586.0,1611.0,426,353,779
CL210_b,3,121,37,158,338.0,62.0,400.0,195,49,244
SLP090,3,133,145,278,515.0,577.0,1092.0,232,276,508
CRE043_a,3,333,146,479,3091.0,1950.0,5041.0,875,337,1212
SLP316,3,135,186,321,1767.0,2548.0,4315.0,290,498,788
SMP497,3,116,76,192,2276.0,557.0,2833.0,431,171,602
AVLP410,3,94,158,252,798.0,1130.0,1928.0,176,333,509
SMP498,3,197,189,386,1876.0,821.0,2697.0,601,333,934
SMP279_a,3,257,237,494,1512.0,1399.0,2911.0,521,460,981
SMP512,3,265,290,555,3768.0,3449.0,7217.0,753,830,1583
SMP510,3,204,241,445,700.0,1502.0,2202.0,417,601,1018
CL185,3,315,229,544,2093.0,1070.0,3163.0,649,420,1069
SLP322,3,211,167,378,693.0,1075.0,1768.0,351,433,784
SMP275,3,255,225,480,1256.0,1070.0,2326.0,426,357,783
CL161,3,259,286,545,1654.0,1626.0,3280.0,545,569,1114
CL192,3,293,213,506,1492.0,675.0,2167.0,628,372,1000
AVLP423,3,82,144,226,1265.0,2627.0,3892.0,213,494,707
AVLP424,3,54,81,135,310.0,1284.0,1594.0,103,198,301
SLP353,3,88,95,183,399.0,380.0,779.0,170,204,374
AVLP416,3,255,244,499,1315.0,1334.0,2649.0,498,429,927
CL193,3,277,172,449,986.0,762.0,1748.0,456,275,731
CL194,3,335,168,503,1210.0,827.0,2037.0,560,291,851
CL195,3,172,156,328,1150.0,950.0,2100.0,383,356,739
CRE064,3,192,228,420,1235.0,1526.0,2761.0,446,564,1010
SLP354,3,95,94,189,471.0,438.0,909.0,212,194,406
CL196,3,324,269,593,1421.0,900.0,2321.0,554,503,1057
SLP096,3,121,148,269,485.0,524.0,1009.0,196,279,475
SMP486_a,3,94,58,152,498.0,416.0,914.0,236,150,386
SLP345,3,195,203,398,765.0,666.0,1431.0,367,378,745
SMP262,3,145,133,278,634.0,759.0,1393.0,325,345,670
CL022,3,406,367,773,2179.0,2144.0,4323.0,744,703,1447
SMP474,3,231,238,469,1279.0,1358.0,2637.0,496,594,1090
CL019_b,3,281,266,547,1042.0,815.0,1857.0,528,423,951
AVLP406,3,137,226,363,2529.0,1820.0,4349.0,929,478,1407
SLP302,3,131,120,251,578.0,525.0,1103.0,279,295,574
CL168,3,224,294,518,540.0,1261.0,1801.0,340,526,866
CL048,3,215,185,400,782.0,756.0,1538.0,422,333,755
SMP265,3,218,118,336,686.0,258.0,944.0,422,170,592
CL169,3,185,177,362,929.0,814.0,1743.0,339,337,676
SLP369,3,264,177,441,1184.0,633.0,1817.0,511,291,802
SLP335,3,238,197,435,682.0,927.0,1609.0,383,350,733
SLP334,3,244,294,538,1074.0,942.0,2016.0,401,469,870
SLP104,3,329,168,497,1196.0,544.0,1740.0,642,303,945
CL047,3,247,151,398,950.0,531.0,1481.0,499,276,775
SLP103,3,294,169,463,1389.0,652.0,2041.0,539,291,830
DC3_adPN,3,135,263,398,5705.0,10112.0,15817.0,621,1058,1679
SLP105,3,192,109,301,955.0,410.0,1365.0,381,201,582
CL167,3,253,366,619,752.0,1677.0,2429.0,432,651,1083
SLP343,3,217,122,339,780.0,424.0,1204.0,365,205,570
SMP112,3,285,334,619,3206.0,2685.0,5891.0,761,783,1544
SLP087,3,226,253,479,670.0,709.0,1379.0,386,437,823
SLP367,3,152,143,295,595.0,520.0,1115.0,291,279,570
PLP052,2,332,287,619,1833.0,1677.0,3510.0,626,481,1107
SMP004,2,249,219,468,2036.0,2134.0,4170.0,477,385,862
SLP342,2,138,146,284,604.0,505.0,1109.0,228,225,453
PLP244,2,644,1446,2090,3934.0,9987.0,13921.0,1673,4258,5931
PLP053,2,298,264,562,1470.0,1119.0,2589.0,507,417,924
WED166_b,2,48,81,129,382.0,497.0,879.0,97,142,239
PLP013,2,264,351,615,1554.0,2263.0,3817.0,554,650,1204
SLP341,2,187,227,414,450.0,879.0,1329.0,249,363,612
PLP054,2,263,241,504,1229.0,1026.0,2255.0,420,359,779
SMP005,2,143,187,330,621.0,1797.0,2418.0,240,351,591
SMP003,2,194,203,397,820.0,1953.0,2773.0,298,366,664
SLP466,2,231,256,487,1051.0,1079.0,2130.0,366,370,736
PLP055,2,271,194,465,1437.0,939.0,2376.0,521,319,840
SLP346,2,196,185,381,1189.0,1173.0,2362.0,385,379,764
WED177,2,83,49,132,325.0,138.0,463.0,140,67,207
SMP006,2,257,205,462,1275.0,1750.0,3025.0,490,391,881
PLP231,2,207,468,675,1493.0,3587.0,5080.0,417,935,1352
PLP063,2,71,99,170,263.0,332.0,595.0,115,141,256
WED095,2,109,91,200,731.0,675.0,1406.0,215,190,405
SMP279_b,2,220,164,384,1142.0,823.0,1965.0,407,274,681
WED161_b,2,53,49,102,163.0,233.0,396.0,79,79,158
SLP451,2,253,209,462,782.0,769.0,1551.0,425,348,773
WED172,2,63,65,128,442.0,274.0,716.0,156,97,253
SLP349,2,113,103,216,552.0,282.0,834.0,199,160,359
SMP227,2,154,115,269,699.0,601.0,1300.0,292,225,517
SLP348,2,135,155,290,488.0,548.0,1036.0,215,234,449
WED166_a,2,46,70,116,262.0,339.0,601.0,74,100,174
WED106,2,103,114,217,528.0,706.0,1234.0,190,202,392
SLP347,2,156,104,260,620.0,541.0,1161.0,290,181,471
PLP057,2,262,222,484,1278.0,935.0,2213.0,482,357,839
PLP056,2,272,195,467,1328.0,953.0,2281.0,469,292,761
PLP050,2,95,88,183,259.0,350.0,609.0,157,136,293
PLP246,2,226,443,669,2154.0,6381.0,8535.0,355,712,1067
PLP049,2,95,99,194,327.0,329.0,656.0,146,136,282
PLP245,2,365,391,756,3057.0,3085.0,6142.0,624,743,1367
PLP041,2,128,109,237,630.0,469.0,1099.0,222,172,394
PPL106,2,346,328,674,10448.0,7725.0,18173.0,2301,2213,4514
SLP438,2,626,1244,1870,2440.0,5125.0,7565.0,1119,2553,3672
PPM1202,2,222,438,660,1583.0,1866.0,3449.0,445,932,1377
SLP460,2,208,265,473,696.0,1917.0,2613.0,318,495,813
PPL107,2,721,904,1625,15221.0,14413.0,29634.0,1756,2180,3936
PPM1201,2,716,1696,2412,3715.0,7116.0,10831.0,1155,3268,4423
PLP018,2,148,259,407,5305.0,3595.0,8900.0,616,504,1120
PLP039,2,91,133,224,437.0,556.0,993.0,177,219,396
SMP226,2,129,114,243,542.0,690.0,1232.0,215,225,440
PLP038,2,129,169,298,776.0,848.0,1624.0,349,278,627
SLP467,2,165,212,377,1171.0,966.0,2137.0,414,336,750
SLP462,2,137,208,345,656.0,1152.0,1808.0,226,318,544
PLP032,2,330,505,835,938.0,3667.0,4605.0,497,876,1373
SLP464,2,316,304,620,1130.0,1467.0,2597.0,541,528,1069
PPL108,2,521,611,1132,8498.0,8965.0,17463.0,1267,1768,3035
SLP465,2,209,178,387,721.0,821.0,1542.0,298,265,563
PLP017,2,339,392,731,1731.0,4850.0,6581.0,639,971,1610
WED100,2,54,76,130,319.0,513.0,832.0,97,162,259
PLP015,2,283,574,857,7785.0,5595.0,13380.0,740,1228,1968
PLP043,2,105,94,199,617.0,500.0,1117.0,201,170,371
WED166_d,2,40,51,91,123.0,209.0,332.0,58,68,126
SLP452,2,134,126,260,357.0,513.0,870.0,197,200,397
PPL204,2,183,359,542,2095.0,2982.0,5077.0,382,684,1066
PLP253,2,334,361,695,3001.0,1551.0,4552.0,817,579,1396
PLP045,2,94,97,191,335.0,395.0,730.0,145,142,287
PS003,2,165,174,339,783.0,1126.0,1909.0,305,351,656
PPL101,2,500,433,933,24509.0,12420.0,36929.0,4097,3391,7488
WED097,2,80,84,164,517.0,399.0,916.0,142,144,286
PPL105,2,273,278,551,9706.0,9259.0,18965.0,2512,2363,4875
PLP042_c,2,105,160,265,855.0,736.0,1591.0,277,308,585
PPL102,2,534,663,1197,13948.0,10266.0,24214.0,2119,2282,4401
SLP457,2,894,1612,2506,4037.0,7412.0,11449.0,1603,3713,5316
PPL103,2,444,159,603,21381.0,24209.0,45590.0,3006,2336,5342
PLP042_a,2,122,197,319,784.0,733.0,1517.0,317,353,670
PPL104,2,346,334,680,5855.0,5239.0,11094.0,1271,1257,2528
WED098,2,87,99,186,610.0,677.0,1287.0,157,185,342
PLP064_a,2,194,291,485,886.0,934.0,1820.0,317,421,738
SLP372,2,182,134,316,627.0,783.0,1410.0,318,262,580
SLP433,2,183,159,342,424.0,464.0,888.0,244,209,453
PLP186,2,182,212,394,776.0,762.0,1538.0,317,326,643
SMP251,2,385,290,675,2476.0,3480.0,5956.0,719,692,1411
SMP249,2,251,219,470,1389.0,1650.0,3039.0,352,326,678
PLP187,2,194,188,382,918.0,733.0,1651.0,322,292,614
SMP246,2,360,262,622,1519.0,1194.0,2713.0,597,399,996
PLP189,2,114,175,289,486.0,563.0,1049.0,244,277,521
WED138,2,86,63,149,654.0,220.0,874.0,186,95,281
WED140,2,81,45,126,457.0,88.0,545.0,135,58,193
PLP149,2,362,304,666,2393.0,1742.0,4135.0,798,504,1302
PLP142,2,204,345,549,1628.0,3897.0,5525.0,430,715,1145
PLP190,2,141,117,258,576.0,476.0,1052.0,241,174,415
PLP135,2,102,111,213,549.0,334.0,883.0,195,187,382
SLP410,2,335,28,363,1436.0,47.0,1483.0,526,33,559
PLP191,2,99,159,258,574.0,485.0,1059.0,213,215,428
PLP132,2,195,185,380,1545.0,1886.0,3431.0,297,312,609
PLP125,2,108,208,316,801.0,1823.0,2624.0,278,416,694
SLP364,2,177,142,319,1099.0,1126.0,2225.0,337,266,603
SLP412,2,244,222,466,1004.0,904.0,1908.0,368,305,673
WED142,2,80,31,111,374.0,61.0,435.0,176,41,217
PLP199,2,273,291,564,2271.0,1872.0,4143.0,598,580,1178
PLP114,2,117,147,264,484.0,570.0,1054.0,294,248,542
PLP113,2,46,32,78,300.0,85.0,385.0,151,40,191
SLP403,2,109,35,144,1346.0,73.0,1419.0,223,54,277
SMP252,2,356,270,626,1535.0,2603.0,4138.0,523,603,1126
SMP229,2,107,124,231,586.0,706.0,1292.0,198,268,466
SMP254,2,475,452,927,3004.0,4234.0,7238.0,944,971,1915
PLP181,2,180,250,430,680.0,1053.0,1733.0,288,421,709
WED128,2,101,165,266,336.0,458.0,794.0,175,247,422
SLP388,2,467,352,819,6396.0,5806.0,12202.0,985,925,1910
SLP396,2,271,240,511,1477.0,1461.0,2938.0,437,406,843
WED127,2,136,181,317,373.0,800.0,1173.0,201,222,423
PLP176,2,125,124,249,492.0,412.0,904.0,227,199,426
SMP259,2,200,141,341,813.0,902.0,1715.0,364,266,630
PLP173,2,160,172,332,900.0,1139.0,2039.0,344,361,705
SMP263,2,191,59,250,587.0,107.0,694.0,319,77,396
SMP264,2,117,73,190,394.0,161.0,555.0,233,104,337
WED129,2,127,186,313,445.0,529.0,974.0,200,288,488
SLP398,2,190,195,385,801.0,621.0,1422.0,314,296,610
SLP399,2,239,224,463,1361.0,1268.0,2629.0,516,435,951
PLP166,2,155,179,334,669.0,608.0,1277.0,321,281,602
PLP165,2,84,87,171,528.0,356.0,884.0,240,141,381
PLP162,2,327,405,732,1454.0,2269.0,3723.0,547,663,1210
PLP183,2,168,245,413,636.0,963.0,1599.0,261,313,574
PLP161,2,342,341,683,2005.0,2490.0,4495.0,612,595,1207
SMP258,2,263,246,509,1075.0,1241.0,2316.0,480,436,916
SMP255,2,384,254,638,2450.0,2837.0,5287.0,606,454,1060
PLP185,2,134,180,314,496.0,840.0,1336.0,232,300,532
SMP237,2,563,521,1084,3943.0,4063.0,8006.0,878,798,1676
PLP202,2,110,43,153,816.0,118.0,934.0,313,64,377
PLP109,2,79,65,144,549.0,106.0,655.0,224,83,307
PLP106,2,112,153,265,483.0,558.0,1041.0,244,239,483
WED110,2,100,126,226,630.0,689.0,1319.0,189,233,422
PLP085,2,214,355,569,1570.0,1624.0,3194.0,449,656,1105
SLP425,2,232,136,368,1286.0,393.0,1679.0,465,205,670
PLP083,2,241,399,640,1916.0,2443.0,4359.0,544,743,1287
PLP081,2,71,151,222,3142.0,2135.0,5277.0,551,642,1193
PLP224,2,193,127,320,1331.0,546.0,1877.0,508,221,729
SLP375,2,197,257,454,610.0,1360.0,1970.0,319,447,766
PLP078,2,125,171,296,2622.0,3046.0,5668.0,416,248,664
PLP073,2,93,111,204,638.0,601.0,1239.0,194,177,371
PLP071,2,138,211,349,1071.0,1514.0,2585.0,427,435,862
PLP070,2,99,129,228,534.0,790.0,1324.0,203,262,465
PLP069,2,207,256,463,1034.0,1806.0,2840.0,391,514,905
SMP272,2,492,340,832,4070.0,4808.0,8878.0,996,784,1780
PLP226,2,175,132,307,869.0,415.0,1284.0,398,209,607
SMP273,2,280,275,555,1870.0,3887.0,5757.0,568,650,1218
SLP429,2,243,89,332,1180.0,202.0,1382.0,414,116,530
PLP229,2,250,219,469,2593.0,1762.0,4355.0,503,388,891
WED161_a,2,55,50,105,210.0,363.0,573.0,92,87,179
PLP230,2,129,163,292,3289.0,1449.0,4738.0,378,225,603
SMP277,2,363,316,679,1530.0,1174.0,2704.0,577,452,1029
SMP278,2,235,195,430,1263.0,1082.0,2345.0,446,311,757
SLP355,2,235,197,432,828.0,1240.0,2068.0,352,434,786
WED155,2,97,115,212,414.0,352.0,766.0,176,166,342
PLP087,2,98,190,288,346.0,637.0,983.0,167,280,447
PLP099,2,139,184,323,463.0,862.0,1325.0,244,289,533
SMP266,2,220,155,375,683.0,790.0,1473.0,301,217,518
PLP102,2,91,101,192,469.0,371.0,840.0,217,153,370
PLP203_a,2,81,54,135,696.0,103.0,799.0,230,74,304
PLP101,2,81,118,199,413.0,462.0,875.0,201,197,398
PLP100,2,94,162,256,554.0,676.0,1230.0,269,270,539
WED147,2,100,116,216,417.0,287.0,704.0,172,146,318
PLP203_b,2,103,30,133,972.0,49.0,1021.0,299,35,334
SMP267,2,134,121,255,463.0,588.0,1051.0,216,202,418
PLP204,2,67,66,133,676.0,211.0,887.0,195,115,310
WED113,2,107,159,266,543.0,548.0,1091.0,198,261,459
SLP422,2,387,287,674,1973.0,1578.0,3551.0,679,510,1189
WED148,2,81,62,143,384.0,181.0,565.0,158,76,234
WED112,2,113,137,250,530.0,604.0,1134.0,188,239,427
SMP268,2,110,87,197,320.0,411.0,731.0,156,145,301
WED111,2,101,208,309,458.0,594.0,1052.0,190,310,500
PLP098,2,200,296,496,1233.0,1613.0,2846.0,393,541,934
SLP359,2,236,204,440,1666.0,1430.0,3096.0,440,408,848
PLP095,2,345,411,756,2236.0,2397.0,4633.0,589,692,1281
SLP357,2,157,313,470,754.0,2039.0,2793.0,279,519,798
PLP218,2,323,364,687,1300.0,2505.0,3805.0,566,665,1231
WED178,2,70,5,75,308.0,7.0,315.0,131,6,137
SLP085,2,104,182,286,211.0,490.0,701.0,131,261,392
SMP009,2,235,266,501,1156.0,1296.0,2452.0,493,513,1006
SMP111,2,256,294,550,1742.0,1376.0,3118.0,463,500,963
M_vPNml54,2,94,153,247,312.0,506.0,818.0,176,249,425
SMP115,2,377,325,702,5481.0,4102.0,9583.0,850,823,1673
M_vPNml50,2,271,268,539,9640.0,3569.0,13209.0,826,528,1354
M_spPN5t10,2,255,377,632,1728.0,2125.0,3853.0,518,515,1033
SMP116,2,475,354,829,6313.0,4241.0,10554.0,1121,822,1943
M_lvPNm47,2,99,133,232,618.0,566.0,1184.0,196,205,401
M_lvPNm46,2,82,107,189,306.0,475.0,781.0,185,167,352
SMP117_a,2,266,199,465,1973.0,1534.0,3507.0,563,465,1028
M_lvPNm42,2,134,244,378,974.0,1317.0,2291.0,383,476,859
SMP117_b,2,299,203,502,2298.0,1557.0,3855.0,647,479,1126
M_lvPNm40,2,100,203,303,704.0,724.0,1428.0,253,310,563
SMP118,2,278,181,459,1901.0,1296.0,3197.0,568,434,1002
M_lvPNm35,2,88,145,233,654.0,824.0,1478.0,254,299,553
M_lvPNm26,2,119,172,291,1146.0,1387.0,2533.0,425,347,772
M_lvPNm25,2,166,200,366,1179.0,2126.0,3305.0,591,403,994
M_lvPNm24,2,270,431,701,3098.0,4048.0,7146.0,1186,822,2008
SMP119,2,295,181,476,2726.0,1439.0,4165.0,619,316,935
SMP165,2,258,312,570,2734.0,3168.0,5902.0,631,757,1388
SMP121,2,169,175,344,1920.0,910.0,2830.0,470,328,798
SMP122,2,299,287,586,2259.0,2598.0,4857.0,693,554,1247
SMP164,2,421,474,895,2052.0,3369.0,5421.0,575,833,1408
M_lv2PN9t49,2,267,286,553,4515.0,2886.0,7401.0,696,519,1215
SMP163,2,519,563,1082,6001.0,5018.0,11019.0,842,801,1643
SMP125,2,285,296,581,1916.0,1875.0,3791.0,511,515,1026
M_lPNm13,2,140,237,377,762.0,1437.0,2199.0,380,374,754
M_lPNm12,2,180,280,460,845.0,1235.0,2080.0,382,460,842
v2LN34C,2,84,111,195,1691.0,648.0,2339.0,286,269,555
SMP126,2,266,204,470,1573.0,1510.0,3083.0,457,351,808
SMP127,2,285,267,552,2530.0,3504.0,6034.0,511,730,1241
SMP114,2,417,325,742,7551.0,4640.0,12191.0,1070,902,1972
M_vPNml61,2,82,119,201,677.0,563.0,1240.0,199,205,404
SMP010,2,343,330,673,2325.0,3722.0,6047.0,606,575,1181
M_vPNml63,2,127,205,332,3043.0,1470.0,4513.0,473,389,862
SMP100,2,113,82,195,604.0,312.0,916.0,243,154,397
SMP178,2,528,462,990,7668.0,5239.0,12907.0,1281,1082,2363
OA-VUMa2,2,565,1057,1622,3948.0,11374.0,15322.0,1449,3495,4944
SMP177,2,692,551,1243,15584.0,10550.0,26134.0,1545,1448,2993
pC1a,2,193,224,417,2867.0,2821.0,5688.0,464,452,916
OA-VUMa1,2,485,1074,1559,4679.0,13692.0,18371.0,1129,2779,3908
OA-VPM3,2,1207,2144,3351,12633.0,31105.0,43738.0,3852,8114,11966
OA-ASM3,2,619,1227,1846,2697.0,3615.0,6312.0,894,1973,2867
OA-ASM2,2,580,1140,1720,2461.0,3386.0,5847.0,863,1953,2816
pC1b,2,286,230,516,3323.0,2885.0,6208.0,735,546,1281
pC1c,2,340,389,729,3123.0,4268.0,7391.0,752,928,1680
NPFP1,2,432,377,809,1154.0,615.0,1769.0,550,423,973
SMP102,2,303,155,458,1266.0,451.0,1717.0,545,237,782
M_vPNml87,2,92,213,305,447.0,642.0,1089.0,186,320,506
M_vPNml86,2,81,161,242,374.0,534.0,908.0,144,264,408
M_vPNml85,2,61,122,183,217.0,512.0,729.0,89,222,311
pC1d,2,371,349,720,3744.0,4729.0,8473.0,657,654,1311
SMP176,2,416,320,736,7976.0,4605.0,12581.0,862,534,1396
SMP175,2,551,420,971,7019.0,4749.0,11768.0,1261,763,2024
SMP108,2,796,693,1489,25061.0,12019.0,37080.0,1997,1721,3718
SMP109,2,563,483,1046,6964.0,5420.0,12384.0,1178,978,2156
M_vPNml70,2,85,106,191,529.0,482.0,1011.0,195,206,401
SMP171,2,259,131,390,1162.0,637.0,1799.0,461,227,688
M_vPNml67,2,87,159,246,748.0,562.0,1310.0,259,245,504
SMP110,2,314,197,511,1939.0,527.0,2466.0,644,266,910
SMP170,2,229,169,398,1760.0,1685.0,3445.0,530,392,922
M_vPNml66,2,93,105,198,438.0,366.0,804.0,188,160,348
M_vPNml65,2,120,180,300,990.0,1132.0,2122.0,354,336,690
M_vPNml64,2,110,159,269,1933.0,1187.0,3120.0,493,295,788
SMP128,2,255,293,548,1618.0,2504.0,4122.0,432,637,1069
SMP129,2,249,231,480,1633.0,1284.0,2917.0,562,490,1052
SMP130,2,298,195,493,2557.0,1282.0,3839.0,635,416,1051
SMP161,2,262,241,503,2106.0,3587.0,5693.0,520,568,1088
v2LN5,2,48,55,103,2731.0,1914.0,4645.0,305,128,433
MBON19,2,95,171,266,3079.0,1823.0,4902.0,742,378,1120
MBON18,2,115,201,316,12717.0,2861.0,15578.0,1059,537,1596
MBON15-like,2,129,176,305,4553.0,1181.0,5734.0,801,359,1160
MBON15,2,193,243,436,2920.0,1341.0,4261.0,881,432,1313
SMP140,2,198,227,425,1049.0,986.0,2035.0,398,436,834
MBON12,2,147,362,509,16637.0,10114.0,26751.0,2304,1094,3398
MBON11,2,102,269,371,26839.0,8767.0,35606.0,2198,1189,3387
SMP141,2,186,215,401,1020.0,1086.0,2106.0,390,469,859
SMP142,2,868,1512,2380,3903.0,7255.0,11158.0,1675,3263,4938
SMP143,2,684,1036,1720,3874.0,6934.0,10808.0,1475,2596,4071
MBON06,2,112,237,349,21314.0,4629.0,25943.0,1290,944,2234
MBON05,2,127,297,424,28315.0,7693.0,36008.0,1158,1127,2285
SMP144,2,381,300,681,3988.0,2244.0,6232.0,927,694,1621
MBON04,2,441,401,842,23220.0,10391.0,33611.0,2180,1105,3285
MBON03,2,108,194,302,21924.0,6772.0,28696.0,1038,573,1611
MBON02,2,136,259,395,20915.0,3181.0,24096.0,2634,490,3124
MBON01,2,242,378,620,34169.0,11329.0,45498.0,1654,829,2483
MB-C1,2,224,183,407,8107.0,13688.0,21795.0,2331,2512,4843
SMP145,2,817,1451,2268,4183.0,7483.0,11666.0,1584,3182,4766
SMP146,2,576,418,994,7036.0,7585.0,14621.0,1333,888,2221
SMP147,2,631,219,850,7215.0,2299.0,9514.0,1152,306,1458
SMP152,2,373,325,698,2093.0,3917.0,6010.0,623,598,1221
SMP149,2,706,1097,1803,4098.0,7343.0,11441.0,1557,2748,4305
Li17,2,58,54,112,561.0,1051.0,1612.0,177,345,522
Li16,2,95,92,187,1843.0,2478.0,4321.0,372,959,1331
vLN24,2,193,182,375,7071.0,3916.0,10987.0,1304,441,1745
vLN25,2,153,144,297,4335.0,1861.0,6196.0,816,277,1093
Li12,2,86,74,160,934.0,1386.0,2320.0,323,561,884
MBON21,2,245,316,561,14205.0,6552.0,20757.0,1445,824,2269
MBON22,2,117,214,331,13985.0,4263.0,18248.0,1819,676,2495
MBON24,2,266,274,540,9003.0,1728.0,10731.0,1659,394,2053
SMP135,2,223,198,421,1236.0,953.0,2189.0,446,387,833
v2LN39B,2,77,105,182,633.0,814.0,1447.0,222,185,407
SMP160,2,419,185,604,2944.0,2536.0,5480.0,982,536,1518
SMP131,2,293,200,493,2400.0,1179.0,3579.0,614,417,1031
M_l2PNm16,2,275,384,659,5387.0,5109.0,10496.0,793,958,1751
M_l2PN3t18,2,216,274,490,3299.0,2342.0,5641.0,633,509,1142
M_l2PN10t19,2,103,171,274,1434.0,1920.0,3354.0,223,316,539
M_adPNm4,2,130,170,300,1210.0,1352.0,2562.0,553,403,956
v2LN41,2,64,100,164,1278.0,768.0,2046.0,200,221,421
v2LN42,2,70,65,135,1114.0,299.0,1413.0,318,113,431
SMP158,2,348,380,728,2994.0,1935.0,4929.0,607,610,1217
v2LN44,2,85,53,138,742.0,332.0,1074.0,286,87,373
SMP157,2,452,388,840,2705.0,3168.0,5873.0,808,675,1483
SMP156,2,469,197,666,7489.0,2176.0,9665.0,1032,328,1360
SMP154,2,430,363,793,5208.0,4155.0,9363.0,966,766,1732
MBON25,2,107,131,238,1602.0,1141.0,2743.0,574,325,899
MBON35,2,848,562,1410,25024.0,7273.0,32297.0,2385,941,3326
MBON34,2,139,167,306,1248.0,1167.0,2415.0,445,373,818
MBON33,2,557,377,934,7432.0,2445.0,9877.0,1450,705,2155
MBON32,2,471,341,812,17773.0,5528.0,23301.0,1711,647,2358
MBON31,2,298,336,634,11162.0,4992.0,16154.0,904,685,1589
MBON30,2,256,364,620,14191.0,9270.0,23461.0,1375,1063,2438
MBON29,2,212,310,522,10070.0,4010.0,14080.0,1661,726,2387
SMP138,2,242,217,459,1744.0,1496.0,3240.0,507,494,1001
SMP153,2,473,466,939,4332.0,3534.0,7866.0,1043,758,1801
MBON27,2,462,439,901,9674.0,3722.0,13396.0,1561,763,2324
MBON26,2,427,424,851,12447.0,7723.0,20170.0,1265,812,2077
v2LN49,2,63,46,109,918.0,706.0,1624.0,185,108,293
SMP139,2,230,239,469,1329.0,1248.0,2577.0,456,473,929
SMP179,2,419,342,761,2365.0,2284.0,4649.0,794,727,1521
OA-VUMa5,2,226,337,563,2159.0,5150.0,7309.0,873,1079,1952
SMP098_b,2,181,73,254,700.0,283.0,983.0,342,145,487
SMP062,2,288,198,486,3239.0,1302.0,4541.0,591,399,990
aIPg3,2,236,278,514,1360.0,1693.0,3053.0,466,479,945
aIPg4,2,295,204,499,1220.0,2312.0,3532.0,486,387,873
SMP050,2,558,433,991,5662.0,3251.0,8913.0,1190,699,1889
aMe1,2,50,55,105,1032.0,1431.0,2463.0,178,119,297
SMP051,2,420,293,713,5479.0,2025.0,7504.0,911,469,1380
aMe12,2,47,217,264,193.0,3798.0,3991.0,98,473,571
aMe14a,2,102,92,194,506.0,665.0,1171.0,170,198,368
PAM04_b,2,92,37,129,637.0,445.0,1082.0,402,294,696
aMe17a,2,358,97,455,2181.0,139.0,2320.0,561,109,670
aMe17b,2,190,69,259,1229.0,82.0,1311.0,354,78,432
aMe17c,2,145,21,166,1286.0,23.0,1309.0,243,22,265
SMP053,2,415,295,710,4411.0,3743.0,8154.0,944,550,1494
aMe24,2,485,691,1176,4611.0,5775.0,10386.0,795,1039,1834
SMP054,2,374,340,714,4844.0,2473.0,7317.0,665,605,1270
PAL03,2,313,460,773,2712.0,3865.0,6577.0,837,1445,2282
PAL02,2,327,440,767,4808.0,3652.0,8460.0,867,1251,2118
PAL01,2,420,557,977,4851.0,4528.0,9379.0,1026,1752,2778
SMP209,2,247,167,414,1058.0,841.0,1899.0,420,285,705
P1-9,2,16,26,42,506.0,1756.0,2262.0,168,474,642
SMP056,2,389,242,631,3346.0,3461.0,6807.0,955,534,1489
SMP058,2,268,317,585,2075.0,2687.0,4762.0,453,571,1024
Out-of-bounds,2,5,30,35,26.0,100.0,126.0,17,64,81
SMP059,2,237,263,500,1418.0,2058.0,3476.0,398,538,936
SMP060,2,267,216,483,1602.0,1531.0,3133.0,509,447,956
SMP207,2,402,155,557,2090.0,1008.0,3098.0,659,280,939
aMe8,2,147,107,254,1471.0,3673.0,5144.0,269,285,554
SMP061,2,346,186,532,4623.0,1503.0,6126.0,687,371,1058
aSP-f1A,2,173,137,310,645.0,370.0,1015.0,292,208,500
aSP-f1B,2,140,158,298,357.0,461.0,818.0,201,256,457
SMP049,2,833,874,1707,5287.0,7169.0,12456.0,1485,1563,3048
SMP048,2,726,833,1559,5959.0,9225.0,15184.0,1496,1715,3211
aDT4,2,82,203,285,181.0,865.0,1046.0,107,302,409
SMP029,2,314,215,529,3110.0,1635.0,4745.0,632,363,995
SMP011,2,453,401,854,3790.0,3719.0,7509.0,963,664,1627
SMP012,2,390,296,686,3148.0,3290.0,6438.0,768,568,1336
WEDPN16_a,2,96,132,228,286.0,348.0,634.0,148,169,317
WEDPN16_b,2,89,79,168,343.0,413.0,756.0,164,136,300
WEDPN16_c,2,117,99,216,501.0,487.0,988.0,175,152,327
SMP216,2,159,171,330,768.0,761.0,1529.0,259,283,542
WEDPN17_b,2,84,144,228,445.0,816.0,1261.0,154,285,439
SMP021,2,216,188,404,1127.0,956.0,2083.0,395,335,730
SMP023,2,277,211,488,851.0,852.0,1703.0,454,347,801
SMP214,2,108,83,191,300.0,535.0,835.0,151,127,278
SMP026,2,568,365,933,3741.0,4093.0,7834.0,838,737,1575
SMP027,2,274,237,511,2095.0,2722.0,4817.0,544,460,1004
WEDPN2B,2,195,280,475,1376.0,1738.0,3114.0,354,485,839
SMP031,2,289,293,582,2320.0,1329.0,3649.0,613,502,1115
PAM08_d,2,225,93,318,1864.0,1484.0,3348.0,1022,664,1686
SMP034,2,299,244,543,2126.0,1186.0,3312.0,641,434,1075
WEDPN6C,2,92,73,165,259.0,273.0,532.0,136,105,241
SMP036,2,266,337,603,1373.0,2141.0,3514.0,441,555,996
SMP037,2,409,227,636,1978.0,1838.0,3816.0,623,398,1021
SMP039,2,345,610,955,1606.0,2265.0,3871.0,698,1263,1961
SMP040,2,269,228,497,1540.0,2110.0,3650.0,371,364,735
PAM15_a,2,156,34,190,1452.0,728.0,2180.0,707,397,1104
SMP041,2,410,294,704,2498.0,2013.0,4511.0,712,503,1215
SMP042,2,463,303,766,2103.0,2834.0,4937.0,710,526,1236
SMP043,2,418,215,633,1221.0,2118.0,3339.0,683,375,1058
SMP044,2,282,236,518,1162.0,1647.0,2809.0,418,353,771
WEDPN8B,2,46,114,160,126.0,306.0,432.0,73,172,245
WEDPN8D,2,90,180,270,410.0,732.0,1142.0,138,320,458
aSP-f2,2,114,110,224,294.0,378.0,672.0,190,206,396
SMP063,2,349,205,554,3232.0,1044.0,4276.0,672,322,994
OCG02,2,57,255,312,134.0,2342.0,2476.0,84,506,590
SMP064,2,402,217,619,3219.0,968.0,4187.0,747,323,1070
lLN2T_c,2,225,257,482,31650.0,18075.0,49725.0,3450,1667,5117
SMP190,2,261,259,520,1381.0,2558.0,3939.0,416,449,865
SMP188,2,374,281,655,2624.0,2158.0,4782.0,739,435,1174
SMP186,2,276,281,557,1520.0,2265.0,3785.0,509,567,1076
SMP185,2,413,466,879,3846.0,3639.0,7485.0,841,796,1637
SMP184,2,517,488,1005,3951.0,4017.0,7968.0,892,794,1686
lLN2T_d,2,208,252,460,16433.0,16521.0,32954.0,2802,3151,5953
lLN2T_e,2,248,276,524,19106.0,18450.0,37556.0,2922,3989,6911
lLN8,2,90,88,178,1211.0,1682.0,2893.0,427,446,873
SMP094,2,139,136,275,690.0,1662.0,2352.0,305,412,717
lLN9,2,67,70,137,302.0,532.0,834.0,195,239,434
SMP181,2,545,782,1327,8659.0,6904.0,15563.0,1393,2296,3689
mAL2A,2,54,102,156,178.0,510.0,688.0,103,200,303
mAL5A,2,48,146,194,98.0,753.0,851.0,63,230,293
mAL5B,2,70,157,227,130.0,554.0,684.0,88,242,330
mAL6,2,203,269,472,862.0,1491.0,2353.0,315,498,813
SMP096,2,212,116,328,613.0,215.0,828.0,332,149,481
mALB1,2,339,598,937,2853.0,5515.0,8368.0,520,926,1446
mALB3,2,180,357,537,1130.0,3075.0,4205.0,313,735,1048
mALC6,2,55,94,149,846.0,1260.0,2106.0,101,164,265
mALD1,2,736,1108,1844,6053.0,9807.0,15860.0,1213,1866,3079
oviDNb,2,174,17,191,1516.0,22.0,1538.0,389,20,409
OCG06,2,181,154,335,673.0,396.0,1069.0,322,206,528
OCG05,2,86,63,149,240.0,137.0,377.0,138,88,226
SMP097_a,2,175,115,290,675.0,486.0,1161.0,356,207,563
oviIN,2,1078,1230,2308,29882.0,43093.0,72975.0,3155,4449,7604
SMP097_b,2,164,103,267,678.0,457.0,1135.0,318,159,477
OCG03,2,8,82,90,41.0,819.0,860.0,16,180,196
SMP098_a,2,140,100,240,668.0,404.0,1072.0,309,183,492
lLN2T_b,2,251,280,531,30823.0,20866.0,51689.0,4327,3868,8195
lLN2R_b,2,167,210,377,5063.0,4936.0,9999.0,1388,1006,2394
SMP192,2,297,283,580,1255.0,2076.0,3331.0,423,479,902
SMP072,2,318,129,447,1391.0,552.0,1943.0,577,167,744
aSP-g3B,2,119,154,273,530.0,930.0,1460.0,223,305,528
SMP204,2,301,230,531,2601.0,2093.0,4694.0,611,366,977
SMP201,2,362,225,587,1720.0,2221.0,3941.0,490,344,834
aSP8,2,79,90,169,234.0,486.0,720.0,132,173,305
SMP199,2,534,320,854,4165.0,4187.0,8352.0,990,556,1546
ascending neuron,2,58,163,221,230.0,1381.0,1611.0,95,340,435
il3LN6,2,191,248,439,26104.0,18052.0,44156.0,3298,2841,6139
SMP198,2,484,390,874,5045.0,3721.0,8766.0,865,715,1580
l2LN19,2,121,127,248,1792.0,2220.0,4012.0,648,472,1120
SMP070,2,324,126,450,1565.0,580.0,2145.0,649,163,812
l2LN20,2,59,61,120,1452.0,1028.0,2480.0,164,156,320
l2LN22,2,71,60,131,1199.0,1785.0,2984.0,157,171,328
l2LN23,2,57,50,107,3095.0,1047.0,4142.0,229,101,330
SMP074,2,269,122,391,1110.0,572.0,1682.0,407,172,579
SMP195_b,2,173,164,337,1065.0,983.0,2048.0,317,267,584
lLN12B,2,108,151,259,1203.0,1453.0,2656.0,397,403,800
SMP075,2,386,394,780,3841.0,3457.0,7298.0,805,722,1527
lLN14,2,72,82,154,380.0,424.0,804.0,236,175,411
SMP076,2,861,881,1742,6574.0,6584.0,13158.0,1605,1527,3132
SMP077,2,606,471,1077,7313.0,3532.0,10845.0,1307,800,2107
lLN17,2,79,95,174,731.0,1438.0,2169.0,379,437,816
SMP078,2,724,695,1419,5722.0,4837.0,10559.0,1631,1317,2948
lLN1_a,2,217,290,507,11335.0,10795.0,22130.0,1033,1146,2179
SMP079,2,457,346,803,5157.0,2025.0,7182.0,1007,534,1541
lLN2F_a,2,255,316,571,36573.0,34328.0,70901.0,4579,4801,9380
SMP080,2,387,235,622,5413.0,2396.0,7809.0,782,419,1201
lLN2F_b,2,256,309,565,47911.0,54671.0,102582.0,4563,4886,9449
SMP196,2,245,163,408,948.0,920.0,1868.0,407,246,653
PS005_b,2,82,41,123,257.0,112.0,369.0,124,60,184
PS095,2,37,81,118,76.0,517.0,593.0,52,147,199
WED094,2,138,132,270,757.0,894.0,1651.0,227,256,483
SMP604,2,152,9,161,967.0,9.0,976.0,268,9,277
SMP448,2,282,198,480,2191.0,998.0,3189.0,544,308,852
SLP145,2,211,135,346,857.0,419.0,1276.0,365,204,569
SLP146,2,207,135,342,719.0,464.0,1183.0,338,226,564
SAD053,2,72,107,179,1363.0,1880.0,3243.0,221,222,443
SMP447,2,329,264,593,2503.0,1300.0,3803.0,654,400,1054
SLP152,2,243,234,477,788.0,894.0,1682.0,350,366,716
SAD051_a,2,23,80,103,492.0,1042.0,1534.0,81,171,252
SAD049,2,223,222,445,2110.0,2353.0,4463.0,527,449,976
SMP446,2,238,193,431,1649.0,843.0,2492.0,425,325,750
SAD046,2,77,99,176,187.0,416.0,603.0,99,152,251
SLP157,2,232,216,448,1324.0,965.0,2289.0,471,399,870
SLP158,2,214,183,397,695.0,577.0,1272.0,303,263,566
SAD044,2,107,255,362,421.0,2082.0,2503.0,161,493,654
SAD041,2,54,29,83,158.0,52.0,210.0,70,32,102
SAD040,2,31,64,95,461.0,757.0,1218.0,54,110,164
SAD031,2,89,157,246,994.0,1097.0,2091.0,241,279,520
TuTuB_a,2,21,19,40,2135.0,2687.0,4822.0,341,439,780
TuTuB_b,2,21,17,38,1762.0,1555.0,3317.0,233,190,423
SAD030,2,32,54,86,122.0,96.0,218.0,47,69,116
SLP159,2,349,261,610,813.0,774.0,1587.0,495,400,895
SLP161,2,195,180,375,961.0,1134.0,2095.0,316,300,616
SAD028,2,66,84,150,439.0,339.0,778.0,127,147,274
VA1v_vPN,2,119,297,416,3486.0,2494.0,5980.0,446,594,1040
VA3_adPN,2,172,308,480,5991.0,9610.0,15601.0,532,1024,1556
SMP437,2,200,247,447,545.0,996.0,1541.0,279,408,687
SMP434,2,182,163,345,930.0,751.0,1681.0,317,255,572
SAD025,2,72,98,170,1126.0,568.0,1694.0,169,187,356
SAD024,2,70,104,174,1507.0,822.0,2329.0,195,222,417
SMP433,2,191,177,368,520.0,533.0,1053.0,264,274,538
SAD056,2,32,72,104,169.0,383.0,552.0,70,126,196
SMP454,2,992,984,1976,11671.0,15856.0,27527.0,2209,2318,4527
SMP582,2,136,134,270,1472.0,1082.0,2554.0,378,365,743
SAD060,2,33,66,99,139.0,380.0,519.0,65,115,180
SMP466,2,197,206,403,515.0,721.0,1236.0,299,335,634
SMP589,2,370,331,701,3451.0,2588.0,6039.0,962,872,1834
SAG,2,60,160,220,570.0,1874.0,2444.0,170,380,550
SLP122,2,254,227,481,1050.0,661.0,1711.0,425,355,780
SMP593,2,544,878,1422,3225.0,11725.0,14950.0,990,2253,3243
SAD091,2,44,37,81,268.0,76.0,344.0,88,46,134
SLP124,2,195,161,356,543.0,503.0,1046.0,308,237,545
SMP462,2,380,268,648,4318.0,1040.0,5358.0,934,481,1415
SLP128,2,247,189,436,724.0,627.0,1351.0,409,288,697
SAD088,2,39,55,94,345.0,314.0,659.0,74,106,180
SLP129_b,2,392,226,618,2068.0,1747.0,3815.0,801,487,1288
SAD086,2,26,35,61,66.0,96.0,162.0,31,42,73
SLP137,2,197,286,483,504.0,836.0,1340.0,272,420,692
SAD081,2,42,79,121,138.0,321.0,459.0,67,136,203
SAD080,2,38,57,95,178.0,374.0,552.0,51,104,155
SMP594,2,211,322,533,1212.0,3257.0,4469.0,387,548,935
SMP601,2,126,113,239,667.0,571.0,1238.0,252,199,451
SMP458,2,281,289,570,1786.0,1713.0,3499.0,494,472,966
SMP602,2,143,141,284,680.0,1670.0,2350.0,285,395,680
SAD073,2,152,124,276,461.0,915.0,1376.0,207,201,408
SMP603,2,234,28,262,4006.0,78.0,4084.0,471,29,500
SLP138,2,258,243,501,859.0,767.0,1626.0,443,436,879
SAD068,2,14,57,71,19.0,199.0,218.0,15,92,107
SAD066,2,17,34,51,96.0,720.0,816.0,24,77,101
SAD064,2,78,98,176,1282.0,1699.0,2981.0,304,305,609
SAD063,2,13,89,102,14.0,363.0,377.0,13,121,134
SMP456,2,551,94,645,4643.0,120.0,4763.0,1228,106,1334
SMP455,2,240,249,489,1536.0,1628.0,3164.0,392,432,824
SAD061,2,50,95,145,117.0,502.0,619.0,68,130,198
SAD021_c,2,76,146,222,1666.0,1638.0,3304.0,203,385,588
SAD020,2,70,85,155,558.0,647.0,1205.0,167,155,322
SAD018,2,44,50,94,73.0,226.0,299.0,60,82,142
SAD017,2,64,103,167,141.0,907.0,1048.0,94,206,300
PVLP127,2,180,138,318,1511.0,566.0,2077.0,590,242,832
VES019,2,97,156,253,508.0,970.0,1478.0,187,293,480
PVLP126,2,175,150,325,864.0,584.0,1448.0,364,248,612
PVLP124,2,263,140,403,1601.0,809.0,2410.0,510,227,737
VES021,2,99,69,168,289.0,243.0,532.0,138,104,242
PVLP119,2,675,210,885,10470.0,930.0,11400.0,1361,297,1658
PVLP118,2,253,384,637,1401.0,2197.0,3598.0,540,693,1233
SMP408_b,2,303,230,533,2424.0,1063.0,3487.0,627,396,1023
PVLP116,2,362,306,668,3061.0,1213.0,4274.0,773,494,1267
VES024,2,36,70,106,128.0,243.0,371.0,57,112,169
VES029,2,221,50,271,2245.0,95.0,2340.0,382,63,445
PVLP110,2,225,190,415,1268.0,790.0,2058.0,503,416,919
PVLP109,2,189,285,474,1537.0,1225.0,2762.0,541,450,991
PVLP108,2,172,280,452,1063.0,1223.0,2286.0,422,477,899
PVLP105,2,60,102,162,167.0,483.0,650.0,112,162,274
SMP408_a,2,265,207,472,1409.0,801.0,2210.0,495,332,827
PVLP102,2,135,249,384,950.0,1608.0,2558.0,311,444,755
SLP181,2,257,149,406,984.0,409.0,1393.0,429,242,671
VES034_a,2,73,109,182,723.0,494.0,1217.0,148,181,329
PVLP097_a,2,121,232,353,7665.0,2136.0,9801.0,725,694,1419
PVLP093,2,441,473,914,3174.0,4879.0,8053.0,1012,1048,2060
PVLP088,2,143,276,419,1193.0,2004.0,3197.0,309,637,946
SMP405,2,294,260,554,1643.0,1835.0,3478.0,573,451,1024
PVLP086,2,82,126,208,1304.0,1284.0,2588.0,477,263,740
SMP402,2,162,116,278,1713.0,727.0,2440.0,324,193,517
SMP401,2,158,126,284,1857.0,912.0,2769.0,335,218,553
PVLP083,2,170,294,464,1041.0,1302.0,2343.0,309,519,828
SMP400,2,190,146,336,2021.0,1245.0,3266.0,394,258,652
PVLP081,2,166,262,428,1823.0,2018.0,3841.0,429,612,1041
PVLP128,2,168,97,265,1016.0,615.0,1631.0,354,161,515
SLP178,2,199,118,317,902.0,626.0,1528.0,367,222,589
PVLP130,2,173,216,389,2802.0,3049.0,5851.0,503,323,826
SMP416,2,138,104,242,1170.0,600.0,1770.0,261,164,425
SMP431,2,187,148,335,439.0,456.0,895.0,295,246,541
SMP430,2,171,183,354,450.0,551.0,1001.0,267,269,536
SLP164_a,2,245,162,407,772.0,491.0,1263.0,388,249,637
SMP428,2,156,167,323,408.0,637.0,1045.0,211,230,441
SAD009,2,111,119,230,343.0,281.0,624.0,169,142,311
SMP425,2,316,274,590,1756.0,2288.0,4044.0,464,399,863
VA6_adPN,2,149,290,439,5607.0,9731.0,15338.0,407,717,1124
SMP424,2,319,210,529,1728.0,1567.0,3295.0,515,367,882
SLP165,2,258,167,425,582.0,642.0,1224.0,349,249,598
SLP166,2,246,213,459,537.0,606.0,1143.0,308,275,583
SAD003,2,42,69,111,251.0,528.0,779.0,86,154,240
SMP422,2,201,161,362,1004.0,1492.0,2496.0,280,268,548
SMP417,2,134,115,249,1054.0,592.0,1646.0,207,181,388
SMP415,2,266,268,534,1462.0,1176.0,2638.0,436,419,855
PVLP131,2,281,243,524,1792.0,1501.0,3293.0,556,384,940
SLP172,2,242,161,403,1226.0,530.0,1756.0,431,243,674
SLP174,2,422,112,534,1587.0,313.0,1900.0,710,162,872
PVLP149,2,210,294,504,1030.0,3330.0,4360.0,371,554,925
PVLP148,2,192,288,480,948.0,1798.0,2746.0,343,506,849
PVLP147,2,85,45,130,171.0,94.0,265.0,118,69,187
SMP414,2,242,253,495,1179.0,944.0,2123.0,405,378,783
SMP413,2,213,212,425,1137.0,1142.0,2279.0,401,355,756
PVLP135,2,189,239,428,10273.0,3301.0,13574.0,898,515,1413
SLP177_b,2,213,155,368,844.0,606.0,1450.0,402,268,670
PVLP134,2,144,165,309,419.0,374.0,793.0,231,204,435
SMP410,2,259,211,470,1346.0,1421.0,2767.0,417,330,747
VES009,2,342,235,577,6516.0,3207.0,9723.0,682,387,1069
PVLP132,2,283,75,358,13015.0,782.0,13797.0,1919,328,2247
SIP002,2,141,140,281,626.0,783.0,1409.0,261,267,528
SMP581,2,191,280,471,546.0,1095.0,1641.0,305,453,758
SLP336,2,171,207,378,440.0,665.0,1105.0,243,295,538
SLP027,2,114,118,232,536.0,475.0,1011.0,214,201,415
SLP026,2,154,121,275,724.0,482.0,1206.0,266,208,474
SLP025,2,228,130,358,1446.0,576.0,2022.0,476,237,713
SLP024_c,2,195,92,287,866.0,468.0,1334.0,363,181,544
SMP540,2,179,127,306,1273.0,799.0,2072.0,421,280,701
SMP541,2,386,466,852,5696.0,5336.0,11032.0,844,890,1734
SMP543,2,490,189,679,4268.0,434.0,4702.0,951,253,1204
SMP544,2,481,182,663,3510.0,1190.0,4700.0,903,260,1163
SLP100,2,179,120,299,720.0,551.0,1271.0,302,229,531
SLP015_d,2,218,106,324,773.0,393.0,1166.0,359,173,532
SMP545,2,235,172,407,3609.0,953.0,4562.0,707,372,1079
SMP546,2,312,311,623,2150.0,1274.0,3424.0,516,475,991
SMP547,2,300,313,613,2235.0,1413.0,3648.0,535,492,1027
SLP015_b,2,198,114,312,682.0,418.0,1100.0,327,171,498
SLP101,2,323,203,526,1338.0,540.0,1878.0,517,270,787
SLP014,2,393,264,657,1560.0,771.0,2331.0,646,423,1069
SLP010,2,239,98,337,803.0,599.0,1402.0,365,188,553
SLP008,2,296,144,440,1029.0,635.0,1664.0,501,248,749
SLP007,2,161,143,304,488.0,845.0,1333.0,231,250,481
SMP509,2,155,173,328,348.0,1085.0,1433.0,226,414,640
SIP089,2,110,134,244,634.0,532.0,1166.0,205,226,431
SIP087,2,603,865,1468,14277.0,10043.0,24320.0,1660,2642,4302
SIP086,2,184,275,459,799.0,2214.0,3013.0,268,415,683
SMP507,2,296,271,567,2533.0,1920.0,4453.0,438,422,860
SMP506,2,317,281,598,1357.0,2137.0,3494.0,454,438,892
SMP505,2,337,177,514,5120.0,1581.0,6701.0,981,432,1413
SIP079,2,58,45,103,222.0,59.0,281.0,94,55,149
SMP504,2,415,431,846,4254.0,5494.0,9748.0,942,964,1906
SIP077,2,281,249,530,1061.0,1097.0,2158.0,458,416,874
SMP503,2,969,1360,2329,7657.0,8985.0,16642.0,2049,3518,5567
SMP513,2,219,232,451,1798.0,2116.0,3914.0,475,496,971
SMP539,2,182,190,372,1885.0,1630.0,3515.0,467,453,920
SMP579,2,455,255,710,2255.0,2495.0,4750.0,725,449,1174
SMP537,2,177,144,321,2279.0,2291.0,4570.0,480,357,837
SLP084,2,149,141,290,464.0,480.0,944.0,218,231,449
SMP527,2,497,614,1111,1792.0,4222.0,6014.0,718,1060,1778
SLP078,2,168,170,338,804.0,847.0,1651.0,264,281,545
SLP076,2,247,300,547,720.0,1411.0,2131.0,345,486,831
SLP062,2,223,313,536,1365.0,2044.0,3409.0,426,584,1010
SLP089,2,92,122,214,370.0,475.0,845.0,132,217,349
SMP519,2,113,77,190,544.0,683.0,1227.0,193,233,426
SLP053,2,88,103,191,520.0,319.0,839.0,181,181,362
SLP052,2,158,176,334,884.0,738.0,1622.0,302,309,611
SLP051,2,178,119,297,410.0,290.0,700.0,237,166,403
SLP050,2,127,182,309,425.0,897.0,1322.0,193,312,505
SMP518,2,152,93,245,972.0,972.0,1944.0,300,276,576
SLP046,2,143,147,290,333.0,428.0,761.0,219,230,449
SMP528,2,392,318,710,2891.0,3697.0,6588.0,607,558,1165
SLP044_e,2,149,82,231,363.0,158.0,521.0,197,95,292
SMP530,2,309,309,618,3228.0,2691.0,5919.0,632,549,1181
SLP044_d,2,214,159,373,918.0,686.0,1604.0,366,265,631
SLP044_b,2,157,129,286,413.0,376.0,789.0,216,188,404
SLP044_a,2,251,204,455,747.0,1244.0,1991.0,387,408,795
SLP091,2,163,126,289,896.0,1055.0,1951.0,349,292,641
SLP092,2,166,137,303,475.0,399.0,874.0,272,216,488
SLP040,2,147,146,293,507.0,433.0,940.0,227,220,447
SMP516,2,300,264,564,3299.0,2430.0,5729.0,600,586,1186
SMP531,2,302,259,561,1371.0,2545.0,3916.0,430,425,855
SLP038,2,269,221,490,916.0,899.0,1815.0,442,383,825
SLP037,2,232,239,471,607.0,527.0,1134.0,325,314,639
SMP532,2,251,363,614,1704.0,4114.0,5818.0,511,735,1246
SLP035,2,191,198,389,1114.0,1226.0,2340.0,347,380,727
SMP514,2,176,195,371,1191.0,2203.0,3394.0,388,452,840
SMP502,2,306,337,643,1437.0,2141.0,3578.0,537,712,1249
SMP548,2,489,396,885,5584.0,4536.0,10120.0,901,719,1620
SIP073,2,203,190,393,890.0,911.0,1801.0,358,301,659
SIP072,2,198,195,393,1120.0,2021.0,3141.0,357,388,745
SMP564,2,190,208,398,921.0,1386.0,2307.0,409,457,866
SMP475,2,223,213,436,1051.0,850.0,1901.0,401,405,806
SMP568_b,2,232,218,450,1363.0,1416.0,2779.0,457,492,949
SMP473,2,413,298,711,2849.0,2195.0,5044.0,734,552,1286
SMP568_c,2,215,245,460,1482.0,1865.0,3347.0,455,557,1012
SMP568_d,2,249,229,478,1829.0,1382.0,3211.0,488,500,988
SMP472,2,370,322,692,2893.0,2233.0,5126.0,669,569,1238
SMP569,2,194,189,383,866.0,899.0,1765.0,309,309,618
SLP106,2,98,72,170,364.0,201.0,565.0,155,106,261
SIP037,2,151,128,279,1028.0,970.0,1998.0,329,238,567
SIP036,2,248,277,525,1255.0,1185.0,2440.0,436,444,880
SMP471,2,577,417,994,7682.0,3709.0,11391.0,1271,790,2061
SIP034,2,196,106,302,1102.0,749.0,1851.0,346,187,533
SMP470,2,366,501,867,5470.0,5044.0,10514.0,788,1001,1789
SIP033,2,231,140,371,1044.0,1204.0,2248.0,398,240,638
SIP030,2,224,160,384,1178.0,1047.0,2225.0,411,260,671
SIP029,2,401,377,778,3577.0,3170.0,6747.0,797,840,1637
SMP572,2,183,164,347,522.0,652.0,1174.0,274,237,511
SLP107,2,112,64,176,395.0,177.0,572.0,192,103,295
SLP110,2,150,138,288,314.0,400.0,714.0,206,199,405
SMP574,2,124,96,220,368.0,181.0,549.0,185,124,309
SMP575,2,137,102,239,387.0,249.0,636.0,214,140,354
SMP577,2,520,622,1142,3801.0,4849.0,8650.0,1053,1266,2319
SIP012,2,102,122,224,560.0,400.0,960.0,208,207,415
SLP112,2,387,287,674,1759.0,722.0,2481.0,680,397,1077
SLP113,2,310,193,503,1911.0,600.0,2511.0,557,283,840
SIP009,2,167,159,326,1013.0,1061.0,2074.0,343,285,628
SIP008,2,121,123,244,389.0,402.0,791.0,198,197,395
SIP007,2,194,130,324,522.0,601.0,1123.0,276,234,510
SMP563,2,176,184,360,1221.0,1074.0,2295.0,481,366,847
SIP039,2,227,220,447,941.0,776.0,1717.0,360,356,716
SMP477,2,230,186,416,1073.0,769.0,1842.0,457,363,820
SIP059,2,210,187,397,802.0,718.0,1520.0,347,305,652
SMP501,2,324,409,733,1499.0,2220.0,3719.0,586,760,1346
SMP549,2,431,367,798,3074.0,4227.0,7301.0,706,618,1324
SMP500,2,115,105,220,288.0,252.0,540.0,182,142,324
SMP550,2,318,338,656,4796.0,5764.0,10560.0,567,660,1227
SIP069,2,289,354,643,1377.0,3463.0,4840.0,514,640,1154
SMP551,2,263,305,568,1846.0,4599.0,6445.0,539,835,1374
SMP553,2,350,244,594,3336.0,2782.0,6118.0,709,593,1302
SIP065,2,379,398,777,3162.0,3957.0,7119.0,812,875,1687
SIP064,2,338,416,754,2839.0,4393.0,7232.0,578,898,1476
SIP063,2,141,131,272,614.0,595.0,1209.0,252,212,464
SIP062,2,122,128,250,605.0,830.0,1435.0,272,212,484
SMP493,2,326,227,553,2003.0,1302.0,3305.0,581,383,964
SIP060,2,179,211,390,684.0,994.0,1678.0,288,323,611
SIP058,2,160,137,297,997.0,825.0,1822.0,312,251,563
SIP041,2,128,176,304,557.0,835.0,1392.0,203,261,464
SMP492,2,231,223,454,2441.0,1453.0,3894.0,465,406,871
SIP055,2,126,156,282,416.0,545.0,961.0,203,261,464
SMP556,2,321,346,667,1885.0,3681.0,5566.0,536,703,1239
SMP557,2,241,207,448,971.0,979.0,1950.0,385,323,708
SIP050,2,112,161,273,365.0,739.0,1104.0,166,253,419
SMP486_d,2,98,55,153,450.0,172.0,622.0,195,104,299
SIP048,2,194,173,367,845.0,705.0,1550.0,313,273,586
SMP558,2,329,373,702,1101.0,2140.0,3241.0,506,597,1103
SIP045,2,198,170,368,853.0,711.0,1564.0,331,261,592
SIP044,2,106,164,270,340.0,733.0,1073.0,161,285,446
SMP560,2,199,172,371,1482.0,1065.0,2547.0,525,389,914
SIP042_b,2,213,128,341,1228.0,809.0,2037.0,354,210,564
SMP485,2,103,55,158,728.0,120.0,848.0,261,91,352
PVLP075,2,156,259,415,2445.0,1213.0,3658.0,701,426,1127
SMP398,2,270,424,694,1526.0,2382.0,3908.0,479,764,1243
PVLP073,2,145,154,299,1744.0,1162.0,2906.0,623,264,887
SLP291,2,144,173,317,597.0,574.0,1171.0,259,278,537
SLP292,2,218,163,381,583.0,407.0,990.0,320,224,544
PS152,2,74,113,187,281.0,262.0,543.0,117,154,271
SLP293,2,157,138,295,475.0,338.0,813.0,230,183,413
PS148,2,113,111,224,480.0,400.0,880.0,233,160,393
SLP294,2,197,128,325,742.0,359.0,1101.0,347,206,553
SMP305,2,114,106,220,1230.0,382.0,1612.0,292,200,492
SMP304,2,142,130,272,756.0,564.0,1320.0,288,224,512
SMP303,2,110,79,189,474.0,279.0,753.0,203,144,347
SLP297,2,63,76,139,346.0,334.0,680.0,105,134,239
PS140,2,184,123,307,1790.0,1462.0,3252.0,416,250,666
SLP299,2,161,109,270,665.0,344.0,1009.0,283,190,473
PS137,2,196,137,333,2733.0,2730.0,5463.0,463,251,714
PS136,2,75,28,103,342.0,177.0,519.0,99,35,134
PS134,2,164,159,323,844.0,600.0,1444.0,341,262,603
PS133,2,194,11,205,913.0,22.0,935.0,320,12,332
PS131,2,52,76,128,593.0,390.0,983.0,81,109,190
PS129,2,201,19,220,917.0,24.0,941.0,356,21,377
PS126,2,243,107,350,2425.0,320.0,2745.0,504,133,637
PS125,2,219,34,253,2129.0,68.0,2197.0,444,40,484
SMP301,2,171,110,281,729.0,396.0,1125.0,317,169,486
PS123,2,374,82,456,1950.0,337.0,2287.0,675,136,811
PS121,2,100,197,297,402.0,997.0,1399.0,180,351,531
SLP303,2,78,41,119,227.0,61.0,288.0,115,51,166
PS120,2,181,242,423,860.0,1002.0,1862.0,370,445,815
WED040_c,2,46,36,82,181.0,157.0,338.0,74,73,147
PS117,2,81,93,174,316.0,1096.0,1412.0,129,146,275
PS114,2,282,109,391,1520.0,526.0,2046.0,495,190,685
SMP300,2,170,159,329,1008.0,762.0,1770.0,383,297,680
SLP304,2,422,515,937,1780.0,1878.0,3658.0,640,706,1346
PS156,2,143,269,412,1297.0,2400.0,3697.0,224,460,684
PS158,2,228,137,365,1087.0,2211.0,3298.0,412,377,789
SMP396,2,211,229,440,1258.0,1435.0,2693.0,373,363,736
PS159,2,84,111,195,537.0,1509.0,2046.0,149,199,348
SLP264,2,194,166,360,695.0,659.0,1354.0,322,273,595
SLP265,2,209,130,339,786.0,962.0,1748.0,329,238,567
SMP316_a,2,279,232,511,1089.0,1289.0,2378.0,441,353,794
SLP271,2,194,197,391,1472.0,1110.0,2582.0,339,388,727
PS216,2,151,4,155,1333.0,6.0,1339.0,246,4,250
PS215,2,32,74,106,320.0,1476.0,1796.0,71,225,296
SLP274,2,162,153,315,480.0,648.0,1128.0,230,266,496
SMP314,2,351,289,640,2412.0,1961.0,4373.0,629,516,1145
SLP283,2,173,187,360,709.0,507.0,1216.0,264,276,540
SMP313,2,234,224,458,1622.0,1631.0,3253.0,354,334,688
PS203,2,290,213,503,1782.0,517.0,2299.0,482,275,757
PS202,2,131,129,260,1507.0,366.0,1873.0,260,173,433
SMP311,2,221,203,424,1690.0,1911.0,3601.0,345,330,675
PS200,2,160,110,270,2482.0,1544.0,4026.0,344,220,564
PS198,2,102,159,261,949.0,1278.0,2227.0,160,227,387
SMP310,2,113,73,186,297.0,207.0,504.0,156,110,266
WED033_b,2,31,43,74,71.0,201.0,272.0,42,72,114
PS194,2,47,33,80,252.0,411.0,663.0,90,68,158
PS193,2,129,52,181,348.0,541.0,889.0,172,90,262
PS192,2,128,109,237,635.0,1134.0,1769.0,196,172,368
PS191,2,137,103,240,489.0,960.0,1449.0,190,161,351
PS190,2,192,199,391,1065.0,1026.0,2091.0,375,269,644
SLP287,2,234,235,469,1001.0,666.0,1667.0,400,347,747
PS167,2,252,16,268,2757.0,25.0,2782.0,486,18,504
PS166,2,346,276,622,4615.0,2556.0,7171.0,636,337,973
PS165,2,95,73,168,371.0,329.0,700.0,161,119,280
PS164,2,124,128,252,619.0,514.0,1133.0,245,176,421
PS160,2,146,161,307,1124.0,748.0,1872.0,221,199,420
SLP290,2,181,107,288,1065.0,522.0,1587.0,336,180,516
PS113,2,254,17,271,1922.0,20.0,1942.0,457,18,475
PS111,2,367,281,648,3574.0,2059.0,5633.0,790,465,1255
PS110,2,95,131,226,335.0,598.0,933.0,171,191,362
SLP308,2,259,312,571,641.0,1311.0,1952.0,364,494,858
PS047,2,143,216,359,5459.0,5858.0,11317.0,283,421,704
SMP286,2,252,225,477,4990.0,1922.0,6912.0,874,603,1477
SMP285,2,246,246,492,5205.0,3009.0,8214.0,716,599,1315
WED061,2,191,227,418,816.0,1691.0,2507.0,347,415,762
PS037,2,69,72,141,253.0,323.0,576.0,110,109,219
PS036,2,130,96,226,814.0,562.0,1376.0,255,149,404
PS035,2,154,120,274,1023.0,663.0,1686.0,332,194,526
SMP284,2,315,279,594,1965.0,2050.0,4015.0,569,444,1013
PS032,2,131,110,241,872.0,912.0,1784.0,273,188,461
PS026,2,102,110,212,837.0,663.0,1500.0,197,183,380
PS025,2,103,83,186,343.0,563.0,906.0,150,139,289
WED063_a,2,38,68,106,470.0,995.0,1465.0,82,157,239
SMP280,2,142,121,263,528.0,728.0,1256.0,197,200,397
PS019,2,170,114,284,3379.0,2877.0,6256.0,378,200,578
PS018,2,347,245,592,6364.0,4045.0,10409.0,766,408,1174
PS009,2,337,152,489,4196.0,450.0,4646.0,807,237,1044
WED064,2,60,130,190,612.0,666.0,1278.0,117,214,331
SLP327,2,401,301,702,1842.0,1016.0,2858.0,727,431,1158
WED066,2,25,68,93,483.0,763.0,1246.0,74,162,236
SLP330,2,166,239,405,443.0,1195.0,1638.0,247,375,622
SLP331,2,139,187,326,511.0,870.0,1381.0,214,283,497
SMP279_c,2,193,182,375,736.0,769.0,1505.0,293,287,580
WED087,2,68,74,142,355.0,212.0,567.0,131,122,253
PS006,2,140,155,295,567.0,1028.0,1595.0,256,335,591
PS005_f,2,133,90,223,467.0,306.0,773.0,208,131,339
SLP333,2,120,118,238,314.0,306.0,620.0,167,176,343
PS005_e,2,157,106,263,557.0,442.0,999.0,256,155,411
WED088,2,29,20,49,144.0,57.0,201.0,44,24,68
PS005_d,2,96,35,131,315.0,206.0,521.0,156,57,213
PS048,2,105,181,286,1764.0,3129.0,4893.0,179,274,453
PS052,2,47,2,49,553.0,2.0,555.0,101,2,103
PS054,2,67,81,148,183.0,454.0,637.0,101,152,253
SMP526,2,147,136,283,414.0,1051.0,1465.0,235,364,599
PS109,2,113,89,202,469.0,497.0,966.0,204,153,357
SMP298,2,173,133,306,1101.0,657.0,1758.0,384,254,638
PS108,2,199,141,340,1772.0,2105.0,3877.0,352,259,611
WED049,2,82,128,210,1190.0,654.0,1844.0,187,214,401
PS106,2,330,267,597,4114.0,3156.0,7270.0,777,490,1267
SLP311,2,151,235,386,312.0,711.0,1023.0,217,371,588
PS097,2,53,82,135,151.0,359.0,510.0,74,138,212
SMP295,2,177,155,332,914.0,607.0,1521.0,311,277,588
PS096_c,2,115,139,254,515.0,609.0,1124.0,198,248,446
SMP294,2,204,216,420,916.0,913.0,1829.0,332,388,720
SLP320,2,121,156,277,319.0,475.0,794.0,183,269,452
PS096_b,2,144,134,278,683.0,473.0,1156.0,266,218,484
PS096_a,2,113,110,223,584.0,468.0,1052.0,221,189,410
SLP321,2,257,398,655,1336.0,3054.0,4390.0,459,780,1239
WED060,2,192,230,422,862.0,1618.0,2480.0,342,387,729
PS090,2,232,206,438,3084.0,2543.0,5627.0,501,363,864
WED050,2,75,130,205,402.0,527.0,929.0,148,210,358
WED052,2,94,100,194,545.0,455.0,1000.0,188,156,344
SMP291,2,372,364,736,4200.0,4515.0,8715.0,713,615,1328
PS084,2,45,11,56,480.0,174.0,654.0,112,56,168
SMP289,2,102,97,199,920.0,373.0,1293.0,224,143,367
PS082,2,54,33,87,479.0,371.0,850.0,100,71,171
WED055_a,2,68,106,174,971.0,617.0,1588.0,137,215,352
SMP288,2,88,58,146,808.0,238.0,1046.0,261,130,391
SMP287,2,192,145,337,2017.0,597.0,2614.0,565,278,843
PS070,2,68,69,137,542.0,835.0,1377.0,122,128,250
PS066,2,327,35,362,6052.0,46.0,6098.0,858,40,898
PS059,2,291,296,587,5742.0,5321.0,11063.0,613,567,1180
SMP316_b,2,261,201,462,1493.0,1246.0,2739.0,462,348,810
SLP261,2,279,303,582,1269.0,1163.0,2432.0,505,523,1028
SMP319,2,213,195,408,1376.0,1926.0,3302.0,387,388,775
VP3+VP1l_ivPN,2,122,304,426,3412.0,6011.0,9423.0,335,745,1080
SMP385,2,639,802,1441,8870.0,10821.0,19691.0,1612,2658,4270
VES077,2,148,98,246,764.0,177.0,941.0,212,114,326
VES078,2,213,244,457,1269.0,2124.0,3393.0,330,340,670
SMP384,2,712,951,1663,8756.0,9700.0,18456.0,1870,3142,5012
VL1_ilPN,2,142,237,379,5766.0,6156.0,11922.0,507,637,1144
SMP383,2,460,384,844,6527.0,8691.0,15218.0,1047,904,1951
VM2_adPN,2,88,202,290,342.0,3302.0,3644.0,179,567,746
VM3_adPN,2,131,242,373,1525.0,5925.0,7450.0,375,758,1133
SMP376,2,467,445,912,8181.0,5251.0,13432.0,1186,902,2088
VM4_lvPN,2,99,181,280,1505.0,1764.0,3269.0,394,413,807
SMP374,2,242,193,435,1423.0,1330.0,2753.0,456,394,850
SMP370,2,362,285,647,1504.0,2450.0,3954.0,519,534,1053
SMP368,2,313,301,614,4123.0,4850.0,8973.0,662,730,1392
SMP366,2,134,176,310,639.0,759.0,1398.0,232,278,510
SMP365,2,195,147,342,684.0,611.0,1295.0,312,226,538
SMP364,2,240,252,492,1463.0,758.0,2221.0,485,367,852
SMP361,2,177,236,413,862.0,1312.0,2174.0,352,400,752
VP1d_il2PN,2,115,176,291,3566.0,4882.0,8448.0,277,485,762
VP1l+VP3_ilPN,2,137,276,413,2563.0,2438.0,5001.0,344,578,922
SMP360,2,197,236,433,804.0,1110.0,1914.0,376,392,768
SMP359_b,2,191,241,432,1033.0,1070.0,2103.0,327,362,689
PVLP044,2,53,59,112,556.0,895.0,1451.0,200,220,420
SMP355,2,184,166,350,1099.0,1005.0,2104.0,377,292,669
PVLP040,2,56,98,154,1008.0,755.0,1763.0,229,264,493
SMP348,2,303,232,535,1806.0,1180.0,2986.0,632,413,1045
SMP346,2,323,411,734,5082.0,3940.0,9022.0,949,804,1753
SMP345,2,213,144,357,1240.0,991.0,2231.0,358,232,590
VP1m+VP5_ilPN,2,121,226,347,4003.0,3521.0,7524.0,345,526,871
SLP192,2,311,198,509,1366.0,517.0,1883.0,568,318,886
VES076,2,272,113,385,1625.0,741.0,2366.0,374,128,502
SLP189_a,2,119,154,273,453.0,514.0,967.0,205,244,449
VES075,2,226,348,574,1470.0,3629.0,5099.0,391,725,1116
PVLP050,2,113,121,234,1019.0,524.0,1543.0,341,168,509
PVLP071,2,113,225,338,4246.0,2195.0,6441.0,748,460,1208
PVLP070,2,199,307,506,3490.0,3933.0,7423.0,609,763,1372
PVLP068,2,41,30,71,463.0,51.0,514.0,222,43,265
SLP182_b,2,149,124,273,665.0,364.0,1029.0,275,211,486
PVLP065,2,118,109,227,664.0,330.0,994.0,338,153,491
PVLP060,2,107,96,203,650.0,651.0,1301.0,169,178,347
SMP395,2,216,271,487,1159.0,1592.0,2751.0,366,431,797
SMP394,2,243,294,537,1978.0,2099.0,4077.0,434,473,907
SMP393,2,233,327,560,1161.0,1489.0,2650.0,344,499,843
PVLP054,2,92,61,153,855.0,121.0,976.0,259,78,337
SMP392,2,293,292,585,2340.0,1665.0,4005.0,506,447,953
PVLP052,2,209,238,447,1335.0,905.0,2240.0,475,387,862
PVLP051,2,179,182,361,1307.0,850.0,2157.0,368,289,657
PVLP049,2,137,174,311,641.0,479.0,1120.0,218,238,456
VES074,2,139,91,230,758.0,683.0,1441.0,195,108,303
SMP391,2,288,290,578,2158.0,1958.0,4116.0,532,454,986
VES041,2,615,619,1234,5774.0,11802.0,17576.0,1209,1527,2736
SMP387,2,339,338,677,2897.0,4019.0,6916.0,638,703,1341
VES045,2,422,132,554,3236.0,254.0,3490.0,800,176,976
VES050,2,47,99,146,294.0,753.0,1047.0,74,152,226
VES051,2,102,96,198,782.0,1450.0,2232.0,176,178,354
VES052,2,84,86,170,654.0,1386.0,2040.0,148,167,315
VES053,2,236,252,488,1546.0,3124.0,4670.0,405,498,903
VES056,2,149,251,400,720.0,2009.0,2729.0,200,449,649
VES057,2,204,124,328,1332.0,1790.0,3122.0,345,179,524
SMP386,2,536,474,1010,5476.0,3922.0,9398.0,1221,963,2184
VES067,2,270,230,500,1010.0,1706.0,2716.0,416,352,768
VES070,2,210,227,437,990.0,2127.0,3117.0,293,330,623
VP1m+_lvPN,2,164,208,372,2249.0,2167.0,4416.0,366,398,764
SLP193_a,2,284,199,483,1439.0,918.0,2357.0,546,338,884
SLP253,2,149,194,343,703.0,685.0,1388.0,238,309,547
VP3+_l2PN,2,81,159,240,2012.0,2377.0,4389.0,181,318,499
PS277,2,114,158,272,857.0,945.0,1802.0,260,236,496
PS276,2,126,171,297,948.0,2991.0,3939.0,238,358,596
PS271,2,448,162,610,4387.0,533.0,4920.0,723,175,898
PS268,2,103,141,244,353.0,576.0,929.0,185,244,429
PS264,2,170,257,427,507.0,1083.0,1590.0,260,408,668
WED022,2,82,85,167,749.0,675.0,1424.0,168,185,353
PS263,2,202,178,380,1458.0,1051.0,2509.0,404,305,709
SMP324,2,194,196,390,654.0,762.0,1416.0,305,314,619
PS260,2,101,47,148,442.0,144.0,586.0,172,75,247
SLP228,2,244,203,447,704.0,792.0,1496.0,340,281,621
PS255,2,99,72,171,561.0,216.0,777.0,179,108,287
SLP237,2,121,199,320,292.0,1203.0,1495.0,148,381,529
Leaves Body,2,217,405,622,1185.0,3468.0,4653.0,488,777,1265
PS249,2,97,92,189,595.0,1137.0,1732.0,183,175,358
PS248,2,123,130,253,1474.0,1346.0,2820.0,237,234,471
PS244,2,94,43,137,418.0,104.0,522.0,169,48,217
SMP322,2,317,267,584,1520.0,1492.0,3012.0,525,435,960
SLP242,2,263,283,546,842.0,1100.0,1942.0,387,494,881
SLP244,2,335,352,687,1609.0,3307.0,4916.0,618,738,1356
SLP245,2,265,278,543,812.0,800.0,1612.0,403,399,802
PS239,2,71,126,197,466.0,789.0,1255.0,110,201,311
PS237,2,36,44,80,463.0,615.0,1078.0,73,69,142
SLP246,2,113,129,242,232.0,450.0,682.0,151,215,366
SLP249,2,252,197,449,2381.0,2364.0,4745.0,489,338,827
PS233,2,335,204,539,2475.0,923.0,3398.0,648,307,955
PS232,2,198,162,360,2390.0,1851.0,4241.0,316,222,538
PS231,2,214,194,408,1575.0,2072.0,3647.0,359,321,680
SMP321,2,262,171,433,1687.0,857.0,2544.0,443,251,694
WED024,2,92,137,229,456.0,646.0,1102.0,147,230,377
PS279,2,50,53,103,328.0,1326.0,1654.0,81,123,204
PS280,2,53,83,136,629.0,1934.0,2563.0,110,150,260
WED020_b,2,124,126,250,673.0,618.0,1291.0,211,214,425
PVLP012,2,258,172,430,2073.0,3477.0,5550.0,696,478,1174
VP5+VP2_l2PN,2,102,187,289,2822.0,1849.0,4671.0,261,362,623
V_ilPN,2,143,353,496,7375.0,10177.0,17552.0,434,1051,1485
SMP344,2,290,201,491,1356.0,2057.0,3413.0,490,431,921
SLP194,2,297,186,483,1228.0,680.0,1908.0,569,324,893
SLP195,2,154,129,283,756.0,644.0,1400.0,323,245,568
SMP339,2,401,460,861,2661.0,3828.0,6489.0,579,747,1326
PVLP026,2,255,271,526,2927.0,1986.0,4913.0,770,690,1460
SLP200,2,223,152,375,876.0,405.0,1281.0,390,247,637
WED009,2,89,114,203,728.0,855.0,1583.0,203,195,398
PVLP025,2,76,136,212,10890.0,2774.0,13664.0,599,780,1379
PVLP024,2,104,61,165,3440.0,1455.0,4895.0,336,245,581
PVLP021,2,220,268,488,2216.0,1924.0,4140.0,531,584,1115
SLP201,2,174,115,289,445.0,326.0,771.0,250,183,433
SMP333,2,315,279,594,1958.0,1881.0,3839.0,519,495,1014
WED020_a,2,108,109,217,559.0,446.0,1005.0,184,157,341
PVLP008_b,2,205,336,541,1620.0,1091.0,2711.0,564,585,1149
WED012,2,136,148,284,409.0,863.0,1272.0,189,262,451
WED014,2,97,108,205,189.0,502.0,691.0,139,172,311
PVLP006,2,129,227,356,1209.0,1152.0,2361.0,418,517,935
PVLP005,2,107,155,262,445.0,658.0,1103.0,169,232,401
SMP330,2,188,209,397,748.0,835.0,1583.0,330,335,665
PS300,2,291,81,372,3334.0,1008.0,4342.0,553,140,693
PS299,2,250,711,961,469.0,12443.0,12912.0,375,1701,2076
PS298,2,82,65,147,1109.0,190.0,1299.0,153,80,233
SLP218,2,222,111,333,763.0,190.0,953.0,386,129,515
SLP222,2,348,256,604,1228.0,876.0,2104.0,536,358,894
SMP329,2,193,204,397,820.0,580.0,1400.0,314,284,598
PS286,2,76,70,146,314.0,565.0,879.0,140,115,255
SMP150,2,400,300,700,3839.0,2521.0,6360.0,909,700,1609
vpoEN,2,147,229,376,1404.0,2046.0,3450.0,304,424,728
CL323,2,240,204,444,1823.0,1029.0,2852.0,615,353,968
AVLP283,2,168,259,427,1340.0,1607.0,2947.0,426,508,934
FB6C_a,2,114,142,256,1625.0,5039.0,6664.0,378,831,1209
AVLP271,2,188,118,306,798.0,419.0,1217.0,344,177,521
AVLP274,2,216,161,377,769.0,569.0,1338.0,328,225,553
LHAV2i5,2,186,221,407,371.0,582.0,953.0,253,321,574
AVLP275,2,94,86,180,226.0,247.0,473.0,133,130,263
AVLP276,2,89,90,179,203.0,207.0,410.0,127,112,239
FB6D,2,159,187,346,5584.0,7162.0,12746.0,534,1000,1534
LHAV2h1_a,2,121,151,272,282.0,407.0,689.0,170,228,398
FB6E,2,194,109,303,3998.0,9160.0,13158.0,637,893,1530
AVLP282,2,131,257,388,4330.0,2872.0,7202.0,406,550,956
CL082,2,201,189,390,1109.0,763.0,1872.0,323,299,622
FB6F,2,244,149,393,3054.0,6561.0,9615.0,728,838,1566
LHAV2g2_b,2,233,184,417,799.0,414.0,1213.0,376,252,628
LHAV2g1,2,217,177,394,863.0,468.0,1331.0,316,248,564
CL077,2,298,244,542,1152.0,981.0,2133.0,471,347,818
FB6G,2,141,115,256,2599.0,5956.0,8555.0,461,803,1264
LHAV2f2_b,2,249,163,412,1028.0,841.0,1869.0,429,293,722
AVLP285,2,278,248,526,1428.0,1833.0,3261.0,432,404,836
AVLP287,2,270,258,528,1233.0,1080.0,2313.0,445,367,812
AVLP288,2,248,301,549,1101.0,1073.0,2174.0,474,433,907
FB6H,2,255,199,454,6030.0,8305.0,14335.0,914,1092,2006
FB6I,2,164,158,322,2733.0,5423.0,8156.0,570,874,1444
LHAV2e3,2,172,222,394,538.0,536.0,1074.0,241,296,537
CL080,2,388,332,720,1865.0,1351.0,3216.0,610,481,1091
CL079,2,312,294,606,1313.0,1275.0,2588.0,516,463,979
FB6N,2,192,132,324,3816.0,4972.0,8788.0,703,814,1517
CL078,2,251,268,519,679.0,994.0,1673.0,350,386,736
FB6O,2,147,94,241,3358.0,3807.0,7165.0,606,692,1298
CL083,2,194,249,443,1129.0,1135.0,2264.0,379,428,807
FB5T,2,242,100,342,1527.0,1485.0,3012.0,568,340,908
LHAV2k10_b,2,135,152,287,273.0,451.0,724.0,174,220,394
FB5O,2,242,167,409,3891.0,4792.0,8683.0,1054,962,2016
LHAV3b2_a,2,189,165,354,449.0,406.0,855.0,272,227,499
FB5C,2,328,299,627,4453.0,4373.0,8826.0,1219,1140,2359
LHAV3b1_a,2,132,194,326,385.0,634.0,1019.0,188,287,475
LHAV3b13,2,436,346,782,1897.0,1366.0,3263.0,745,550,1295
FB5D,2,315,284,599,5025.0,4696.0,9721.0,1245,1228,2473
LHAV3b10,2,158,202,360,329.0,484.0,813.0,223,289,512
FB5E,2,321,184,505,4425.0,5080.0,9505.0,1168,1119,2287
FB5F,2,306,185,491,2930.0,4425.0,7355.0,908,814,1722
CL089_a,2,175,149,324,1079.0,678.0,1757.0,362,272,634
CL088,2,186,137,323,1352.0,934.0,2286.0,331,252,583
AVLP256,2,174,147,321,327.0,439.0,766.0,210,221,431
CL086_d,2,251,162,413,1683.0,918.0,2601.0,454,335,789
FB5H,2,352,316,668,7004.0,8546.0,15550.0,1155,1532,2687
LHAV2m1,2,219,315,534,1926.0,1938.0,3864.0,383,669,1052
AVLP259,2,332,199,531,3563.0,1065.0,4628.0,789,319,1108
LHAV2k7,2,141,148,289,365.0,435.0,800.0,206,231,437
AVLP262,2,198,145,343,1806.0,502.0,2308.0,351,232,583
FB5I,2,329,129,458,7492.0,9173.0,16665.0,983,991,1974
LHAV2k3,2,225,211,436,757.0,671.0,1428.0,367,342,709
FB5J,2,228,106,334,2886.0,2071.0,4957.0,786,570,1356
FB5K,2,270,283,553,6522.0,5994.0,12516.0,947,861,1808
FB5L,2,206,196,402,4650.0,7179.0,11829.0,847,1055,1902
AVLP264,2,140,112,252,1998.0,399.0,2397.0,293,163,456
FB5M,2,277,121,398,3063.0,3202.0,6265.0,924,846,1770
LHAV2k12_a,2,184,196,380,456.0,710.0,1166.0,276,310,586
FB5N,2,305,162,467,3289.0,3973.0,7262.0,946,977,1923
LHAV2k11_a,2,149,207,356,436.0,1117.0,1553.0,227,355,582
FB6P,2,249,113,362,3520.0,2520.0,6040.0,947,663,1610
CL075,2,273,214,487,2116.0,1062.0,3178.0,505,380,885
FB5AA,2,279,227,506,4258.0,4145.0,8403.0,1059,989,2048
IB005,2,247,184,431,2413.0,3932.0,6345.0,502,426,928
LHAV2a5_a,2,161,166,327,458.0,653.0,1111.0,248,265,513
AVLP316,2,496,232,728,3574.0,1807.0,5381.0,966,424,1390
LHAV2a4_a,2,167,210,377,519.0,858.0,1377.0,263,362,625
AVLP320,2,134,224,358,894.0,1426.0,2320.0,326,366,692
LHAV1d1,2,145,125,270,409.0,386.0,795.0,209,176,385
LHAV1b3,2,250,222,472,617.0,623.0,1240.0,356,310,666
CL062_a,2,179,121,300,672.0,475.0,1147.0,304,176,480
AVLP324,2,196,175,371,928.0,703.0,1631.0,457,268,725
AVLP325_a,2,175,139,314,880.0,436.0,1316.0,394,208,602
H2,2,32,83,115,270.0,1909.0,2179.0,56,119,175
AVLP329,2,213,218,431,1454.0,1653.0,3107.0,375,362,737
IB001,2,137,70,207,466.0,223.0,689.0,214,114,328
LHAV1a2_a,2,245,255,500,1633.0,615.0,2248.0,414,354,768
IB006,2,432,334,766,6707.0,3047.0,9754.0,1174,817,1991
CL074,2,283,231,514,1618.0,1248.0,2866.0,493,400,893
AVLP334,2,118,156,274,896.0,867.0,1763.0,245,261,506
AVLP335,2,154,199,353,946.0,938.0,1884.0,267,309,576
AVLP338,2,99,155,254,432.0,730.0,1162.0,182,268,450
LHAD3e1_a,2,324,219,543,1128.0,820.0,1948.0,507,335,842
IB008,2,384,198,582,10898.0,2695.0,13593.0,1058,354,1412
IB009,2,423,267,690,6560.0,4267.0,10827.0,893,469,1362
CL050_a,2,203,111,314,632.0,302.0,934.0,346,173,519
CL044,2,276,156,432,1061.0,643.0,1704.0,471,246,717
CL043,2,288,163,451,1026.0,681.0,1707.0,468,269,737
CL042,2,356,142,498,1778.0,687.0,2465.0,677,240,917
AVLP347,2,214,211,425,878.0,1390.0,2268.0,357,344,701
AVLP348,2,228,190,418,821.0,735.0,1556.0,351,279,630
CL041,2,457,334,791,2400.0,1963.0,4363.0,901,578,1479
LHAV2a5_b,2,153,138,291,354.0,464.0,818.0,215,200,415
CL070,2,405,354,759,3780.0,2615.0,6395.0,769,566,1335
AVLP310,2,208,218,426,1293.0,957.0,2250.0,387,321,708
AVLP309,2,165,170,335,838.0,1032.0,1870.0,270,278,548
FB6Q,2,236,112,348,1626.0,1731.0,3357.0,535,355,890
FB6V,2,277,244,521,4234.0,4381.0,8615.0,890,1003,1893
FB6W,2,211,140,351,3067.0,4117.0,7184.0,731,719,1450
FB6X,2,250,156,406,2303.0,2658.0,4961.0,711,636,1347
FB6Y,2,208,101,309,1375.0,2101.0,3476.0,546,463,1009
AVLP291,2,257,249,506,1603.0,1595.0,3198.0,439,418,857
FB6Z,2,145,92,237,2347.0,3341.0,5688.0,509,678,1187
AVLP292,2,158,201,359,1374.0,1444.0,2818.0,286,344,630
AVLP295,2,326,270,596,1654.0,1115.0,2769.0,614,391,1005
AVLP296,2,260,218,478,2010.0,2064.0,4074.0,563,420,983
LHAV2b9,2,165,198,363,522.0,687.0,1209.0,248,284,532
AVLP299_c,2,194,209,403,1031.0,1419.0,2450.0,391,393,784
LHAV2b7_b,2,189,207,396,476.0,574.0,1050.0,274,292,566
FB7B,2,150,95,245,3801.0,4895.0,8696.0,616,731,1347
AVLP300_a,2,238,198,436,995.0,1375.0,2370.0,397,350,747
AVLP300_b,2,208,217,425,846.0,1243.0,2089.0,365,371,736
FB7F,2,179,165,344,839.0,1095.0,1934.0,371,437,808
AVLP302,2,294,283,577,1164.0,1179.0,2343.0,449,414,863
LHAV2b5_a,2,153,106,259,582.0,351.0,933.0,244,130,374
FB7H,2,121,89,210,3449.0,3088.0,6537.0,576,591,1167
FB7M,2,190,115,305,1887.0,1646.0,3533.0,673,434,1107
LHAV2b2_b,2,138,190,328,1010.0,774.0,1784.0,256,312,568
AVLP304,2,253,216,469,1277.0,914.0,2191.0,466,357,823
FB8D,2,144,90,234,1523.0,1123.0,2646.0,547,400,947
AVLP306,2,179,206,385,659.0,1098.0,1757.0,281,334,615
LHAV2b2_a,2,192,244,436,1443.0,1344.0,2787.0,345,431,776
AVLP308,2,286,260,546,1184.0,1266.0,2450.0,436,366,802
FB5AB,2,463,152,615,8259.0,10037.0,18296.0,1319,1167,2486
FB4X,2,270,109,379,7338.0,9156.0,16494.0,922,980,1902
DNp09,2,327,90,417,3305.0,431.0,3736.0,787,99,886
LHAV4d3,2,117,110,227,521.0,421.0,942.0,207,183,390
LHAV4f1,2,147,218,365,402.0,609.0,1011.0,208,318,526
LHAV4e7_a,2,144,147,291,410.0,362.0,772.0,220,218,438
AVLP186,2,267,196,463,1181.0,877.0,2058.0,514,289,803
AVLP189_b,2,316,245,561,1037.0,707.0,1744.0,522,338,860
AVLP192,2,226,218,444,1277.0,819.0,2096.0,384,301,685
LHAV4e4,2,243,265,508,1164.0,842.0,2006.0,402,413,815
LHAV4e3,2,116,101,217,294.0,290.0,584.0,177,151,328
CL125,2,98,163,261,816.0,1283.0,2099.0,146,288,434
AVLP194_a,2,116,128,244,630.0,771.0,1401.0,211,204,415
AVLP194_b,2,99,103,202,476.0,432.0,908.0,152,143,295
LHAV4e1_b,2,275,237,512,1010.0,756.0,1766.0,432,375,807
AVLP194_c,2,108,112,220,763.0,404.0,1167.0,203,159,362
LHAV4d4,2,87,118,205,388.0,354.0,742.0,140,183,323
LHAV4d2_b,2,120,152,272,337.0,452.0,789.0,176,230,406
DSKMP1A,2,451,290,741,2550.0,689.0,3239.0,639,458,1097
DNp27,2,964,1485,2449,5164.0,4778.0,9942.0,1486,2664,4150
DNp28,2,10,36,46,11.0,89.0,100.0,11,55,66
LHAV4b5,2,112,178,290,242.0,400.0,642.0,164,251,415
LHAV4b2_b,2,36,75,111,191.0,294.0,485.0,78,134,212
LHAV4b2_a,2,27,58,85,76.0,169.0,245.0,44,76,120
LHAV4b1_a,2,136,143,279,537.0,459.0,996.0,204,252,456
CL117,2,105,176,281,268.0,1008.0,1276.0,140,288,428
AVLP206_b,2,175,233,408,697.0,934.0,1631.0,279,405,684
CL102,2,194,251,445,714.0,914.0,1628.0,282,326,608
CL101,2,240,209,449,878.0,587.0,1465.0,389,284,673
CL100,2,316,267,583,1276.0,819.0,2095.0,516,380,896
DP1m_adPN,2,216,371,587,16274.0,18481.0,34755.0,627,1206,1833
AVLP218,2,335,162,497,1407.0,911.0,2318.0,532,233,765
LHAV4g12,2,240,263,503,1341.0,898.0,2239.0,452,463,915
DNp25,2,159,77,236,658.0,329.0,987.0,234,111,345
LHAV4g15,2,86,161,247,489.0,448.0,937.0,146,262,408
DNp24,2,106,96,202,284.0,218.0,502.0,130,110,240
CL134,2,227,283,510,1436.0,977.0,2413.0,417,430,847
LHAV4k2,2,155,211,366,385.0,477.0,862.0,214,314,528
AVLP163,2,391,337,728,3988.0,3641.0,7629.0,767,599,1366
LHAV4i1,2,242,211,453,1208.0,979.0,2187.0,387,344,731
LHAV4g7_b,2,107,152,259,544.0,492.0,1036.0,177,251,428
AVLP164,2,450,428,878,3368.0,3288.0,6656.0,898,733,1631
CL132,2,237,413,650,683.0,1883.0,2566.0,357,677,1034
AVLP165,2,221,209,430,1483.0,1479.0,2962.0,430,366,796
LHAV4g6_b,2,124,179,303,499.0,540.0,1039.0,194,300,494
AVLP168,2,222,151,373,815.0,707.0,1522.0,358,219,577
LHAV4g6_a,2,125,140,265,571.0,505.0,1076.0,199,239,438
CL131,2,183,140,323,661.0,746.0,1407.0,296,275,571
DNp13,2,238,24,262,2126.0,30.0,2156.0,407,24,431
LHAV4g4_a,2,124,141,265,553.0,449.0,1002.0,212,239,451
AVLP170,2,355,217,572,2553.0,1333.0,3886.0,650,348,998
LHAV4g1_b,2,181,190,371,780.0,819.0,1599.0,315,348,663
LHAV4g1_a,2,104,146,250,503.0,571.0,1074.0,159,261,420
AVLP173,2,381,274,655,2081.0,1073.0,3154.0,638,384,1022
CL129,2,358,387,745,2835.0,5060.0,7895.0,537,611,1148
AVLP175,2,304,230,534,1966.0,726.0,2692.0,615,342,957
AVLP176_b,2,388,221,609,1971.0,951.0,2922.0,711,321,1032
AVLP176_c,2,306,223,529,1905.0,1104.0,3009.0,678,351,1029
AVLP177_a,2,304,187,491,1833.0,813.0,2646.0,520,279,799
AVLP177_b,2,381,230,611,2471.0,1003.0,3474.0,694,343,1037
AVLP179,2,299,227,526,2122.0,982.0,3104.0,611,330,941
CL127,2,284,487,771,2050.0,3194.0,5244.0,639,982,1621
AVLP182,2,246,161,407,766.0,557.0,1323.0,360,233,593
CL098,2,190,239,429,575.0,1200.0,1775.0,279,342,621
DSKMP1B,2,492,492,984,2819.0,1760.0,4579.0,797,1006,1803
FB4Q_a,2,210,71,281,2943.0,5422.0,8365.0,641,766,1407
AVLP246,2,92,89,181,267.0,261.0,528.0,132,134,266
LHAV3e4_a,2,207,206,413,750.0,871.0,1621.0,323,316,639
FB3B,2,108,88,196,1359.0,1884.0,3243.0,523,740,1263
FB3D,2,185,75,260,1571.0,1532.0,3103.0,615,606,1221
AVLP243,2,434,232,666,2530.0,1230.0,3760.0,810,350,1160
FB3E,2,129,110,239,1611.0,2366.0,3977.0,632,747,1379
LHAV3e3,2,221,293,514,812.0,1586.0,2398.0,313,417,730
LHAV3e2,2,261,224,485,1132.0,1091.0,2223.0,403,356,759
LHAV3e1,2,246,256,502,1280.0,1365.0,2645.0,410,448,858
FB4B,2,203,80,283,7371.0,7753.0,15124.0,666,596,1262
FB4C,2,358,339,697,10781.0,8034.0,18815.0,1245,1198,2443
LHAV3c3,2,101,129,230,347.0,397.0,744.0,161,207,368
FB4F_b,2,194,103,297,2751.0,2928.0,5679.0,754,688,1442
AVLP245,2,168,182,350,696.0,630.0,1326.0,300,274,574
AVLP249,2,127,129,256,467.0,489.0,956.0,201,228,429
AVLP220,2,305,231,536,1259.0,1398.0,2657.0,490,351,841
CL090_b,2,192,155,347,765.0,628.0,1393.0,338,262,600
CL090_a,2,228,179,407,1381.0,860.0,2241.0,447,306,753
CL089_c,2,158,116,274,695.0,585.0,1280.0,272,240,512
FB4G,2,290,243,533,6728.0,6324.0,13052.0,1143,1101,2244
FB4H,2,316,213,529,6222.0,8632.0,14854.0,1102,907,2009
LHAV3b8_b,2,124,151,275,302.0,406.0,708.0,165,207,372
LHAV3b8_a,2,153,150,303,420.0,477.0,897.0,220,214,434
FB4I,2,214,105,319,2751.0,3006.0,5757.0,753,714,1467
LHAV3b6_b,2,153,167,320,523.0,494.0,1017.0,248,260,508
FB4J,2,197,114,311,3039.0,2928.0,5967.0,762,839,1601
LHAV3b2_c,2,153,259,412,721.0,1203.0,1924.0,269,434,703
FB4N,2,424,130,554,11051.0,7678.0,18729.0,1392,1163,2555
LHAV3b2_b,2,173,179,352,445.0,652.0,1097.0,251,259,510
AVLP241,2,122,106,228,268.0,243.0,511.0,169,131,300
FB2L,2,257,154,411,2375.0,3062.0,5437.0,785,865,1650
FB2I_b,2,151,132,283,1842.0,4691.0,6533.0,549,1046,1595
FB2H_b,2,113,102,215,1980.0,4544.0,6524.0,503,1043,1546
DSKMP3,2,420,444,864,2589.0,2562.0,5151.0,795,888,1683
ExR3,2,570,729,1299,14419.0,21844.0,36263.0,1706,2344,4050
ExR4,2,140,54,194,11234.0,10964.0,22198.0,609,414,1023
AVLP222,2,173,205,378,920.0,1063.0,1983.0,412,306,718
ExR6,2,339,265,604,12128.0,16723.0,28851.0,799,698,1497
FB1E_b,2,119,75,194,1155.0,2727.0,3882.0,238,524,762
FB1F,2,148,89,237,1684.0,2345.0,4029.0,518,706,1224
LHAV3g1,2,226,300,526,884.0,1007.0,1891.0,360,473,833
FB1G,2,560,156,716,5372.0,16947.0,22319.0,1474,2021,3495
AVLP223,2,305,225,530,1654.0,1730.0,3384.0,541,404,945
AVLP224_a,2,175,179,354,999.0,836.0,1835.0,421,286,707
AVLP225_a,2,135,186,321,454.0,804.0,1258.0,210,302,512
FB1H,2,706,666,1372,15382.0,20032.0,35414.0,2855,3755,6610
FB1I,2,132,90,222,3279.0,2838.0,6117.0,675,620,1295
AVLP229,2,152,165,317,603.0,616.0,1219.0,307,261,568
AVLP230,2,140,196,336,1086.0,1108.0,2194.0,464,318,782
FB1J,2,172,104,276,2364.0,2300.0,4664.0,687,624,1311
FB2G_a,2,150,74,224,1833.0,3883.0,5716.0,602,818,1420
AVLP231,2,139,204,343,531.0,836.0,1367.0,231,318,549
AVLP234,2,178,144,322,549.0,447.0,996.0,285,197,482
AVLP236,2,165,106,271,617.0,524.0,1141.0,261,177,438
AVLP237_a,2,179,117,296,596.0,425.0,1021.0,271,155,426
AVLP237_c,2,160,148,308,704.0,661.0,1365.0,286,219,505
FB2H_a,2,157,129,286,1870.0,4662.0,6532.0,550,1099,1649
AVLP238,2,190,206,396,462.0,576.0,1038.0,261,291,552
LHAV3e5,2,182,182,364,620.0,590.0,1210.0,266,257,523
AVLP239,2,106,85,191,315.0,394.0,709.0,158,126,284
IB010,2,377,238,615,5722.0,3416.0,9138.0,841,413,1254
AVLP351,2,163,237,400,544.0,1178.0,1722.0,235,378,613
CL040,2,225,135,360,1054.0,538.0,1592.0,342,187,529
LAL113,2,241,219,460,3281.0,3259.0,6540.0,500,414,914
LAL127,2,278,210,488,4622.0,1089.0,5711.0,624,340,964
LAL126,2,210,27,237,4618.0,32.0,4650.0,447,30,477
AVLP492,2,242,186,428,776.0,1021.0,1797.0,362,282,644
LAL124,2,256,360,616,2792.0,4593.0,7385.0,510,608,1118
LAL123,2,388,412,800,5884.0,3634.0,9518.0,667,726,1393
IB089,2,79,116,195,236.0,489.0,725.0,129,168,297
IB091,2,123,158,281,347.0,394.0,741.0,186,217,403
LAL121,2,178,194,372,4253.0,4231.0,8484.0,345,331,676
IB092,2,232,274,506,1865.0,3278.0,5143.0,418,506,924
IB093,2,280,412,692,1980.0,1806.0,3786.0,482,570,1052
LAL117,2,96,79,175,558.0,206.0,764.0,154,103,257
AVLP493,2,359,404,763,1330.0,1948.0,3278.0,585,673,1258
IB095,2,222,196,418,1332.0,1079.0,2411.0,376,229,605
LAL112,2,126,173,299,2137.0,6661.0,8798.0,254,371,625
IB114,2,394,260,654,4982.0,3716.0,8698.0,968,452,1420
IB097,2,206,252,458,2372.0,2518.0,4890.0,394,506,900
IB098,2,80,110,190,533.0,703.0,1236.0,146,212,358
AVLP583,2,214,281,495,1102.0,1538.0,2640.0,332,481,813
IB109,2,332,336,668,2948.0,2390.0,5338.0,754,553,1307
IB110,2,251,194,445,3034.0,1749.0,4783.0,572,344,916
AVLP579,2,194,214,408,671.0,1255.0,1926.0,277,264,541
AVLP510,2,187,164,351,888.0,623.0,1511.0,308,216,524
LAL100,2,319,478,797,3980.0,7595.0,11575.0,691,1228,1919
IB112,2,499,198,697,8868.0,1037.0,9905.0,1242,467,1709
LAL093,2,48,21,69,401.0,140.0,541.0,118,44,162
LAL089,2,49,35,84,506.0,159.0,665.0,139,66,205
LAL088,2,85,42,127,1248.0,259.0,1507.0,231,78,309
LAL085,2,101,6,107,985.0,7.0,992.0,187,6,193
AVLP584,2,160,230,390,588.0,959.0,1547.0,225,365,590
AVLP490,2,345,302,647,1719.0,3045.0,4764.0,737,628,1365
LAL129,2,277,353,630,5159.0,5523.0,10682.0,569,890,1459
LAL130,2,239,249,488,1615.0,1642.0,3257.0,401,535,936
AVLP466,2,182,354,536,1612.0,2075.0,3687.0,534,719,1253
LAL149,2,164,170,334,1262.0,1392.0,2654.0,292,281,573
IB074,2,163,102,265,1013.0,707.0,1720.0,265,149,414
IB075,2,146,102,248,752.0,580.0,1332.0,241,152,393
AVLP470,2,201,242,443,551.0,1118.0,1669.0,302,382,684
LAL145,2,104,175,279,721.0,3158.0,3879.0,175,350,525
AVLP471,2,231,238,469,982.0,1233.0,2215.0,379,413,792
AVLP473,2,377,484,861,2165.0,4466.0,6631.0,630,1084,1714
IB076,2,184,91,275,789.0,341.0,1130.0,264,102,366
AVLP475,2,242,305,547,1183.0,1488.0,2671.0,394,436,830
IB077,2,100,94,194,474.0,474.0,948.0,145,129,274
AVLP477,2,557,330,887,3249.0,5174.0,8423.0,942,748,1690
LAL138,2,170,170,340,3383.0,5252.0,8635.0,314,274,588
LAL137,2,386,409,795,4383.0,7279.0,11662.0,745,1100,1845
LAL135,2,198,237,435,1992.0,1600.0,3592.0,293,337,630
IB078,2,118,67,185,509.0,176.0,685.0,196,78,274
IB079,2,157,95,252,651.0,367.0,1018.0,241,107,348
AVLP479,2,255,480,735,5933.0,5556.0,11489.0,1034,1025,2059
IB080,2,96,52,148,489.0,117.0,606.0,148,57,205
AVLP586,2,137,192,329,305.0,472.0,777.0,175,272,447
IB083,2,80,32,112,567.0,148.0,715.0,163,74,237
LAL134,2,559,230,789,4187.0,1479.0,5666.0,1041,318,1359
AVLP585,2,210,270,480,1019.0,1115.0,2134.0,323,412,735
LAL132,2,88,99,187,837.0,579.0,1416.0,158,180,338
AVLP488,2,412,238,650,2428.0,1350.0,3778.0,818,390,1208
AVLP489,2,226,245,471,2037.0,1742.0,3779.0,566,468,1034
LAL131,2,223,228,451,3104.0,2675.0,5779.0,459,425,884
IB113,2,202,403,605,573.0,3648.0,4221.0,313,888,1201
AVLP577,2,356,274,630,2548.0,2105.0,4653.0,688,512,1200
LHAD3b1_b,2,141,169,310,488.0,524.0,1012.0,224,237,461
AVLP548_f,2,88,184,272,929.0,2493.0,3422.0,159,403,562
LAL042,2,225,271,496,2058.0,2912.0,4970.0,378,483,861
LAL041,2,278,122,400,8844.0,533.0,9377.0,647,191,838
LAL040,2,388,375,763,10036.0,5985.0,16021.0,761,679,1440
AVLP548_a,2,29,85,114,412.0,1132.0,1544.0,58,229,287
AVLP548_c,2,36,98,134,519.0,1238.0,1757.0,62,236,298
AVLP548_d,2,44,125,169,230.0,1823.0,2053.0,65,327,392
LAL037,2,158,180,338,1453.0,1066.0,2519.0,306,328,634
LAL036,2,254,232,486,2038.0,839.0,2877.0,507,364,871
LAL035,2,175,132,307,1287.0,1004.0,2291.0,332,223,555
LAL033,2,235,211,446,2405.0,928.0,3333.0,474,362,836
LAL031,2,203,250,453,1896.0,1873.0,3769.0,426,470,896
LAL030_b,2,187,221,408,1095.0,926.0,2021.0,340,339,679
AVLP548_e,2,47,120,167,324.0,1932.0,2256.0,88,311,399
AVLP548_g,2,50,131,181,960.0,2722.0,3682.0,95,324,419
AVLP514,2,188,195,383,721.0,620.0,1341.0,338,253,591
LAL028,2,161,116,277,947.0,958.0,1905.0,380,193,573
AVLP549,2,75,208,283,449.0,1541.0,1990.0,127,436,563
LAL026,2,286,250,536,1694.0,1770.0,3464.0,655,380,1035
LAL025,2,292,312,604,1376.0,1603.0,2979.0,523,457,980
AVLP551,2,223,191,414,1366.0,1029.0,2395.0,389,303,692
LAL023,2,273,244,517,2714.0,1979.0,4693.0,517,404,921
LAL020,2,130,124,254,726.0,705.0,1431.0,230,198,428
LAL019,2,215,216,431,1704.0,2251.0,3955.0,444,383,827
LAL010,2,407,318,725,5276.0,3435.0,8711.0,726,459,1185
AVLP558,2,174,219,393,634.0,1103.0,1737.0,265,373,638
AVLP553,2,207,250,457,1115.0,1180.0,2295.0,320,403,723
AVLP554,2,170,260,430,777.0,1158.0,1935.0,269,406,675
AVLP557,2,195,203,398,1036.0,1241.0,2277.0,297,355,652
AVLP562,2,574,413,987,5584.0,8101.0,13685.0,1008,1079,2087
LAL008,2,253,276,529,2355.0,3214.0,5569.0,420,527,947
AVLP563,2,421,390,811,3658.0,6312.0,9970.0,780,930,1710
LAL007,2,223,322,545,1472.0,2944.0,4416.0,405,678,1083
AVLP515,2,177,193,370,778.0,664.0,1442.0,366,298,664
AVLP516,2,172,219,391,523.0,620.0,1143.0,267,310,577
LAL084,2,262,214,476,4889.0,2781.0,7670.0,476,296,772
LAL083,2,327,23,350,9779.0,26.0,9805.0,792,23,815
AVLP517,2,153,121,274,724.0,704.0,1428.0,268,216,484
AVLP574,2,402,251,653,2246.0,1488.0,3734.0,754,378,1132
KC(incomplete?),2,66,113,179,1204.0,1383.0,2587.0,385,444,829
LAL079,2,219,218,437,1010.0,1104.0,2114.0,415,379,794
LAL077,2,235,279,514,916.0,1210.0,2126.0,397,464,861
AVLP521,2,241,191,432,850.0,801.0,1651.0,360,274,634
LAL076,2,200,162,362,4840.0,4688.0,9528.0,404,344,748
LAL075,2,244,191,435,4064.0,2287.0,6351.0,449,405,854
LAL074,2,267,205,472,4769.0,2752.0,7521.0,472,284,756
LAL073,2,279,231,510,7562.0,4468.0,12030.0,470,331,801
AVLP524_a,2,224,150,374,1515.0,737.0,2252.0,413,222,635
LAL068,2,81,104,185,633.0,730.0,1363.0,167,195,362
AVLP525,2,152,192,344,1258.0,1042.0,2300.0,235,303,538
LAL066,2,153,150,303,831.0,739.0,1570.0,276,227,503
AVLP527,2,239,234,473,1310.0,944.0,2254.0,413,339,752
AVLP528,2,207,122,329,1361.0,627.0,1988.0,354,180,534
LAL058,2,90,116,206,927.0,760.0,1687.0,267,243,510
AVLP570,2,146,153,299,556.0,549.0,1105.0,290,267,557
KCy(half),2,49,102,151,613.0,1246.0,1859.0,168,474,642
AVLP569,2,150,117,267,638.0,541.0,1179.0,262,214,476
LAL050,2,104,111,215,872.0,944.0,1816.0,226,204,430
AVLP567,2,194,172,366,1449.0,1215.0,2664.0,408,345,753
AVLP566,2,318,400,718,2042.0,3007.0,5049.0,624,713,1337
IB071,2,165,126,291,719.0,706.0,1425.0,246,168,414
AVLP461,2,168,255,423,633.0,1400.0,2033.0,274,419,693
AVLP588,2,103,85,188,275.0,307.0,582.0,132,133,265
IB039,2,207,151,358,2095.0,1558.0,3653.0,397,267,664
LHAD2b1,2,282,324,606,1800.0,2905.0,4705.0,366,504,870
IB031,2,232,212,444,1485.0,989.0,2474.0,400,302,702
IB033,2,197,167,364,2086.0,1567.0,3653.0,369,295,664
IB034,2,133,126,259,689.0,399.0,1088.0,206,176,382
IB035,2,126,75,201,354.0,244.0,598.0,172,91,263
IB036,2,99,105,204,520.0,380.0,900.0,163,140,303
CL023,2,235,172,407,640.0,471.0,1111.0,324,228,552
AVLP400,2,92,165,257,2704.0,4093.0,6797.0,229,354,583
CL020,2,193,159,352,709.0,588.0,1297.0,296,249,545
AVLP403,2,211,168,379,1252.0,1123.0,2375.0,391,262,653
IB037,2,92,65,157,404.0,287.0,691.0,135,86,221
AVLP404,2,188,210,398,1199.0,987.0,2186.0,313,338,651
AVLP405,2,156,196,352,1053.0,982.0,2035.0,387,329,716
CL019_a,2,224,152,376,772.0,543.0,1315.0,322,219,541
IB070,2,176,99,275,619.0,503.0,1122.0,257,140,397
AVLP407,2,127,172,299,1235.0,794.0,2029.0,433,285,718
AVLP408,2,81,124,205,1688.0,1084.0,2772.0,503,260,763
LHAD1f3_a,2,291,316,607,1278.0,1111.0,2389.0,459,501,960
AVLP409,2,93,143,236,932.0,1505.0,2437.0,322,315,637
AVLP413,2,194,228,422,969.0,957.0,1926.0,357,372,729
IB043,2,451,259,710,7988.0,2627.0,10615.0,1203,524,1727
CL015,2,209,276,485,950.0,1334.0,2284.0,389,441,830
IB046,2,264,16,280,1988.0,16.0,2004.0,470,16,486
IB047,2,245,184,429,2256.0,2060.0,4316.0,413,225,638
LHAD1b6_b,2,318,261,579,1670.0,1284.0,2954.0,571,468,1039
LHAD1b4,2,192,217,409,679.0,721.0,1400.0,312,340,652
LHAD1b2_d,2,333,282,615,2163.0,1398.0,3561.0,612,518,1130
CL013,2,202,198,400,1240.0,1369.0,2609.0,391,403,794
LHAD2c1,2,324,192,516,1434.0,835.0,2269.0,509,275,784
LHAD2c2,2,212,166,378,1178.0,607.0,1785.0,345,240,585
IB030,2,97,53,150,693.0,367.0,1060.0,164,89,253
IB029,2,131,125,256,1003.0,1310.0,2313.0,227,237,464
CL039,2,170,114,284,501.0,437.0,938.0,246,152,398
LHAD3a9,2,161,139,300,625.0,394.0,1019.0,252,197,449
AVLP354,2,84,120,204,1383.0,1939.0,3322.0,168,265,433
IB011,2,442,179,621,7327.0,2918.0,10245.0,1048,324,1372
LHAD3a7_a,2,146,134,280,477.0,314.0,791.0,215,188,403
AVLP365,2,85,125,210,853.0,1177.0,2030.0,166,254,420
IB014,2,302,223,525,1732.0,3048.0,4780.0,446,424,870
IB015,2,118,193,311,279.0,893.0,1172.0,156,307,463
LHAD3a3_a,2,123,121,244,248.0,204.0,452.0,165,158,323
AVLP370,2,345,304,649,3671.0,5438.0,9109.0,742,589,1331
IB016,2,203,211,414,915.0,1000.0,1915.0,347,307,654
AVLP372,2,274,308,582,1310.0,1783.0,3093.0,472,550,1022
IB017,2,461,447,908,2698.0,5126.0,7824.0,674,896,1570
LHAD3a1,2,290,158,448,830.0,495.0,1325.0,440,221,661
IB018,2,625,423,1048,19142.0,6563.0,25705.0,1576,855,2431
IB020,2,301,206,507,1912.0,1771.0,3683.0,523,363,886
AVLP378,2,61,94,155,419.0,691.0,1110.0,113,170,283
AVLP380,2,155,209,364,559.0,1479.0,2038.0,237,379,616
IB021,2,302,207,509,2333.0,2432.0,4765.0,540,400,940
AVLP388,2,48,71,119,271.0,275.0,546.0,78,109,187
IB023,2,249,142,391,1991.0,1353.0,3344.0,409,187,596
IB024,2,334,227,561,2607.0,1471.0,4078.0,604,422,1026
IB025,2,250,153,403,2893.0,1845.0,4738.0,478,295,773
IB026,2,108,20,128,958.0,25.0,983.0,197,22,219
IB027,2,185,190,375,722.0,728.0,1450.0,318,259,577
IB028,2,136,177,313,810.0,864.0,1674.0,321,269,590
AVLP394,2,129,233,362,970.0,1331.0,2301.0,250,443,693
LHAD1a4_b,2,138,169,307,290.0,453.0,743.0,187,246,433
LHAD1a4_a,2,219,229,448,531.0,561.0,1092.0,329,318,647
LHAD1a3,2,197,231,428,619.0,902.0,1521.0,296,352,648
IB060,2,255,99,354,1916.0,1632.0,3548.0,411,196,607
LAL180,2,54,13,67,156.0,47.0,203.0,77,17,94
LAL179,2,51,13,64,145.0,58.0,203.0,77,23,100
AVLP436,2,174,253,427,1172.0,2156.0,3328.0,324,499,823
LAL177,2,220,162,382,1413.0,1225.0,2638.0,355,253,608
IB061,2,280,123,403,3180.0,299.0,3479.0,507,167,674
LAL176,2,217,165,382,1484.0,1201.0,2685.0,368,247,615
LAL174,2,129,124,253,1714.0,1068.0,2782.0,201,165,366
LAL173,2,113,123,236,1583.0,993.0,2576.0,169,157,326
LAL172,2,136,124,260,2423.0,2900.0,5323.0,211,197,408
AVLP438,2,299,306,605,1072.0,2601.0,3673.0,463,498,961
LAL171,2,130,121,251,2579.0,2886.0,5465.0,224,190,414
AVLP444,2,309,373,682,1615.0,2292.0,3907.0,528,617,1145
Axon(GC),2,36,32,68,139.0,370.0,509.0,55,55,110
AstA1,2,1012,1463,2475,9006.0,17193.0,26199.0,2182,3495,5677
IB064,2,230,265,495,877.0,2761.0,3638.0,319,505,824
LAL167,2,119,103,222,581.0,544.0,1125.0,180,153,333
LAL164,2,210,259,469,1597.0,1647.0,3244.0,354,418,772
LAL163,2,235,283,518,1639.0,2128.0,3767.0,391,497,888
LAL162,2,168,148,316,1665.0,2048.0,3713.0,280,188,468
LAL161,2,273,235,508,3026.0,3190.0,6216.0,566,461,1027
LAL160,2,256,248,504,3281.0,3569.0,6850.0,559,493,1052
LAL159,2,360,345,705,6867.0,5698.0,12565.0,784,744,1528
LAL158,2,122,170,292,998.0,1108.0,2106.0,269,247,516
IB068,2,201,97,298,1380.0,1016.0,2396.0,275,127,402
LAL156,2,189,148,337,3632.0,454.0,4086.0,409,220,629
AVLP590,2,531,340,871,3750.0,4132.0,7882.0,815,586,1401
LAL154,2,287,247,534,2564.0,5167.0,7731.0,512,629,1141
AVLP435,2,357,441,798,4545.0,5868.0,10413.0,701,850,1551
CL004,2,332,389,721,2373.0,1902.0,4275.0,639,660,1299
LHAD1a2_c,2,225,248,473,832.0,1142.0,1974.0,352,414,766
CL005,2,118,70,188,423.0,709.0,1132.0,188,155,343
LHAD1a2_b,2,190,210,400,865.0,1067.0,1932.0,315,366,681
LCNOpm,2,208,61,269,8648.0,13346.0,21994.0,612,395,1007
AVLP419,2,113,160,273,2511.0,4146.0,6657.0,262,411,673
LCNOp,2,243,26,269,4933.0,4956.0,9889.0,627,281,908
LC44,2,82,162,244,137.0,626.0,763.0,102,237,339
LC38,2,111,234,345,423.0,1095.0,1518.0,190,365,555
IB048,2,256,221,477,2812.0,2556.0,5368.0,449,461,910
LAL203,2,186,179,365,1440.0,1766.0,3206.0,440,364,804
AVLP420_a,2,73,144,217,1049.0,1855.0,2904.0,137,366,503
AVLP420_b,2,85,120,205,871.0,1302.0,2173.0,185,242,427
LAL200,2,418,206,624,4404.0,3748.0,8152.0,653,387,1040
LAL199,2,192,228,420,512.0,1693.0,2205.0,266,398,664
AVLP421,2,42,70,112,610.0,1295.0,1905.0,99,175,274
LAL198,2,242,269,511,2145.0,3035.0,5180.0,428,618,1046
AVLP422,2,56,80,136,709.0,1392.0,2101.0,108,172,280
LAL194,2,174,157,331,2417.0,1586.0,4003.0,491,274,765
IB049,2,281,273,554,2619.0,1941.0,4560.0,569,451,1020
IB050,2,397,216,613,2166.0,1994.0,4160.0,697,411,1108
LAL192,2,212,239,451,803.0,3692.0,4495.0,327,600,927
LAL191,2,169,241,410,771.0,3904.0,4675.0,267,609,876
IB051,2,352,280,632,1870.0,1528.0,3398.0,646,480,1126
LAL189,2,63,58,121,283.0,157.0,440.0,109,79,188
LAL187,2,129,163,292,431.0,677.0,1108.0,219,260,479
IB053,2,218,289,507,721.0,1194.0,1915.0,370,471,841
LAL185,2,229,314,543,2475.0,4083.0,6558.0,451,603,1054
LAL183,2,199,272,471,1868.0,1824.0,3692.0,262,345,607
IB057,2,201,202,403,683.0,761.0,1444.0,331,314,645
DNp10,2,348,89,437,5236.0,162.0,5398.0,664,118,782
AVLP205,2,159,224,383,576.0,949.0,1525.0,267,392,659
LHPV3a3_b,2,148,88,236,609.0,295.0,904.0,253,126,379
LHPV5a4,2,185,105,290,699.0,718.0,1417.0,311,194,505
LHPV4k1_b,2,130,191,321,458.0,462.0,920.0,184,262,446
ATL031,2,221,429,650,3416.0,4846.0,8262.0,491,1038,1529
ATL032,2,143,260,403,3225.0,3394.0,6619.0,317,625,942
ATL033,2,220,212,432,2329.0,2534.0,4863.0,415,437,852
ATL034,2,200,229,429,1927.0,2725.0,4652.0,394,463,857
ATL035,2,195,204,399,1665.0,1447.0,3112.0,341,334,675
LHPV4i5,2,174,259,433,554.0,708.0,1262.0,281,424,705
CL251,2,411,322,733,1229.0,2572.0,3801.0,599,635,1234
LHPV4i3_b,2,53,127,180,119.0,353.0,472.0,80,202,282
LHPV4i3_a,2,75,125,200,190.0,429.0,619.0,105,207,312
ATL036,2,189,191,380,1151.0,1316.0,2467.0,321,311,632
ATL037,2,267,276,543,4491.0,4083.0,8574.0,522,576,1098
ATL038,2,158,160,318,1365.0,1162.0,2527.0,307,281,588
LHPV4h1_a,2,92,143,235,270.0,283.0,553.0,122,187,309
ATL039,2,182,149,331,1514.0,1185.0,2699.0,352,281,633
CL249,2,233,104,337,1448.0,203.0,1651.0,422,137,559
ATL042,2,272,527,799,2018.0,3034.0,5052.0,480,1074,1554
CL248,2,322,150,472,2039.0,353.0,2392.0,497,189,686
CRE033,2,185,158,343,1185.0,1132.0,2317.0,340,339,679
LHPV4d6,2,267,285,552,800.0,914.0,1714.0,425,457,882
LHPV4d5,2,128,191,319,355.0,489.0,844.0,178,302,480
ATL045,2,167,109,276,1209.0,826.0,2035.0,281,172,453
LHPV4d4,2,232,246,478,832.0,806.0,1638.0,382,402,784
LHPV4d1,2,175,215,390,441.0,574.0,1015.0,254,334,588
CL247,2,457,138,595,3825.0,526.0,4351.0,831,188,1019
LHPV4c4_a,2,187,191,378,1070.0,602.0,1672.0,323,304,627
LHPV4c3,2,188,146,334,984.0,540.0,1524.0,336,248,584
ATL029,2,219,200,419,2536.0,1252.0,3788.0,479,356,835
LHPV5a5,2,108,115,223,318.0,517.0,835.0,160,177,337
LHPV4b9,2,287,287,574,986.0,901.0,1887.0,481,441,922
LHPV5b2_a,2,115,95,210,270.0,156.0,426.0,152,108,260
LHPV6a2_a,2,107,58,165,275.0,235.0,510.0,155,111,266
LHPV6a11_b,2,215,231,446,725.0,712.0,1437.0,324,381,705
CRE026,2,250,216,466,1270.0,1459.0,2729.0,513,520,1033
ATL016,2,172,171,343,1264.0,1680.0,2944.0,297,344,641
ATL017,2,281,126,407,3260.0,2701.0,5961.0,520,267,787
LHPV5j5,2,199,199,398,719.0,699.0,1418.0,312,338,650
LHPV5j3,2,131,173,304,356.0,469.0,825.0,163,223,386
LHPV5j1,2,147,186,333,406.0,659.0,1065.0,207,285,492
ATL020,2,111,160,271,394.0,461.0,855.0,170,232,402
CRE029_c,2,192,290,482,1852.0,2021.0,3873.0,456,667,1123
CRE030_a,2,204,186,390,1346.0,1223.0,2569.0,408,397,805
LHPV5h3,2,189,177,366,464.0,531.0,995.0,261,252,513
LHPV5g1_a,2,181,213,394,569.0,937.0,1506.0,253,340,593
CRE030_b,2,176,158,334,1305.0,1331.0,2636.0,384,354,738
LHPV5e3,2,612,655,1267,7032.0,8791.0,15823.0,1207,1543,2750
CL258,2,234,370,604,1114.0,2515.0,3629.0,371,658,1029
LHPV5e1,2,766,540,1306,10848.0,7257.0,18105.0,1541,1273,2814
ATL025,2,214,189,403,1898.0,3241.0,5139.0,394,442,836
ATL026,2,257,166,423,3214.0,2081.0,5295.0,447,346,793
LHPV5d1_b,2,166,179,345,487.0,505.0,992.0,233,232,465
ATL027,2,309,273,582,4843.0,3361.0,8204.0,636,541,1177
LHPV5c2,2,134,164,298,352.0,533.0,885.0,205,242,447
ATL028,2,244,245,489,2787.0,2377.0,5164.0,448,467,915
LHPV5b5,2,112,144,256,222.0,273.0,495.0,139,180,319
CRE032,2,147,172,319,1223.0,1147.0,2370.0,465,360,825
LHPV5b4_a,2,157,203,360,395.0,627.0,1022.0,220,263,483
LHPV5b2_c,2,170,147,317,431.0,305.0,736.0,236,177,413
LHPV4c2,2,223,188,411,962.0,611.0,1573.0,390,296,686
AVLP002,2,149,275,424,483.0,966.0,1449.0,243,423,666
CRE057,2,152,224,376,1263.0,1464.0,2727.0,273,476,749
LHPV2c3,2,151,217,368,555.0,660.0,1215.0,222,323,545
LHPV2c1_b,2,163,250,413,488.0,715.0,1203.0,240,387,627
LHPV2c1_a,2,143,219,362,536.0,718.0,1254.0,227,361,588
CL231,2,175,181,356,904.0,504.0,1408.0,278,256,534
LHPV2b5_a,2,240,271,511,1076.0,901.0,1977.0,379,474,853
LHPV2b4,2,209,247,456,924.0,643.0,1567.0,334,401,735
CRE040,2,714,696,1410,18531.0,8325.0,26856.0,1730,1548,3278
CRE041,2,565,331,896,10837.0,4544.0,15381.0,1141,570,1711
CRE042,2,467,490,957,9484.0,8357.0,17841.0,1052,1110,2162
CL227,2,76,52,128,307.0,111.0,418.0,140,85,225
CRE043_b,2,258,126,384,2020.0,1332.0,3352.0,522,238,760
AVLP027,2,197,182,379,634.0,646.0,1280.0,299,274,573
CL226,2,88,43,131,270.0,76.0,346.0,131,58,189
CRE043_d,2,272,157,429,1616.0,1029.0,2645.0,504,258,762
CRE046,2,290,172,462,1783.0,1343.0,3126.0,591,288,879
LHPV2a5,2,113,141,254,493.0,706.0,1199.0,158,213,371
CL224,2,122,110,232,482.0,273.0,755.0,202,172,374
LHPV2a2,2,125,213,338,835.0,1235.0,2070.0,189,350,539
CRE047,2,227,115,342,1297.0,622.0,1919.0,450,223,673
LHPV2a1_e,2,402,465,867,3070.0,2975.0,6045.0,809,917,1726
LHPV2a1_d,2,330,348,678,1929.0,1947.0,3876.0,599,664,1263
AVLP032,2,393,390,783,2513.0,3843.0,6356.0,651,944,1595
CL220,2,176,99,275,628.0,343.0,971.0,264,140,404
CL219,2,172,105,277,711.0,340.0,1051.0,283,148,431
AVLP036,2,290,294,584,847.0,1217.0,2064.0,430,445,875
CRE050,2,356,373,729,6303.0,4048.0,10351.0,907,767,1674
CRE053,2,184,180,364,819.0,1143.0,1962.0,323,354,677
AVLP043,2,194,153,347,1445.0,1823.0,3268.0,375,268,643
LHPV2c1_c,2,170,270,440,460.0,721.0,1181.0,243,394,637
LHPV2c4,2,136,150,286,518.0,576.0,1094.0,204,223,427
CL242,2,100,115,215,306.0,354.0,660.0,127,165,292
CRE038,2,206,224,430,648.0,857.0,1505.0,334,385,719
AVLP006,2,104,200,304,886.0,624.0,1510.0,202,315,517
LHPV4b1_a,2,202,266,468,696.0,873.0,1569.0,325,457,782
LHPV4a9_b,2,103,124,227,318.0,368.0,686.0,155,202,357
LHPV4a9_a,2,88,166,254,369.0,1007.0,1376.0,134,331,465
CL241,2,114,103,217,393.0,318.0,711.0,162,143,305
CL240,2,112,146,258,574.0,495.0,1069.0,159,212,371
LHPV4a7_b,2,122,151,273,441.0,371.0,812.0,213,236,449
LHPV4a5_b,2,102,183,285,419.0,511.0,930.0,165,300,465
LHPV4a4_c,2,79,146,225,189.0,448.0,637.0,104,240,344
LHPV4a4_b,2,98,169,267,478.0,663.0,1141.0,173,306,479
CL236,2,488,369,857,2621.0,3185.0,5806.0,802,800,1602
CL234,2,241,461,702,1261.0,2876.0,4137.0,403,857,1260
CRE034,2,246,292,538,1273.0,1277.0,2550.0,438,509,947
LHPV4a11,2,238,357,595,1466.0,1721.0,3187.0,405,665,1070
AVLP012,2,68,97,165,159.0,264.0,423.0,94,146,240
AVLP013,2,56,83,139,86.0,236.0,322.0,66,121,187
CL233,2,113,112,225,422.0,383.0,805.0,140,160,300
LHPV3a2,2,182,92,274,729.0,172.0,901.0,321,120,441
LHPV3a1,2,247,200,447,2284.0,890.0,3174.0,477,326,803
LHPV2i2,2,258,278,536,1313.0,1381.0,2694.0,424,391,815
LHPV2i1,2,276,252,528,1843.0,1561.0,3404.0,514,390,904
CRE035,2,191,210,401,1028.0,1041.0,2069.0,385,452,837
LHPV2g1,2,311,383,694,2768.0,2900.0,5668.0,630,715,1345
LHPV2f1_b,2,126,138,264,680.0,545.0,1225.0,190,220,410
LHPV2f1_a,2,91,115,206,647.0,500.0,1147.0,155,178,333
LHPV2e1_b,2,234,289,523,639.0,926.0,1565.0,315,425,740
LHPV2d1,2,160,141,301,1152.0,1160.0,2312.0,256,231,487
ATL014,2,129,122,251,1336.0,2379.0,3715.0,208,215,423
ATL011,2,138,129,267,1659.0,2375.0,4034.0,237,240,477
LHPV6a4_c,2,86,90,176,315.0,443.0,758.0,147,150,297
5-HTPMPV03,2,971,1825,2796,5534.0,10851.0,16385.0,2066,4994,7060
LPsP,2,29,29,58,8165.0,15762.0,23927.0,328,1192,1520
CL345,2,183,177,360,1326.0,887.0,2213.0,257,241,498
CL302,2,63,55,118,142.0,80.0,222.0,95,69,164
ALBN1,2,169,146,315,7103.0,2611.0,9714.0,1087,325,1412
ALIN1,2,332,155,487,2171.0,1437.0,3608.0,771,423,1194
ALIN3,2,214,122,336,760.0,1287.0,2047.0,361,224,585
AMMC-A1,2,218,52,270,11669.0,102.0,11771.0,726,70,796
LPTC contra1,2,55,136,191,377.0,1658.0,2035.0,155,223,378
CL348,2,170,111,281,658.0,321.0,979.0,256,153,409
CL296,2,167,166,333,696.0,601.0,1297.0,302,267,569
CL295,2,175,196,371,601.0,602.0,1203.0,275,262,537
CL351,2,69,91,160,147.0,218.0,365.0,98,137,235
CL352,2,125,188,313,1052.0,955.0,2007.0,214,317,531
CL356,2,244,277,521,1332.0,1271.0,2603.0,426,446,872
LPTC FD1pof,2,33,117,150,87.0,1594.0,1681.0,56,235,291
CL357,2,319,696,1015,1699.0,2933.0,4632.0,568,1262,1830
LPC?,2,40,98,138,220.0,331.0,551.0,138,194,332
CL292,2,194,142,336,602.0,485.0,1087.0,284,203,487
LNOa,2,69,23,92,2960.0,7006.0,9966.0,158,94,252
LNO2,2,272,23,295,10088.0,9715.0,19803.0,497,99,596
AOTU011,2,227,185,412,2612.0,1088.0,3700.0,616,359,975
CL290,2,214,183,397,1061.0,1018.0,2079.0,358,306,664
AOTU019,2,456,244,700,15759.0,7763.0,23522.0,1110,372,1482
AOTU020,2,240,227,467,1488.0,1345.0,2833.0,605,404,1009
CL285,2,55,139,194,208.0,721.0,929.0,86,207,293
CL282,2,143,200,343,440.0,1142.0,1582.0,202,350,552
CL358,2,197,144,341,502.0,286.0,788.0,279,246,525
AL-AST1,2,168,155,323,3910.0,940.0,4850.0,922,351,1273
5-HTPMPV01,2,505,1052,1557,4145.0,6037.0,10182.0,997,2331,3328
LHPV6a5,2,158,129,287,455.0,406.0,861.0,224,209,433
5-HTPMPD01,2,727,863,1590,4650.0,4838.0,9488.0,1354,2014,3368
CL324,2,324,29,353,3708.0,32.0,3740.0,661,31,692
CL326,2,338,346,684,1455.0,2437.0,3892.0,495,539,1034
LT82a,2,149,299,448,1032.0,4123.0,5155.0,372,531,903
LT80,2,87,90,177,569.0,793.0,1362.0,191,209,400
LT74,2,146,281,427,713.0,1419.0,2132.0,291,410,701
LT73,2,130,244,374,578.0,1246.0,1824.0,252,369,621
(AVM11),2,21,67,88,47.0,142.0,189.0,30,81,111
LT71,2,30,12,42,51.0,46.0,97.0,36,22,58
(AVM20),2,29,175,204,94.0,1834.0,1928.0,41,230,271
(PDM21),2,31,100,131,64.0,381.0,445.0,51,170,221
(PDM31),2,2,1,3,4.0,1.0,5.0,4,1,5
(PLBDL3),2,54,89,143,200.0,222.0,422.0,88,118,206
LT64,2,130,168,298,1098.0,849.0,1947.0,271,304,575
LT63,2,130,226,356,935.0,1501.0,2436.0,373,594,967
LT61,2,151,367,518,1214.0,2860.0,4074.0,504,673,1177
(PVM03),2,86,163,249,232.0,911.0,1143.0,111,200,311
CL338,2,263,146,409,1527.0,349.0,1876.0,460,189,649
LT55,2,100,125,225,594.0,1435.0,2029.0,312,397,709
LT54,2,31,60,91,61.0,424.0,485.0,50,137,187
(dMS6)(MBDLaxon1),2,102,211,313,510.0,1747.0,2257.0,168,409,577
(fragment),2,321,456,777,2112.0,2105.0,4217.0,452,602,1054
LT43,2,125,253,378,894.0,1831.0,2725.0,294,726,1020
CL342,2,222,129,351,1340.0,361.0,1701.0,444,182,626
LT38,2,186,122,308,942.0,1354.0,2296.0,400,412,812
CL343,2,163,362,525,744.0,1533.0,2277.0,273,691,964
LT36,2,385,90,475,4211.0,742.0,4953.0,774,310,1084
CL344,2,168,327,495,729.0,1425.0,2154.0,267,614,881
CL280,2,124,118,242,392.0,340.0,732.0,194,173,367
CL279,2,119,105,224,483.0,347.0,830.0,201,160,361
CL359,2,403,403,806,2173.0,1794.0,3967.0,670,624,1294
LHPV7a2,2,289,310,599,1770.0,2096.0,3866.0,479,561,1040
LHPV6f7,2,148,157,305,741.0,672.0,1413.0,263,261,524
LHPV6f6,2,124,108,232,396.0,339.0,735.0,173,159,332
LHPV6f5,2,170,159,329,632.0,1162.0,1794.0,255,309,564
AOTU061,2,102,121,223,440.0,471.0,911.0,171,193,364
AOTU063,2,209,236,445,5918.0,3872.0,9790.0,842,488,1330
AOTU064,2,349,289,638,3753.0,3536.0,7289.0,721,412,1133
CRE017,2,204,297,501,2355.0,2235.0,4590.0,441,551,992
CL262,2,450,165,615,4268.0,938.0,5206.0,1020,263,1283
CRE020,2,180,213,393,1409.0,1117.0,2526.0,386,366,752
APL fragment?,2,47,25,72,1144.0,620.0,1764.0,392,299,691
LHPV6f3_d,2,156,178,334,480.0,519.0,999.0,236,264,500
CRE021,2,409,454,863,4543.0,3207.0,7750.0,821,842,1663
LHPV6f3_b,2,167,170,337,461.0,634.0,1095.0,275,299,574
CL261,2,247,274,521,830.0,990.0,1820.0,414,396,810
CRE022,2,533,442,975,11674.0,8110.0,19784.0,1444,1085,2529
LHPV6f2_c,2,87,115,202,220.0,291.0,511.0,118,152,270
CRE023,2,458,498,956,5075.0,6139.0,11214.0,1044,1177,2221
ATL004,2,146,177,323,641.0,1242.0,1883.0,203,270,473
ATL005,2,266,209,475,2487.0,1085.0,3572.0,528,316,844
CRE024,2,439,434,873,7235.0,6907.0,14142.0,1333,1043,2376
LHPV6d1,2,142,170,312,364.0,688.0,1052.0,206,269,475
ATL006,2,399,167,566,4487.0,2490.0,6977.0,766,339,1105
ATL007,2,301,262,563,2796.0,1404.0,4200.0,566,402,968
LHPV6a9_a,2,137,102,239,482.0,335.0,817.0,221,174,395
ATL008,2,267,272,539,2903.0,1516.0,4419.0,492,473,965
ATL010,2,117,188,305,564.0,710.0,1274.0,228,324,552
CRE025,2,320,329,649,4363.0,3082.0,7445.0,714,740,1454
CL265,2,305,422,727,1668.0,2302.0,3970.0,491,713,1204
AOTU053,2,121,87,208,952.0,598.0,1550.0,289,168,457
AOTU051,2,135,142,277,1027.0,935.0,1962.0,302,262,564
CL267,2,302,256,558,1326.0,1269.0,2595.0,502,396,898
CL275,2,111,88,199,429.0,215.0,644.0,171,128,299
AOTU023,2,122,151,273,3348.0,2156.0,5504.0,435,304,739
LHPV7a1,2,203,295,498,806.0,1550.0,2356.0,313,489,802
LHPV6q1,2,310,591,901,3414.0,8246.0,11660.0,511,1340,1851
CL272_a,2,311,300,611,1185.0,1071.0,2256.0,489,416,905
CL271,2,325,254,579,1130.0,1544.0,2674.0,478,410,888
CL270,2,294,237,531,1226.0,1012.0,2238.0,443,330,773
CRE002,2,276,188,464,1401.0,1664.0,3065.0,515,376,891
CL268,2,260,185,445,1092.0,929.0,2021.0,454,283,737
CRE006,2,260,232,492,1465.0,3132.0,4597.0,481,454,935
CRE007,2,241,226,467,1264.0,2887.0,4151.0,434,395,829
CRE008,2,201,234,435,968.0,1088.0,2056.0,314,366,680
CL266_b,2,304,216,520,1312.0,945.0,2257.0,508,302,810
AOTU049,2,140,153,293,1344.0,1148.0,2492.0,314,310,624
AOTU035,2,435,103,538,6327.0,6233.0,12560.0,1189,681,1870
CRE010,2,196,255,451,1021.0,1364.0,2385.0,311,423,734
LHPV6k2,2,160,182,342,936.0,986.0,1922.0,247,277,524
CL266_a,2,311,228,539,1659.0,1353.0,3012.0,538,348,886
AOTU037,2,87,25,112,1071.0,159.0,1230.0,312,59,371
AOTU043,2,143,148,291,714.0,1303.0,2017.0,280,320,600
CRE011,2,598,605,1203,25343.0,7007.0,32350.0,1277,1078,2355
LHPV6i3,2,100,98,198,210.0,554.0,764.0,139,206,345
CRE012,2,452,376,828,6314.0,5836.0,12150.0,994,809,1803
CRE013,2,559,577,1136,9593.0,6760.0,16353.0,1216,1167,2383
LHPV6i1_b,2,146,130,276,454.0,544.0,998.0,215,212,427
LHPV6h1_b,2,182,192,374,606.0,782.0,1388.0,295,332,627
LHPV2a1_a,2,184,267,451,917.0,1551.0,2468.0,299,516,815
AVLP556,2,145,316,461,552.0,1735.0,2287.0,226,557,783
CL218,2,133,109,242,536.0,616.0,1152.0,201,164,365
DNa10,2,307,71,378,7637.0,254.0,7891.0,905,112,1017
LHAV5c1,2,189,260,449,496.0,1065.0,1561.0,282,441,723
LHCENT8,2,594,1112,1706,4703.0,10221.0,14924.0,1106,2953,4059
DNb03,2,50,39,89,715.0,317.0,1032.0,102,58,160
DNb02,2,131,8,139,2153.0,9.0,2162.0,283,9,292
CL199,2,407,327,734,2642.0,2317.0,4959.0,644,600,1244
DNb01,2,403,25,428,9817.0,35.0,9852.0,828,28,856
CL190,2,204,213,417,723.0,616.0,1339.0,313,313,626
CSD,2,676,1187,1863,7301.0,9743.0,17044.0,1976,3024,5000
CL189,2,222,221,443,1295.0,746.0,2041.0,408,333,741
CT1,2,38,30,68,205.0,556.0,761.0,92,114,206
AVLP089,2,258,367,625,1300.0,1346.0,2646.0,434,594,1028
LHPD2c5,2,256,147,403,1280.0,1080.0,2360.0,433,260,693
LHAV6a2_b,2,159,154,313,524.0,587.0,1111.0,237,256,493
CL186,2,204,173,377,1503.0,905.0,2408.0,402,311,713
AVLP092,2,155,199,354,611.0,1237.0,1848.0,267,297,564
LHCENT13_b,2,264,328,592,991.0,836.0,1827.0,449,517,966
AVLP146,2,101,123,224,411.0,443.0,854.0,185,204,389
LHAV6a2_c,2,96,197,293,247.0,448.0,695.0,126,276,402
DC4_adPN,2,142,298,440,5268.0,5627.0,10895.0,315,572,887
DC4_vPN,2,101,122,223,754.0,411.0,1165.0,253,193,446
LHAV6a6,2,135,159,294,368.0,415.0,783.0,210,239,449
AVLP096,2,178,134,312,550.0,477.0,1027.0,254,209,463
CRE107,2,580,399,979,7272.0,8334.0,15606.0,1506,1127,2633
CL202,2,330,111,441,2205.0,221.0,2426.0,535,144,679
LHPD2a4_a,2,269,241,510,1430.0,1386.0,2816.0,480,484,964
CRE105,2,240,189,429,2940.0,2436.0,5376.0,565,421,986
CL152,2,415,403,818,3187.0,1843.0,5030.0,801,703,1504
CRE082,2,231,266,497,813.0,1133.0,1946.0,363,424,787
LHPD2c4,2,185,111,296,654.0,569.0,1223.0,263,174,437
CRE084,2,219,154,373,1207.0,822.0,2029.0,417,300,717
CRE087,2,326,302,628,1665.0,1457.0,3122.0,584,516,1100
LHAV5b1,2,141,164,305,406.0,420.0,826.0,222,237,459
AVLP069_c,2,167,221,388,574.0,769.0,1343.0,256,321,577
CRE090,2,230,167,397,1149.0,890.0,2039.0,421,333,754
AVLP071,2,255,110,365,1091.0,294.0,1385.0,434,157,591
AVLP072_a,2,226,130,356,765.0,348.0,1113.0,329,178,507
AVLP072_b,2,153,70,223,566.0,111.0,677.0,249,79,328
CRE091,2,204,297,501,843.0,1417.0,2260.0,324,602,926
LHPD2a5_a,2,229,165,394,968.0,941.0,1909.0,373,247,620
CRE096,2,192,168,360,1195.0,502.0,1697.0,393,251,644
CRE100,2,426,286,712,5131.0,1100.0,6231.0,891,413,1304
DNb04,2,193,130,323,2594.0,355.0,2949.0,407,200,607
AVLP075,2,307,314,621,1443.0,2081.0,3524.0,448,649,1097
LHAV5b2,2,225,257,482,668.0,1349.0,2017.0,371,431,802
CRE101,2,179,48,227,1052.0,73.0,1125.0,327,50,377
CRE102,2,340,311,651,4951.0,2691.0,7642.0,776,575,1351
LHPD2a4_b,2,235,220,455,1418.0,1402.0,2820.0,427,444,871
DCH,2,51,27,78,1756.0,46.0,1802.0,69,30,99
CL179,2,431,260,691,2540.0,1753.0,4293.0,739,425,1164
AVLP099,2,329,215,544,2054.0,876.0,2930.0,613,306,919
AVLP116,2,92,81,173,474.0,415.0,889.0,150,132,282
LHAV7a7,2,199,187,386,1094.0,615.0,1709.0,316,275,591
CL165,2,327,292,619,1108.0,1042.0,2150.0,537,434,971
LHAV7a3_b,2,134,147,281,563.0,543.0,1106.0,214,241,455
AVLP121,2,122,189,311,324.0,922.0,1246.0,167,258,425
AVLP142,2,74,103,177,282.0,438.0,720.0,113,178,291
AVLP138,2,143,155,298,472.0,517.0,989.0,197,232,429
AVLP136,2,179,201,380,759.0,842.0,1601.0,263,302,565
AVLP135,2,135,187,322,1011.0,910.0,1921.0,429,272,701
LHAV7a3_a,2,136,170,306,523.0,546.0,1069.0,208,286,494
AVLP133,2,223,196,419,1158.0,1215.0,2373.0,371,313,684
AVLP123,2,245,257,502,867.0,1295.0,2162.0,363,375,738
LHAV7a1_a,2,117,152,269,459.0,462.0,921.0,202,238,440
CL157,2,362,266,628,2161.0,2399.0,4560.0,608,411,1019
AVLP128,2,255,146,401,1174.0,527.0,1701.0,418,194,612
CL160,2,269,319,588,1038.0,1390.0,2428.0,445,486,931
CL159,2,260,212,472,1120.0,1905.0,3025.0,404,450,854
AVLP129,2,253,156,409,973.0,566.0,1539.0,361,211,572
LHAV6f2,2,171,213,384,711.0,694.0,1405.0,282,310,592
AVLP131,2,119,141,260,405.0,399.0,804.0,180,197,377
AVLP130,2,208,98,306,698.0,285.0,983.0,299,126,425
LHAV6f1_a,2,218,263,481,935.0,1033.0,1968.0,381,440,821
DNa08,2,382,262,644,2076.0,1117.0,3193.0,612,330,942
AVLP114,2,148,83,231,622.0,553.0,1175.0,244,131,375
LHCENT10,2,788,931,1719,4097.0,7148.0,11245.0,1432,1949,3381
CL170,2,187,146,333,853.0,484.0,1337.0,317,230,547
DL4_adPN,2,134,197,331,3252.0,3503.0,6755.0,321,389,710
DL5_adPN,2,143,304,447,5222.0,8348.0,13570.0,329,673,1002
DM1_lPN,2,188,327,515,14261.0,16731.0,30992.0,691,1144,1835
DM3_adPN,2,149,272,421,6478.0,7994.0,14472.0,488,731,1219
AVLP143,2,81,75,156,305.0,351.0,656.0,120,106,226
AVLP105,2,270,242,512,1688.0,1129.0,2817.0,511,379,890
DM4_adPN,2,163,304,467,9050.0,12801.0,21851.0,541,965,1506
DM4_vPN,2,70,139,209,327.0,672.0,999.0,145,251,396
DN1a,2,164,194,358,2149.0,2395.0,4544.0,331,396,727
LHAV9a1_b,2,172,179,351,804.0,1081.0,1885.0,290,377,667
DN1pB,2,191,318,509,1589.0,3273.0,4862.0,463,760,1223
DNES2,2,117,5,122,1163.0,6.0,1169.0,231,6,237
LHAV9a1_a,2,230,198,428,1017.0,1014.0,2031.0,365,378,743
CL177,2,216,151,367,757.0,779.0,1536.0,321,255,576
AVLP044_a,2,160,143,303,618.0,688.0,1306.0,261,216,477
LHAV6b1_b,2,251,265,516,924.0,1022.0,1946.0,407,443,850
CL175,2,343,347,690,1968.0,1667.0,3635.0,532,475,1007
DNa09,2,311,94,405,4700.0,347.0,5047.0,794,132,926
AVLP109,2,239,322,561,1216.0,1157.0,2373.0,407,518,925
AVLP113,2,191,173,364,672.0,769.0,1441.0,288,260,548
CL172,2,212,185,397,955.0,702.0,1657.0,369,298,667
AVLP068,2,247,197,444,1280.0,583.0,1863.0,459,303,762
LHPD2a4_c,2,198,220,418,953.0,1367.0,2320.0,358,437,795
CRE081,2,266,230,496,1344.0,965.0,2309.0,472,326,798
LHPD3b1_a,2,212,259,471,1120.0,994.0,2114.0,362,423,785
AVLP058,2,427,436,863,2327.0,1987.0,4314.0,765,709,1474
LHPD4d2_b,2,260,316,576,1058.0,1174.0,2232.0,398,557,955
AVLP059,2,313,383,696,1751.0,1730.0,3481.0,559,628,1187
AVLP062,2,253,299,552,1408.0,984.0,2392.0,458,483,941
AVLP063,2,215,141,356,881.0,548.0,1429.0,354,214,568
CL212,2,337,216,553,1817.0,871.0,2688.0,461,266,727
LHAV5a4_a,2,198,204,402,474.0,594.0,1068.0,299,294,593
LHPD4a2,2,117,179,296,561.0,738.0,1299.0,203,310,513
CL211,2,275,122,397,1392.0,408.0,1800.0,386,141,527
LHPD3b3,2,139,146,285,571.0,347.0,918.0,225,216,441
LHPD3b2,2,159,152,311,990.0,828.0,1818.0,284,271,555
LHPD3b1_b,2,163,160,323,495.0,378.0,873.0,227,206,433
CL209,2,124,75,199,306.0,269.0,575.0,172,118,290
LHAV5a4_c,2,126,128,254,354.0,468.0,822.0,187,202,389
CRE072,2,180,98,278,2240.0,1730.0,3970.0,365,190,555
CL139,2,149,29,178,862.0,31.0,893.0,256,29,285
CRE069,2,179,249,428,1346.0,2605.0,3951.0,307,537,844
CRE068,2,186,216,402,967.0,1799.0,2766.0,327,487,814
LHPV12a1,2,623,827,1450,10793.0,13140.0,23933.0,2030,3504,5534
AVLP044_b,2,282,204,486,1066.0,804.0,1870.0,442,307,749
AVLP046,2,280,282,562,990.0,1169.0,2159.0,428,426,854
CL217,2,171,151,322,781.0,729.0,1510.0,263,225,488
AVLP048,2,248,243,491,1024.0,938.0,1962.0,388,342,730
CRE061,2,217,206,423,769.0,1061.0,1830.0,335,315,650
LHPV1c1,2,222,151,373,689.0,455.0,1144.0,349,203,552
LHPV10d1,2,391,550,941,6201.0,6686.0,12887.0,727,1362,2089
LHPD5d1,2,667,533,1200,7098.0,2941.0,10039.0,1583,1081,2664
CRE063,2,145,171,316,784.0,996.0,1780.0,284,353,637
AVLP049,2,208,123,331,807.0,660.0,1467.0,322,200,522
AVLP155,2,485,403,888,2700.0,2553.0,5253.0,837,606,1443
LHPV10a1,2,214,221,435,1257.0,1305.0,2562.0,377,351,728
CRE067,2,231,210,441,2075.0,2356.0,4431.0,702,521,1223
LHPD5e1,2,246,232,478,753.0,746.0,1499.0,391,328,719
CRE073,2,218,216,434,803.0,1751.0,2554.0,347,413,760
CL145,2,163,136,299,506.0,371.0,877.0,256,204,460
CRE077,2,363,368,731,4828.0,4171.0,8999.0,663,608,1271
CRE076,2,364,453,817,3502.0,5277.0,8779.0,679,1160,1839
LHPD2c6,2,151,134,285,493.0,572.0,1065.0,230,207,437
LHPD2c7,2,418,343,761,3663.0,3351.0,7014.0,814,754,1568
LHAV5a9_a,2,174,211,385,336.0,448.0,784.0,239,283,522
LHAV5a7_a,2,161,152,313,423.0,534.0,957.0,247,248,495
LHAV5a6_a,2,156,119,275,714.0,366.0,1080.0,273,176,449
AVLP066,2,292,288,580,1241.0,975.0,2216.0,464,439,903
AVLP065,2,348,234,582,1047.0,748.0,1795.0,484,321,805
CL158,2,211,217,428,1177.0,1774.0,2951.0,357,381,738
LHPD3a3_c,2,90,161,251,458.0,660.0,1118.0,133,298,431
CRE075,2,770,362,1132,6342.0,3695.0,10037.0,1240,479,1719
LHPD3a3_b,2,99,177,276,648.0,691.0,1339.0,155,325,480
SMP356,1,144,141,285,537.0,493.0,1030.0,208,168,376
CL304,1,350,107,457,3519.0,274.0,3793.0,556,120,676
AVLP568,1,163,172,335,575.0,565.0,1140.0,217,217,434
CL284,1,77,223,300,207.0,1109.0,1316.0,118,318,436
SMP334,1,194,202,396,653.0,830.0,1483.0,258,276,534
SMP159,1,700,552,1252,3246.0,2701.0,5947.0,937,709,1646
CL286,1,430,304,734,2054.0,1931.0,3985.0,618,382,1000
SMP169,1,128,196,324,308.0,936.0,1244.0,157,268,425
AVLP573,1,385,257,642,1981.0,1430.0,3411.0,505,305,810
SMP047,1,170,195,365,500.0,949.0,1449.0,211,253,464
CL287,1,371,356,727,2463.0,2780.0,5243.0,548,511,1059
CL288,1,152,207,359,606.0,2120.0,2726.0,233,314,547
CL151,1,249,263,512,1399.0,1144.0,2543.0,329,305,634
CL289,1,218,153,371,730.0,528.0,1258.0,284,176,460
CL155,1,111,64,175,493.0,155.0,648.0,151,79,230
CL317,1,145,210,355,1175.0,1467.0,2642.0,208,283,491
CL305,1,393,130,523,2522.0,1379.0,3901.0,594,158,752
SMP335,1,207,130,337,1047.0,869.0,1916.0,289,195,484
CL124,1,190,0,190,1060.0,0.0,1060.0,261,0,261
SMP194,1,155,123,278,721.0,534.0,1255.0,243,160,403
SMP336,1,214,286,500,1211.0,1873.0,3084.0,286,364,650
CL306,1,178,17,195,847.0,20.0,867.0,248,19,267
CL316,1,251,123,374,1220.0,1218.0,2438.0,379,168,547
CL281,1,88,230,318,364.0,820.0,1184.0,153,324,477
CL135,1,308,390,698,2022.0,2184.0,4206.0,388,543,931
CL137,1,313,105,418,1427.0,408.0,1835.0,417,128,545
SMP369,1,236,229,465,1304.0,1271.0,2575.0,307,301,608
SMP203,1,279,201,480,1194.0,1627.0,2821.0,400,295,695
SMP073,1,276,105,381,1070.0,459.0,1529.0,408,130,538
SMP202,1,305,226,531,1609.0,2348.0,3957.0,455,297,752
SMP071,1,303,117,420,1439.0,563.0,2002.0,521,144,665
CL116,1,112,102,214,408.0,454.0,862.0,147,124,271
SMP372,1,181,158,339,864.0,911.0,1775.0,222,197,419
SMP200,1,271,170,441,2196.0,1548.0,3744.0,366,217,583
CL148,1,58,43,101,106.0,49.0,155.0,63,43,106
SMP182,1,263,243,506,1012.0,1117.0,2129.0,391,349,740
CL119,1,36,100,136,79.0,293.0,372.0,44,127,171
CL276,1,72,69,141,231.0,174.0,405.0,97,82,179
CL318,1,290,270,560,1454.0,1449.0,2903.0,373,336,709
AVLP572,1,492,132,624,2508.0,319.0,2827.0,811,148,959
CL303,1,661,358,1019,2959.0,3926.0,6885.0,917,576,1493
CL320,1,264,111,375,1142.0,359.0,1501.0,361,132,493
SMP183,1,308,321,629,1753.0,2159.0,3912.0,459,440,899
CL149,1,142,167,309,657.0,775.0,1432.0,198,210,408
CL277,1,100,129,229,501.0,474.0,975.0,120,154,274
CL150,1,385,220,605,1662.0,1192.0,2854.0,469,253,722
CL278,1,154,120,274,578.0,332.0,910.0,198,147,345
CL156,1,129,154,283,401.0,589.0,990.0,157,193,350
CL319,1,304,178,482,1560.0,570.0,2130.0,477,200,677
CL315,1,162,213,375,481.0,708.0,1189.0,218,261,479
CL130,1,232,309,541,1216.0,1424.0,2640.0,379,423,802
SMP359_a,1,161,180,341,471.0,561.0,1032.0,222,234,456
CL291,1,117,143,260,301.0,445.0,746.0,145,172,317
CL115,1,127,223,350,373.0,1074.0,1447.0,144,271,415
SMP343,1,148,121,269,691.0,454.0,1145.0,212,158,370
AVLP582,1,102,76,178,242.0,411.0,653.0,115,87,202
SMP359,1,39,87,126,172.0,411.0,583.0,48,102,150
SMP367,1,244,336,580,1786.0,2104.0,3890.0,433,540,973
SMP032,1,126,141,267,566.0,897.0,1463.0,180,173,353
SMP033,1,142,261,403,472.0,880.0,1352.0,182,332,514
SMP045,1,187,177,364,783.0,984.0,1767.0,280,227,507
AVLP560,1,38,66,104,63.0,168.0,231.0,47,75,122
AVLP561,1,159,106,265,626.0,309.0,935.0,195,119,314
CL126,1,230,366,596,1312.0,1928.0,3240.0,303,479,782
CL311,1,127,6,133,423.0,6.0,429.0,163,6,169
CL294,1,205,198,403,861.0,995.0,1856.0,262,247,509
CL310,1,178,41,219,926.0,89.0,1015.0,237,46,283
AVLP578,1,202,130,332,1124.0,491.0,1615.0,255,169,424
SMP046,1,175,105,280,785.0,751.0,1536.0,211,126,337
CL309,1,172,157,329,1024.0,528.0,1552.0,306,197,503
AVLP564,1,141,74,215,274.0,135.0,409.0,165,79,244
CL154,1,190,173,363,713.0,658.0,1371.0,240,229,469
SMP189,1,316,255,571,1835.0,1515.0,3350.0,499,345,844
AVLP565,1,300,381,681,1404.0,1770.0,3174.0,400,478,878
CL146,1,79,46,125,181.0,82.0,263.0,92,50,142
CL308,1,432,291,723,2378.0,1169.0,3547.0,615,359,974
CL312,1,117,133,250,305.0,282.0,587.0,140,159,299
AVLP575,1,240,246,486,1000.0,1417.0,2417.0,352,312,664
SMP342,1,268,176,444,1460.0,773.0,2233.0,358,218,576
CL143,1,172,142,314,514.0,549.0,1063.0,227,184,411
CL133,1,231,276,507,1037.0,1364.0,2401.0,294,337,631
SMP187,1,58,62,120,169.0,254.0,423.0,105,96,201
CL138,1,356,14,370,2800.0,15.0,2815.0,525,14,539
SMP038,1,305,267,572,1326.0,1017.0,2343.0,398,333,731
SMP028,1,138,152,290,697.0,969.0,1666.0,210,210,420
CL140,1,262,233,495,1616.0,2160.0,3776.0,398,292,690
CL293,1,85,87,172,165.0,263.0,428.0,88,101,189
CL141,1,226,310,536,835.0,1133.0,1968.0,283,395,678
CL142,1,136,204,340,641.0,882.0,1523.0,181,256,437
SMP337,1,286,183,469,2422.0,1517.0,3939.0,539,262,801
CL144,1,138,181,319,463.0,542.0,1005.0,190,222,412
SMP168,1,118,275,393,550.0,1894.0,2444.0,162,395,557
SMP338,1,175,174,349,1316.0,951.0,2267.0,334,266,600
SMP353,1,258,204,462,2573.0,1193.0,3766.0,419,266,685
CL314,1,131,121,252,1287.0,1306.0,2593.0,188,191,379
CL307,1,413,27,440,1884.0,32.0,1916.0,568,27,595
CL153,1,160,171,331,674.0,701.0,1375.0,213,223,436
AVLP571,1,491,281,772,3058.0,1418.0,4476.0,629,321,950
SMP340,1,224,266,490,1064.0,1177.0,2241.0,317,318,635
SMP341,1,199,179,378,722.0,914.0,1636.0,263,218,481
SMP191,1,257,171,428,1077.0,545.0,1622.0,330,216,546
SMP030,1,233,168,401,1371.0,1137.0,2508.0,368,229,597
AVLP576,1,256,198,454,1296.0,1030.0,2326.0,333,237,570
CL003,1,435,402,837,2330.0,2215.0,4545.0,549,524,1073
CL114,1,131,227,358,410.0,1530.0,1940.0,155,273,428
SMP104,1,126,59,185,338.0,119.0,457.0,178,71,249
CL037,1,102,99,201,609.0,589.0,1198.0,142,141,283
CL238,1,137,145,282,501.0,284.0,785.0,160,159,319
CL237,1,99,109,208,246.0,302.0,548.0,140,150,290
CL208,1,152,24,176,455.0,33.0,488.0,198,24,222
SMP283,1,176,149,325,478.0,541.0,1019.0,227,171,398
CL136,1,171,209,380,979.0,895.0,1874.0,249,262,511
CL052,1,140,14,154,672.0,16.0,688.0,179,15,194
SMP235,1,323,176,499,2333.0,1437.0,3770.0,459,229,688
CL053,1,420,251,671,4375.0,1822.0,6197.0,691,341,1032
CL054,1,105,102,207,414.0,341.0,755.0,141,122,263
CL055,1,96,82,178,278.0,337.0,615.0,114,103,217
SMP276,1,89,58,147,264.0,125.0,389.0,116,79,195
CL056,1,85,99,184,223.0,341.0,564.0,96,116,212
SMP238,1,364,484,848,1414.0,3719.0,5133.0,525,649,1174
CL036,1,531,448,979,4199.0,2987.0,7186.0,753,596,1349
CL035,1,261,159,420,645.0,438.0,1083.0,322,175,497
SMP290,1,62,74,136,373.0,213.0,586.0,115,113,228
CL034,1,278,152,430,806.0,371.0,1177.0,340,165,505
SMP292,1,152,172,324,720.0,763.0,1483.0,264,230,494
CL239,1,126,117,243,522.0,300.0,822.0,150,123,273
SMP293,1,143,198,341,644.0,788.0,1432.0,201,247,448
CL032,1,364,241,605,1375.0,1233.0,2608.0,478,293,771
SMP236,1,86,92,178,567.0,352.0,919.0,138,132,270
CL207,1,246,120,366,871.0,179.0,1050.0,326,133,459
CL206,1,175,148,323,500.0,283.0,783.0,222,163,385
CL205,1,165,3,168,419.0,3.0,422.0,199,3,202
CL244,1,189,225,414,456.0,576.0,1032.0,235,251,486
CL031,1,367,314,681,2156.0,1594.0,3750.0,592,407,999
CL028,1,193,253,446,1010.0,968.0,1978.0,254,328,582
CL027,1,238,442,680,1037.0,1756.0,2793.0,298,567,865
CL245,1,245,180,425,1055.0,759.0,1814.0,331,232,563
SMP274,1,163,134,297,523.0,387.0,910.0,214,157,371
SMP239,1,206,299,505,633.0,2068.0,2701.0,255,388,643
SMP240,1,285,267,552,1005.0,1309.0,2314.0,375,328,703
CL068,1,267,172,439,1223.0,1322.0,2545.0,334,201,535
CL073,1,269,146,415,908.0,331.0,1239.0,353,158,511
CL072,1,293,307,600,1109.0,1076.0,2185.0,370,355,725
SMP113,1,204,227,431,793.0,535.0,1328.0,287,266,553
SMP253,1,381,200,581,2646.0,1287.0,3933.0,616,277,893
CL216,1,150,32,182,782.0,41.0,823.0,216,37,253
SMP250,1,303,194,497,1274.0,1052.0,2326.0,443,246,689
CL076,1,141,97,238,415.0,300.0,715.0,179,123,302
SMP256,1,255,250,505,984.0,1589.0,2573.0,339,326,665
SMP257,1,152,259,411,586.0,1284.0,1870.0,193,320,513
CL228,1,96,115,211,340.0,413.0,753.0,129,162,291
CL069,1,275,280,555,1580.0,1120.0,2700.0,354,339,693
CL229,1,106,61,167,283.0,165.0,448.0,125,74,199
SMP260,1,153,75,228,443.0,296.0,739.0,218,99,317
CL230,1,76,57,133,248.0,148.0,396.0,94,59,153
CL214,1,163,8,171,860.0,10.0,870.0,218,9,227
CL057,1,162,196,358,771.0,688.0,1459.0,199,240,439
CL067,1,193,255,448,1155.0,1422.0,2577.0,360,290,650
CL066,1,364,354,718,2556.0,2179.0,4735.0,503,471,974
CL081,1,209,173,382,620.0,553.0,1173.0,253,187,440
CL213,1,263,8,271,1858.0,9.0,1867.0,519,8,527
CL065,1,545,421,966,4134.0,3852.0,7986.0,728,550,1278
CL064,1,357,543,900,3218.0,3886.0,7104.0,483,783,1266
CL063,1,631,952,1583,4760.0,11003.0,15763.0,835,1439,2274
CL061,1,191,103,294,489.0,276.0,765.0,228,116,344
SMP269,1,248,113,361,1477.0,225.0,1702.0,424,139,563
CL060,1,122,165,287,625.0,709.0,1334.0,180,208,388
CL059,1,269,157,426,1096.0,510.0,1606.0,334,175,509
SMP242,1,79,117,196,463.0,421.0,884.0,123,167,290
SMP241,1,267,358,625,1045.0,1953.0,2998.0,424,442,866
CL058,1,164,195,359,645.0,985.0,1630.0,189,254,443
CL246,1,218,334,552,2010.0,1836.0,3846.0,389,455,844
SMP234,1,296,206,502,2770.0,1195.0,3965.0,483,290,773
SMP206,1,205,171,376,493.0,563.0,1056.0,240,196,436
Am1? LOP-LO,1,12,31,43,222.0,195.0,417.0,38,76,114
AVLP593,1,483,602,1085,1933.0,1889.0,3822.0,597,759,1356
CL097,1,113,79,192,484.0,207.0,691.0,131,90,221
AVLP594,1,231,208,439,1569.0,1573.0,3142.0,307,283,590
CL096,1,172,236,408,848.0,1014.0,1862.0,230,295,525
AVLP595,1,330,264,594,1456.0,1014.0,2470.0,417,306,723
AVLP596,1,239,207,446,634.0,569.0,1203.0,293,240,533
CL164,1,127,110,237,504.0,402.0,906.0,175,135,310
CL084,1,194,159,353,696.0,516.0,1212.0,245,191,436
SMP318,1,160,120,280,481.0,700.0,1181.0,219,154,373
CL095,1,257,105,362,1314.0,252.0,1566.0,333,120,453
CB,1,3,3,6,6.0,7.0,13.0,5,5,10
CB(PDM08),1,7,1,8,25.0,1.0,26.0,7,1,8
CL001,1,502,504,1006,6644.0,5224.0,11868.0,749,693,1442
CL002,1,463,476,939,4117.0,3154.0,7271.0,626,613,1239
AVLP592,1,386,367,753,3212.0,2541.0,5753.0,530,478,1008
CL263,1,387,262,649,2539.0,1265.0,3804.0,578,318,896
CL264,1,101,5,106,413.0,11.0,424.0,141,5,146
CL163,1,135,143,278,650.0,466.0,1116.0,210,178,388
SMP327,1,193,186,379,1056.0,991.0,2047.0,273,242,515
AVLP591,1,355,313,668,2276.0,2338.0,4614.0,487,394,881
CL162,1,122,138,260,491.0,522.0,1013.0,163,178,341
CL103,1,165,114,279,572.0,236.0,808.0,212,122,334
CL104,1,175,126,301,586.0,296.0,882.0,202,139,341
CL106,1,169,179,348,774.0,685.0,1459.0,211,216,427
CL107,1,178,179,357,669.0,751.0,1420.0,216,236,452
CL108,1,198,144,342,952.0,895.0,1847.0,255,163,418
CL109,1,457,480,937,2508.0,2886.0,5394.0,576,624,1200
CL110,1,327,332,659,1621.0,1902.0,3523.0,406,405,811
CL111,1,385,318,703,2877.0,2398.0,5275.0,501,422,923
CL112,1,259,290,549,1513.0,1989.0,3502.0,327,348,675
CL113,1,58,145,203,77.0,710.0,787.0,62,169,231
CL094,1,377,183,560,1367.0,682.0,2049.0,491,210,701
CL173,1,145,89,234,570.0,298.0,868.0,194,114,308
CL174,1,134,114,248,299.0,276.0,575.0,160,132,292
CL187,1,182,132,314,752.0,855.0,1607.0,226,165,391
SMP091,1,355,263,618,1208.0,1082.0,2290.0,485,330,815
CL250,1,139,228,367,618.0,1353.0,1971.0,176,279,455
CL026,1,229,256,485,1093.0,1106.0,2199.0,328,339,667
CL025,1,281,256,537,1182.0,1229.0,2411.0,371,310,681
CL021,1,376,250,626,1488.0,1511.0,2999.0,486,322,808
CL204,1,144,88,232,672.0,267.0,939.0,173,95,268
CL203,1,193,18,211,780.0,25.0,805.0,256,20,276
CL256,1,474,354,828,2591.0,1960.0,4551.0,662,444,1106
CL201,1,230,197,427,978.0,988.0,1966.0,281,243,524
CL017,1,173,129,302,428.0,291.0,719.0,223,157,380
CL257,1,381,258,639,2569.0,1203.0,3772.0,507,311,818
CL200,1,232,277,509,1711.0,2003.0,3714.0,353,355,708
CL197,1,104,106,210,387.0,265.0,652.0,125,146,271
CL188,1,208,161,369,923.0,469.0,1392.0,297,195,492
SMP137,1,140,147,287,1022.0,548.0,1570.0,193,185,378
CL176,1,142,111,253,515.0,467.0,982.0,188,145,333
CL012,1,100,132,232,512.0,392.0,904.0,161,181,342
CL092,1,445,255,700,3377.0,1370.0,4747.0,588,287,875
CL183,1,102,72,174,319.0,371.0,690.0,128,97,225
CL093,1,328,226,554,1401.0,804.0,2205.0,421,255,676
CL181,1,229,150,379,853.0,327.0,1180.0,307,191,498
CL180,1,231,162,393,1340.0,1124.0,2464.0,330,200,530
CL259,1,219,5,224,770.0,8.0,778.0,273,5,278
CL011,1,107,161,268,316.0,659.0,975.0,132,211,343
CL010,1,144,196,340,438.0,871.0,1309.0,167,271,438
CL009,1,182,211,393,556.0,781.0,1337.0,256,300,556
CL178,1,147,88,235,601.0,368.0,969.0,224,113,337
CL008,1,176,234,410,551.0,964.0,1515.0,254,314,568
CL007,1,325,303,628,1933.0,1518.0,3451.0,487,398,885
CL260,1,144,3,147,496.0,3.0,499.0,200,3,203
SMP180,1,251,258,509,1034.0,1150.0,2184.0,361,379,740
LT?(PLBDL8),1,94,173,267,289.0,999.0,1288.0,140,249,389
SMP373,1,156,118,274,1284.0,711.0,1995.0,256,183,439
AVLP101,1,156,141,297,525.0,516.0,1041.0,189,154,343
WED132,1,56,60,116,379.0,340.0,719.0,95,87,182
WED133,1,51,67,118,225.0,272.0,497.0,63,84,147
WED135,1,46,67,113,136.0,230.0,366.0,64,85,149
AVLP098,1,204,212,416,1230.0,858.0,2088.0,265,253,518
AVLP097,1,168,238,406,556.0,1041.0,1597.0,199,271,470
AVLP095,1,117,126,243,315.0,484.0,799.0,141,160,301
AVLP094,1,109,135,244,438.0,629.0,1067.0,150,153,303
WED141,1,33,27,60,112.0,50.0,162.0,51,34,85
AVLP093,1,135,165,300,407.0,573.0,980.0,159,176,335
WED144,1,61,6,67,239.0,6.0,245.0,80,6,86
AVLP091,1,111,175,286,446.0,828.0,1274.0,151,214,365
AVLP090,1,148,186,334,1764.0,1842.0,3606.0,218,290,508
AVLP088,1,213,358,571,1432.0,2261.0,3693.0,332,509,841
AVLP087,1,134,225,359,1639.0,3910.0,5549.0,185,333,518
AVLP086,1,488,689,1177,7928.0,6791.0,14719.0,977,1270,2247
AVLP100,1,167,143,310,906.0,560.0,1466.0,219,162,381
AVLP102,1,166,116,282,1169.0,462.0,1631.0,239,133,372
WED104,1,236,383,619,1599.0,2748.0,4347.0,337,541,878
AVLP106,1,73,88,161,325.0,455.0,780.0,96,104,200
WED107,1,171,243,414,885.0,1391.0,2276.0,200,282,482
WED108,1,100,77,177,358.0,544.0,902.0,131,96,227
AVLP119,1,88,113,201,1188.0,367.0,1555.0,195,137,332
AVLP118,1,137,96,233,797.0,236.0,1033.0,317,115,432
WED115,1,65,81,146,198.0,225.0,423.0,88,98,186
WED116,1,218,13,231,2497.0,36.0,2533.0,324,16,340
AVLP108,1,123,114,237,424.0,462.0,886.0,150,137,287
WED119,1,89,165,254,1247.0,1892.0,3139.0,131,249,380
WED120,1,49,60,109,115.0,145.0,260.0,65,71,136
WED121,1,102,94,196,657.0,1132.0,1789.0,154,134,288
WED122,1,96,77,173,813.0,620.0,1433.0,178,118,296
WED123,1,213,15,228,982.0,18.0,1000.0,291,16,307
WED124,1,109,32,141,408.0,83.0,491.0,168,44,212
WED125,1,127,101,228,478.0,277.0,755.0,193,125,318
WED126,1,126,21,147,432.0,36.0,468.0,191,26,217
WED151,1,65,90,155,188.0,262.0,450.0,91,107,198
WED152,1,67,88,155,327.0,290.0,617.0,87,114,201
AVLP085,1,256,374,630,1512.0,5569.0,7081.0,358,540,898
AVLP084,1,110,151,261,2378.0,3779.0,6157.0,167,263,430
WED175,1,35,25,60,116.0,80.0,196.0,47,26,73
WED176,1,31,3,34,117.0,4.0,121.0,38,3,41
AVLP067,1,201,198,399,811.0,501.0,1312.0,259,229,488
WED180,1,215,144,359,2552.0,428.0,2980.0,408,188,596
WED181,1,91,169,260,372.0,1511.0,1883.0,127,247,374
WED182,1,139,206,345,787.0,1554.0,2341.0,172,246,418
WED183,1,38,1,39,219.0,1.0,220.0,47,1,48
WEDPN10A,1,95,123,218,479.0,779.0,1258.0,129,166,295
WEDPN10B,1,73,112,185,435.0,696.0,1131.0,106,152,258
WEDPN11,1,151,244,395,666.0,1963.0,2629.0,180,314,494
WEDPN12,1,212,230,442,1125.0,1042.0,2167.0,303,288,591
AVLP057,1,268,257,525,1133.0,1050.0,2183.0,346,319,665
AVLP056,1,165,260,425,765.0,771.0,1536.0,276,381,657
AVLP054,1,138,211,349,609.0,485.0,1094.0,237,264,501
AVLP053,1,438,347,785,2674.0,1808.0,4482.0,606,449,1055
WED174,1,36,43,79,190.0,141.0,331.0,55,45,100
WED173,1,56,33,89,250.0,104.0,354.0,78,35,113
WED171,1,18,23,41,35.0,45.0,80.0,24,25,49
AVLP078,1,333,272,605,2987.0,3348.0,6335.0,477,334,811
AVLP083,1,473,566,1039,6301.0,7423.0,13724.0,770,930,1700
AVLP082,1,436,473,909,17686.0,11899.0,29585.0,736,759,1495
AVLP081,1,271,287,558,1751.0,3131.0,4882.0,391,384,775
AVLP080,1,704,819,1523,13315.0,14481.0,27796.0,1343,1615,2958
AVLP079,1,721,835,1556,15523.0,10168.0,25691.0,1224,1484,2708
WED160,1,32,1,33,203.0,1.0,204.0,41,1,42
AVLP077,1,322,288,610,5165.0,3854.0,9019.0,543,474,1017
WED170,1,29,34,63,98.0,78.0,176.0,39,41,80
AVLP076,1,769,808,1577,11505.0,8929.0,20434.0,1224,1278,2502
AVLP074,1,122,29,151,296.0,42.0,338.0,148,32,180
WED165,1,77,123,200,591.0,383.0,974.0,125,146,271
AVLP073,1,145,24,169,401.0,26.0,427.0,183,25,208
AVLP070,1,189,73,262,629.0,100.0,729.0,241,79,320
WED169,1,57,38,95,206.0,101.0,307.0,79,45,124
WED105,1,120,19,139,722.0,20.0,742.0,172,20,192
WED102,1,21,47,68,73.0,192.0,265.0,27,55,82
AVLP213,1,319,373,692,2099.0,3397.0,5496.0,454,554,1008
AVLP195,1,151,106,257,478.0,258.0,736.0,170,122,292
AVLP193,1,173,112,285,514.0,293.0,807.0,206,124,330
AVLP188,1,133,79,212,451.0,320.0,771.0,177,88,265
AVLP185,1,241,148,389,1242.0,533.0,1775.0,358,169,527
AVLP184,1,168,207,375,566.0,714.0,1280.0,200,237,437
AVLP180,1,215,124,339,895.0,383.0,1278.0,269,141,410
AVLP178,1,190,84,274,645.0,262.0,907.0,236,102,338
AVLP174,1,277,126,403,1173.0,468.0,1641.0,410,146,556
WED044,1,53,63,116,169.0,161.0,330.0,90,78,168
WED045,1,94,155,249,479.0,740.0,1219.0,126,191,317
WED046,1,174,229,403,938.0,1331.0,2269.0,242,307,549
AVLP169,1,275,191,466,1280.0,1607.0,2887.0,385,234,619
WED048,1,64,87,151,255.0,245.0,500.0,96,100,196
WED051,1,58,68,126,169.0,116.0,285.0,76,75,151
AVLP162,1,153,165,318,568.0,791.0,1359.0,196,198,394
AVLP161,1,159,123,282,1318.0,508.0,1826.0,227,147,374
WED027,1,33,57,90,111.0,272.0,383.0,50,85,135
AVLP196,1,124,85,209,377.0,191.0,568.0,153,97,250
WED099,1,22,34,56,93.0,162.0,255.0,25,42,67
AVLP200,1,104,196,300,1122.0,2890.0,4012.0,146,302,448
WED006,1,158,171,329,749.0,1736.0,2485.0,202,197,399
WED007,1,134,162,296,1949.0,1572.0,3521.0,302,210,512
WED008,1,99,117,216,408.0,970.0,1378.0,145,151,296
AVLP212,1,178,204,382,579.0,729.0,1308.0,214,245,459
AVLP211,1,413,318,731,1598.0,1240.0,2838.0,521,368,889
WED011,1,68,99,167,307.0,535.0,842.0,84,122,206
AVLP210,1,537,317,854,3178.0,1451.0,4629.0,780,377,1157
WED013,1,66,96,162,138.0,290.0,428.0,72,112,184
AVLP209,1,478,721,1199,3712.0,3397.0,7109.0,641,984,1625
WED016,1,121,106,227,618.0,650.0,1268.0,173,144,317
WED017,1,80,96,176,563.0,760.0,1323.0,113,125,238
WED018,1,70,80,150,440.0,599.0,1039.0,102,114,216
WED019,1,76,166,242,274.0,440.0,714.0,97,196,293
AVLP202,1,201,78,279,728.0,336.0,1064.0,272,94,366
AVLP201,1,323,283,606,1753.0,1527.0,3280.0,436,380,816
AVLP160,1,390,236,626,1991.0,823.0,2814.0,511,281,792
AVLP159,1,175,136,311,793.0,540.0,1333.0,218,167,385
AVLP158,1,240,185,425,996.0,857.0,1853.0,354,222,576
WED058,1,62,63,125,336.0,332.0,668.0,88,84,172
WED077,1,131,94,225,494.0,475.0,969.0,178,121,299
WED078,1,163,84,247,725.0,378.0,1103.0,219,100,319
WED079,1,120,94,214,418.0,267.0,685.0,161,110,271
WED080,1,93,32,125,906.0,50.0,956.0,148,37,185
WED081,1,116,81,197,438.0,247.0,685.0,137,96,233
WED082,1,66,36,102,596.0,98.0,694.0,95,46,141
WED083,1,30,0,30,94.0,0.0,94.0,37,0,37
WED084,1,35,1,36,150.0,1.0,151.0,43,1,44
WED085,1,92,45,137,421.0,103.0,524.0,132,50,182
WED086,1,45,48,93,236.0,115.0,351.0,68,59,127
WED089,1,93,124,217,436.0,411.0,847.0,129,156,285
WED090,1,52,57,109,147.0,114.0,261.0,66,68,134
WED091,1,71,101,172,194.0,243.0,437.0,91,127,218
AVLP140,1,60,64,124,255.0,177.0,432.0,76,69,145
AVLP132,1,132,162,294,403.0,502.0,905.0,159,180,339
WED076,1,98,76,174,910.0,234.0,1144.0,190,87,277
WED075,1,221,210,431,3876.0,2442.0,6318.0,564,297,861
WED074,1,64,88,152,264.0,998.0,1262.0,79,122,201
AVLP152,1,173,260,433,2095.0,1707.0,3802.0,476,337,813
WED059,1,122,177,299,853.0,1140.0,1993.0,172,230,402
AVLP157,1,256,203,459,1381.0,1636.0,3017.0,335,238,573
AVLP156,1,245,154,399,946.0,844.0,1790.0,330,182,512
WED062,1,35,76,111,273.0,338.0,611.0,50,105,155
AVLP154,1,274,256,530,2074.0,2302.0,4376.0,357,313,670
AVLP153,1,133,258,391,2275.0,1999.0,4274.0,361,376,737
AVLP151,1,345,405,750,3637.0,1355.0,4992.0,834,515,1349
WED073,1,78,85,163,304.0,937.0,1241.0,92,110,202
AVLP150,1,29,29,58,49.0,39.0,88.0,32,34,66
AVLP148,1,29,30,59,47.0,55.0,102.0,34,31,65
WED069,1,155,166,321,877.0,1411.0,2288.0,199,199,398
WED070,1,102,107,209,621.0,757.0,1378.0,133,137,270
WED071,1,74,3,77,364.0,3.0,367.0,91,3,94
AVLP147,1,67,40,107,171.0,86.0,257.0,79,43,122
AVLP052,1,125,88,213,352.0,252.0,604.0,137,98,235
WEDPN18,1,83,76,159,283.0,221.0,504.0,106,95,201
WEDPN19,1,92,154,246,293.0,514.0,807.0,120,188,308
AOTU022,1,122,142,264,553.0,1049.0,1602.0,247,173,420
mALD2,1,323,650,973,2348.0,5186.0,7534.0,425,1028,1453
mALD3,1,231,504,735,940.0,3682.0,4622.0,337,727,1064
mALD4,1,274,337,611,2068.0,3988.0,6056.0,367,459,826
oviDNa,1,156,36,192,869.0,55.0,924.0,224,41,265
AOTU018,1,41,68,109,397.0,438.0,835.0,162,87,249
AOTU014,1,97,156,253,3240.0,1608.0,4848.0,396,207,603
AOTU013,1,165,218,383,924.0,1310.0,2234.0,345,282,627
AOTU012,1,215,164,379,2533.0,1168.0,3701.0,514,186,700
pC1e,1,365,313,678,2171.0,2416.0,4587.0,550,421,971
AOTU010,1,64,89,153,479.0,286.0,765.0,182,138,320
pMP11(PDM08),1,49,0,49,268.0,0.0,268.0,66,0,66
pMP8-like,1,45,102,147,180.0,591.0,771.0,65,143,208
AOTU009,1,448,249,697,3068.0,1518.0,4586.0,643,324,967
smooth axon possibly H1(L),1,7,4,11,10.0,6.0,16.0,7,6,13
AOTU006,1,78,121,199,1499.0,958.0,2457.0,257,153,410
AOTU021,1,180,116,296,658.0,783.0,1441.0,277,150,427
mALC5,1,72,47,119,633.0,210.0,843.0,86,90,176
WEDPN1A_a,1,49,72,121,277.0,187.0,464.0,70,84,154
mALC4,1,43,25,68,116.0,384.0,500.0,65,148,213
AOTU031,1,40,64,104,326.0,378.0,704.0,149,80,229
mAL2B,1,59,80,139,185.0,326.0,511.0,84,107,191
AOTU030,1,114,201,315,740.0,1122.0,1862.0,263,269,532
AOTU029,1,151,141,292,2379.0,1447.0,3826.0,402,173,575
AOTU028,1,149,259,408,654.0,1101.0,1755.0,280,316,596
AOTU027,1,98,154,252,1911.0,1747.0,3658.0,335,217,552
AOTU026,1,117,214,331,1773.0,2190.0,3963.0,382,306,688
AOTU025,1,125,170,295,4941.0,2409.0,7350.0,461,235,696
AOTU024,1,101,100,201,496.0,645.0,1141.0,204,126,330
mALB2,1,193,325,518,847.0,3666.0,4513.0,232,453,685
mALB4,1,97,259,356,268.0,1294.0,1562.0,111,364,475
mALB5,1,304,379,683,1379.0,2419.0,3798.0,432,517,949
mALC1,1,104,91,195,630.0,2200.0,2830.0,298,581,879
mALC2,1,150,190,340,5558.0,8676.0,14234.0,722,1420,2142
mALC3,1,34,19,53,55.0,191.0,246.0,35,40,75
v2LN30,1,192,237,429,13530.0,10956.0,24486.0,1231,547,1778
v2LN31,1,52,86,138,1874.0,758.0,2632.0,204,153,357
v2LN32,1,44,58,102,325.0,384.0,709.0,78,92,170
AOTU005,1,121,187,308,1742.0,1811.0,3553.0,334,229,563
(aDT7),1,207,38,245,883.0,82.0,965.0,286,45,331
(aDT6a),1,18,45,63,70.0,202.0,272.0,30,91,121
(aDT4),1,45,122,167,92.0,431.0,523.0,60,150,210
(PVL15),1,12,5,17,35.0,6.0,41.0,15,5,20
(PVL12),1,1,0,1,1.0,0.0,1.0,1,0,1
(PVL04),1,9,4,13,14.0,8.0,22.0,10,4,14
(GC),1,13,50,63,33.0,448.0,481.0,17,73,90
(AVL15),1,7,1,8,20.0,1.0,21.0,9,1,10
(AVL01),1,74,110,184,288.0,386.0,674.0,95,133,228
(ADM12),1,5,1,6,6.0,1.0,7.0,5,1,6
vLN26,1,53,89,142,387.0,950.0,1337.0,90,130,220
vLN27,1,65,112,177,1110.0,972.0,2082.0,214,193,407
vLN28,1,64,48,112,1075.0,636.0,1711.0,171,70,241
vLN29,1,51,64,115,1020.0,685.0,1705.0,147,96,243
vpoDN,1,78,68,146,505.0,225.0,730.0,121,76,197
vCal-like,1,22,76,98,133.0,600.0,733.0,39,104,143
v2LN50,1,81,47,128,497.0,256.0,753.0,169,63,232
(aSP25c)(ADM04),1,102,180,282,289.0,767.0,1056.0,135,240,375
(vAB6),1,20,66,86,44.0,187.0,231.0,23,72,95
ALIN2,1,180,184,364,1951.0,2143.0,4094.0,332,282,614
v2LN34F,1,84,67,151,487.0,555.0,1042.0,153,113,266
AL-MBDL1,1,478,17,495,3903.0,17.0,3920.0,663,17,680
v2LN36,1,65,106,171,6774.0,4059.0,10833.0,661,494,1155
v2LN37,1,121,183,304,1834.0,1281.0,3115.0,376,264,640
5-HTPLP01,1,343,550,893,2902.0,5341.0,8243.0,478,813,1291
(pMP7)(PDM17),1,57,11,68,166.0,18.0,184.0,74,14,88
(aSP8a),1,4,19,23,11.0,43.0,54.0,6,22,28
(pMP7),1,16,2,18,30.0,2.0,32.0,20,2,22
(pMP12),1,50,0,50,162.0,0.0,162.0,59,0,59
(pIP8d),1,18,24,42,21.0,35.0,56.0,21,27,48
(pIP15),1,32,62,94,88.0,1343.0,1431.0,64,142,206
(pC1),1,46,26,72,317.0,44.0,361.0,109,31,140
v2LN48,1,50,57,107,994.0,558.0,1552.0,212,193,405
AOTU033,1,349,323,672,2979.0,3350.0,6329.0,557,606,1163
AOTU034,1,91,118,209,321.0,565.0,886.0,125,190,315
lLN7,1,114,65,179,678.0,310.0,988.0,294,98,392
aMe3,1,71,261,332,710.0,5085.0,5795.0,108,365,473
AVLP019,1,256,200,456,2177.0,1373.0,3550.0,338,259,597
AVLP018,1,366,195,561,2111.0,1262.0,3373.0,505,215,720
AVLP017,1,381,356,737,3417.0,1850.0,5267.0,558,456,1014
aMe13,1,104,140,244,971.0,836.0,1807.0,142,202,344
AVLP016,1,964,905,1869,17363.0,10781.0,28144.0,1490,1325,2815
AVLP015,1,664,287,951,5979.0,2103.0,8082.0,1013,351,1364
aMe15,1,140,107,247,1100.0,291.0,1391.0,220,131,351
AVLP014,1,42,60,102,58.0,137.0,195.0,45,66,111
aMe19a,1,36,82,118,476.0,774.0,1250.0,72,120,192
aMe19b,1,23,91,114,53.0,596.0,649.0,33,124,157
AVLP011,1,37,64,101,79.0,178.0,257.0,49,82,131
aMe20,1,236,566,802,1740.0,5517.0,7257.0,419,742,1161
aMe22,1,119,202,321,742.0,1280.0,2022.0,151,279,430
aMe23,1,85,200,285,847.0,1419.0,2266.0,129,281,410
AVLP009,1,38,57,95,91.0,159.0,250.0,50,77,127
AVLP020,1,278,338,616,1156.0,1296.0,2452.0,351,409,760
AVLP021,1,188,142,330,734.0,550.0,1284.0,243,153,396
AVLP022,1,125,82,207,396.0,162.0,558.0,158,91,249
AVLP034,1,212,101,313,524.0,320.0,844.0,255,113,368
WEDPN1B,1,38,42,80,115.0,158.0,273.0,48,52,100
WEDPN4,1,290,220,510,1858.0,2041.0,3899.0,405,323,728
WEDPN5,1,113,142,255,493.0,980.0,1473.0,161,200,361
AVLP042,1,159,181,340,690.0,514.0,1204.0,199,210,409
AVLP041,1,140,135,275,482.0,563.0,1045.0,209,152,361
AVLP035,1,216,198,414,839.0,1012.0,1851.0,255,232,487
AVLP033,1,269,263,532,980.0,1005.0,1985.0,328,307,635
AVLP023,1,314,159,473,2066.0,949.0,3015.0,479,169,648
AVLP031,1,357,349,706,2286.0,2661.0,4947.0,456,456,912
AVLP030,1,568,631,1199,3880.0,3649.0,7529.0,775,852,1627
WEDPN9,1,132,220,352,853.0,1205.0,2058.0,175,309,484
AVLP029,1,424,755,1179,3602.0,5636.0,9238.0,633,1105,1738
Z_vPNml1,1,73,138,211,254.0,1073.0,1327.0,99,180,279
AVLP025,1,152,190,342,638.0,866.0,1504.0,196,224,420
aMe25,1,70,210,280,473.0,2346.0,2819.0,146,289,435
AVLP001,1,868,789,1657,13561.0,11377.0,24938.0,1536,1401,2937
AOTU036,1,55,1,56,253.0,1.0,254.0,124,1,125
aMe6a,1,28,81,109,412.0,879.0,1291.0,45,107,152
l2LN21,1,46,28,74,1295.0,472.0,1767.0,87,41,128
lLN10,1,111,125,236,1405.0,1934.0,3339.0,328,253,581
ATL003,1,136,228,364,1187.0,1465.0,2652.0,204,286,490
ATL002,1,149,237,386,1223.0,1801.0,3024.0,197,314,511
ATL001,1,149,139,288,1061.0,1159.0,2220.0,206,170,376
APL or DPM,1,25,25,50,1377.0,1037.0,2414.0,479,446,925
APL fragment,1,21,14,35,382.0,228.0,610.0,195,142,337
APL,1,371,377,748,120556.0,108165.0,228721.0,2816,2776,5592
AOTU065,1,146,171,317,682.0,953.0,1635.0,233,247,480
AOTU057,1,76,77,153,227.0,260.0,487.0,119,100,219
AOTU055,1,73,109,182,550.0,366.0,916.0,193,170,363
AOTU054,1,81,73,154,324.0,291.0,615.0,155,99,254
AOTU048,1,90,99,189,529.0,697.0,1226.0,163,169,332
AOTU047,1,121,114,235,450.0,792.0,1242.0,239,219,458
AOTU045,1,89,129,218,323.0,808.0,1131.0,172,208,380
l2LN18,1,214,281,495,10712.0,9123.0,19835.0,1444,1307,2751
ATL015,1,151,187,338,978.0,1260.0,2238.0,198,232,430
ATL019,1,67,73,140,276.0,218.0,494.0,92,86,178
aSP-g3A,1,146,122,268,475.0,420.0,895.0,189,160,349
aMe6b,1,23,33,56,867.0,726.0,1593.0,45,60,105
aMe6c,1,21,25,46,631.0,603.0,1234.0,40,52,92
ATL044,1,220,305,525,1085.0,1119.0,2204.0,294,358,652
ATL043,1,153,266,419,1120.0,1271.0,2391.0,185,349,534
ATL041,1,127,153,280,700.0,516.0,1216.0,162,199,361
ATL040,1,257,95,352,1302.0,903.0,2205.0,347,129,476
aSP10,1,12,32,44,23.0,86.0,109.0,14,38,52
ATL021,1,93,173,266,715.0,1502.0,2217.0,124,218,342
ATL030,1,157,139,296,1082.0,832.0,1914.0,242,179,421
dCal-like(PLBDL4),1,18,8,26,182.0,15.0,197.0,43,11,54
fragment due to gap,1,12,12,24,81.0,39.0,120.0,19,25,44
ATL024,1,169,67,236,1009.0,403.0,1412.0,288,104,392
ATL023,1,209,156,365,1367.0,1394.0,2761.0,256,195,451
ATL022,1,350,238,588,2886.0,1800.0,4686.0,555,307,862
WED005,1,203,329,532,1781.0,1996.0,3777.0,409,530,939
AVLP214,1,192,184,376,780.0,1120.0,1900.0,239,233,472
AVLP555,1,125,252,377,406.0,962.0,1368.0,160,316,476
SMP494,1,389,194,583,2108.0,1421.0,3529.0,536,265,801
SMP496,1,251,166,417,934.0,1046.0,1980.0,308,197,505
AVLP432,1,464,383,847,3426.0,2208.0,5634.0,634,463,1097
AVLP431,1,124,151,275,869.0,745.0,1614.0,151,185,336
AVLP430,1,236,260,496,1637.0,1634.0,3271.0,390,339,729
AVLP429,1,192,284,476,1572.0,1959.0,3531.0,316,388,704
AVLP428,1,356,553,909,1881.0,2372.0,4253.0,459,731,1190
AVLP427,1,63,143,206,383.0,629.0,1012.0,75,197,272
AVLP425,1,23,41,64,87.0,384.0,471.0,24,61,85
SMP508,1,180,181,361,502.0,671.0,1173.0,253,276,529
AVLP418,1,148,174,322,656.0,1199.0,1855.0,186,216,402
SMP511,1,100,97,197,203.0,332.0,535.0,136,151,287
AVLP417,1,204,227,431,453.0,1577.0,2030.0,236,281,517
AVLP415,1,84,126,210,700.0,652.0,1352.0,111,163,274
AVLP414,1,96,54,150,253.0,96.0,349.0,109,60,169
SMP515,1,148,145,293,684.0,934.0,1618.0,220,247,467
AVLP433_a,1,373,278,651,2204.0,1023.0,3227.0,506,312,818
AVLP433_b,1,315,159,474,1550.0,928.0,2478.0,406,178,584
SMP476,1,161,152,313,597.0,424.0,1021.0,225,198,423
AVLP434_a,1,357,179,536,2766.0,873.0,3639.0,470,216,686
AVLP452,1,159,153,312,1675.0,719.0,2394.0,260,208,468
SMP479,1,90,19,109,346.0,30.0,376.0,151,22,173
AVLP450,1,211,168,379,1100.0,510.0,1610.0,311,195,506
AVLP449,1,276,273,549,3098.0,3189.0,6287.0,394,377,771
AVLP448,1,241,244,485,1123.0,1069.0,2192.0,315,294,609
AVLP447,1,75,159,234,400.0,1207.0,1607.0,101,217,318
AVLP446,1,96,134,230,549.0,1066.0,1615.0,124,185,309
AVLP445,1,78,142,220,219.0,875.0,1094.0,85,171,256
AVLP443,1,284,371,655,1528.0,2324.0,3852.0,366,501,867
AVLP442,1,621,435,1056,4506.0,2941.0,7447.0,845,523,1368
AVLP440,1,179,167,346,1686.0,1249.0,2935.0,317,206,523
AVLP439,1,284,220,504,1292.0,917.0,2209.0,376,259,635
AVLP437,1,248,211,459,1085.0,1470.0,2555.0,324,241,565
SMP490,1,173,162,335,649.0,453.0,1102.0,255,211,466
AVLP434_b,1,250,167,417,1026.0,620.0,1646.0,324,194,518
AVLP411,1,116,187,303,2441.0,1453.0,3894.0,189,244,433
SMP521,1,75,52,127,172.0,188.0,360.0,100,74,174
SMP522,1,59,79,138,184.0,202.0,386.0,72,109,181
SMP525,1,94,96,190,189.0,375.0,564.0,119,157,276
AVLP381,1,103,152,255,448.0,885.0,1333.0,142,203,345
AVLP376,1,87,97,184,570.0,652.0,1222.0,126,123,249
SMP552,1,219,189,408,1499.0,778.0,2277.0,279,236,515
AVLP375,1,71,116,187,741.0,634.0,1375.0,92,140,232
SMP554,1,262,282,544,1752.0,3602.0,5354.0,318,372,690
SMP555,1,189,290,479,1004.0,1919.0,2923.0,253,387,640
AVLP373,1,150,140,290,646.0,576.0,1222.0,195,171,366
AVLP371,1,139,138,277,516.0,674.0,1190.0,184,161,345
AVLP369,1,271,259,530,1315.0,1531.0,2846.0,378,367,745
SMP561,1,203,143,346,1097.0,563.0,1660.0,288,202,490
SMP562,1,202,177,379,1044.0,814.0,1858.0,332,260,592
AVLP366,1,45,64,109,242.0,305.0,547.0,49,83,132
SMP565,1,103,117,220,231.0,342.0,573.0,126,141,267
AVLP364,1,95,130,225,307.0,512.0,819.0,111,158,269
SMP567,1,181,165,346,704.0,690.0,1394.0,213,196,409
AVLP389,1,275,206,481,1037.0,1596.0,2633.0,355,249,604
AVLP390,1,256,159,415,994.0,1154.0,2148.0,325,196,521
AVLP391,1,106,125,231,412.0,363.0,775.0,135,169,304
SMP534,1,147,164,311,974.0,1065.0,2039.0,277,273,550
AVLP402,1,151,114,265,539.0,859.0,1398.0,186,125,311
SMP529,1,276,410,686,942.0,2165.0,3107.0,355,543,898
AVLP399,1,134,215,349,896.0,2283.0,3179.0,177,296,473
AVLP398,1,167,183,350,696.0,876.0,1572.0,207,222,429
AVLP397,1,249,185,434,1406.0,945.0,2351.0,333,226,559
SMP533,1,154,103,257,1003.0,869.0,1872.0,210,140,350
SMP535,1,155,162,317,719.0,861.0,1580.0,215,215,430
AVLP392,1,130,180,310,613.0,668.0,1281.0,164,223,387
SMP536,1,74,101,175,237.0,575.0,812.0,103,133,236
AVLP396,1,395,247,642,3634.0,1359.0,4993.0,668,293,961
SMP538,1,109,77,186,561.0,406.0,967.0,186,124,310
CL321,1,209,97,306,1304.0,187.0,1491.0,360,113,473
AVLP393,1,97,191,288,554.0,687.0,1241.0,126,268,394
SMP542,1,393,361,754,2168.0,2556.0,4724.0,564,474,1038
AVLP453,1,117,98,215,650.0,313.0,963.0,170,110,280
AVLP455,1,150,238,388,1080.0,1205.0,2285.0,212,306,518
AVLP215,1,622,763,1385,6383.0,8029.0,14412.0,894,1138,2032
AVLP534,1,382,320,702,1978.0,1986.0,3964.0,506,384,890
AVLP532,1,693,875,1568,14249.0,11282.0,25531.0,1126,1430,2556
AVLP531,1,446,541,987,2902.0,4926.0,7828.0,853,688,1541
AVLP530,1,107,79,186,432.0,261.0,693.0,135,97,232
SMP407,1,225,146,371,959.0,683.0,1642.0,289,171,460
AVLP522,1,187,118,305,844.0,493.0,1337.0,238,136,374
AVLP520,1,262,174,436,1854.0,1387.0,3241.0,326,212,538
AVLP518,1,151,98,249,342.0,174.0,516.0,173,104,277
SMP412,1,116,93,209,524.0,429.0,953.0,150,102,252
AVLP513,1,124,132,256,275.0,324.0,599.0,133,157,290
SMP418,1,293,143,436,1600.0,880.0,2480.0,416,187,603
SMP419,1,256,229,485,1034.0,875.0,1909.0,315,287,602
SMP420,1,276,224,500,818.0,1114.0,1932.0,329,257,586
AVLP512,1,147,119,266,468.0,346.0,814.0,206,136,342
AVLP511,1,133,130,263,485.0,351.0,836.0,191,161,352
SMP423,1,143,149,292,333.0,537.0,870.0,169,174,343
AVLP533,1,301,427,728,1919.0,2746.0,4665.0,413,607,1020
AVLP535,1,304,420,724,4369.0,4950.0,9319.0,443,679,1122
AVLP456,1,90,111,201,294.0,259.0,553.0,104,122,226
AVLP536,1,290,486,776,2690.0,4367.0,7057.0,636,740,1376
SMP375,1,261,173,434,1147.0,1111.0,2258.0,347,234,581
SMP378,1,144,216,360,387.0,621.0,1008.0,170,263,433
SMP379,1,113,105,218,413.0,649.0,1062.0,145,133,278
SMP388,1,391,254,645,2066.0,1484.0,3550.0,519,301,820
AVLP547,1,68,203,271,308.0,1341.0,1649.0,85,297,382
SMP390,1,288,228,516,1237.0,1323.0,2560.0,363,265,628
AVLP546,1,118,222,340,590.0,1963.0,2553.0,162,323,485
AVLP545,1,136,212,348,1489.0,3782.0,5271.0,208,323,531
AVLP544,1,207,306,513,4771.0,5296.0,10067.0,334,466,800
AVLP543,1,104,167,271,1195.0,1319.0,2514.0,153,219,372
AVLP542,1,270,367,637,3095.0,4268.0,7363.0,432,589,1021
AVLP540,1,110,149,259,380.0,522.0,902.0,123,170,293
AVLP539,1,319,564,883,2209.0,5271.0,7480.0,427,848,1275
AVLP538,1,651,914,1565,15434.0,12075.0,27509.0,1602,1756,3358
AVLP537,1,219,363,582,4507.0,4712.0,9219.0,748,651,1399
AVLP509,1,138,99,237,1349.0,325.0,1674.0,197,112,309
SMP426,1,124,94,218,330.0,190.0,520.0,148,106,254
AVLP508,1,210,155,365,553.0,630.0,1183.0,243,184,427
AVLP507,1,161,142,303,643.0,545.0,1188.0,208,163,371
AVLP487,1,46,73,119,111.0,118.0,229.0,55,81,136
AVLP485,1,54,93,147,161.0,211.0,372.0,61,106,167
AVLP484,1,73,90,163,161.0,206.0,367.0,84,99,183
AVLP483,1,77,98,175,144.0,228.0,372.0,83,112,195
AVLP478,1,544,384,928,4823.0,3603.0,8426.0,807,505,1312
SMP457,1,374,219,593,3688.0,342.0,4030.0,658,263,921
AVLP476,1,447,858,1305,2388.0,5084.0,7472.0,609,1364,1973
AVLP474,1,305,340,645,1329.0,1655.0,2984.0,403,434,837
SMP465,1,74,17,91,159.0,32.0,191.0,101,17,118
AVLP467,1,132,223,355,794.0,1044.0,1838.0,244,299,543
AVLP464,1,216,462,678,2784.0,4135.0,6919.0,383,657,1040
AVLP460,1,163,225,388,617.0,854.0,1471.0,208,267,475
AVLP459,1,100,56,156,205.0,179.0,384.0,116,61,177
AVLP458,1,123,95,218,386.0,309.0,695.0,156,131,287
AVLP457,1,141,99,240,410.0,212.0,622.0,166,117,283
AVLP491,1,171,19,190,530.0,73.0,603.0,204,20,224
SMP445,1,214,126,340,982.0,682.0,1664.0,307,152,459
SMP444,1,227,181,408,925.0,957.0,1882.0,289,208,497
AVLP500,1,275,314,589,3240.0,1818.0,5058.0,520,407,927
AVLP506,1,220,180,400,1238.0,1211.0,2449.0,281,222,503
AVLP505,1,267,237,504,1645.0,865.0,2510.0,395,286,681
AVLP504,1,157,221,378,1255.0,847.0,2102.0,207,296,503
AVLP503,1,239,210,449,1315.0,1382.0,2697.0,396,278,674
AVLP502,1,209,251,460,814.0,1110.0,1924.0,281,304,585
AVLP501,1,338,282,620,2272.0,1893.0,4165.0,476,371,847
AVLP499,1,268,15,283,995.0,17.0,1012.0,333,15,348
SMP443,1,356,266,622,3560.0,1391.0,4951.0,530,356,886
SMP436,1,130,132,262,321.0,355.0,676.0,148,160,308
AVLP498,1,477,267,744,4123.0,2000.0,6123.0,732,324,1056
AVLP497,1,144,116,260,334.0,391.0,725.0,184,153,337
SMP439,1,117,88,205,620.0,268.0,888.0,220,101,321
SMP441,1,218,198,416,1595.0,1489.0,3084.0,294,243,537
SMP442,1,254,201,455,931.0,981.0,1912.0,324,259,583
AVLP363,1,88,140,228,310.0,449.0,759.0,103,160,263
AVLP362,1,106,133,239,360.0,555.0,915.0,119,154,273
AVLP358,1,94,149,243,374.0,623.0,997.0,121,179,300
VES054,1,232,104,336,2461.0,395.0,2856.0,334,125,459
AVLP257,1,196,182,378,1036.0,878.0,1914.0,263,218,481
VES058,1,192,79,271,1179.0,1253.0,2432.0,253,90,343
VES059,1,250,148,398,2425.0,945.0,3370.0,338,162,500
VES060,1,180,104,284,599.0,321.0,920.0,251,124,375
VES061,1,148,101,249,552.0,270.0,822.0,200,122,322
VES062,1,150,75,225,709.0,219.0,928.0,199,95,294
AVLP255,1,123,78,201,267.0,252.0,519.0,136,104,240
VES064,1,203,137,340,2078.0,1434.0,3512.0,278,153,431
VES065,1,139,36,175,606.0,57.0,663.0,168,40,208
VES066,1,60,66,126,267.0,431.0,698.0,70,72,142
AVLP254,1,151,212,363,525.0,670.0,1195.0,192,251,443
VES068,1,110,22,132,765.0,31.0,796.0,150,23,173
VES069,1,100,10,110,803.0,13.0,816.0,116,10,126
AVLP253,1,135,231,366,515.0,800.0,1315.0,174,283,457
VES071,1,135,13,148,826.0,18.0,844.0,207,15,222
VES055,1,105,108,213,1174.0,600.0,1774.0,129,121,250
AVLP258,1,300,278,578,2479.0,1954.0,4433.0,582,346,928
AVLP356,1,100,122,222,472.0,592.0,1064.0,133,150,283
AVLP260,1,116,139,255,920.0,846.0,1766.0,154,161,315
AVLP281,1,272,399,671,864.0,2037.0,2901.0,346,486,832
VES032,1,58,140,198,266.0,628.0,894.0,75,164,239
AVLP280,1,630,479,1109,3578.0,3630.0,7208.0,891,586,1477
AVLP277,1,35,29,64,111.0,89.0,200.0,46,35,81
AVLP268,1,187,143,330,861.0,479.0,1340.0,220,161,381
VES039,1,31,19,50,304.0,65.0,369.0,36,23,59
VES040,1,153,185,338,688.0,936.0,1624.0,211,269,480
AVLP267,1,236,189,425,1210.0,645.0,1855.0,320,216,536
VES042,1,286,250,536,3041.0,1362.0,4403.0,424,297,721
VES043,1,86,23,109,442.0,41.0,483.0,106,24,130
AVLP266,1,254,157,411,1306.0,610.0,1916.0,349,184,533
VES046,1,182,33,215,774.0,100.0,874.0,227,34,261
VES047,1,199,103,302,1077.0,493.0,1570.0,256,110,366
VES048,1,79,66,145,1011.0,296.0,1307.0,105,76,181
AVLP263,1,90,123,213,340.0,363.0,703.0,102,140,242
VES072,1,101,10,111,709.0,16.0,725.0,121,10,131
VES073,1,94,86,180,448.0,277.0,725.0,109,96,205
AVLP252,1,167,275,442,966.0,1634.0,2600.0,215,346,561
AVLP251,1,521,309,830,3082.0,2051.0,5133.0,788,407,1195
VP2+Z_lvPN,1,66,168,234,187.0,580.0,767.0,84,196,280
VP2+_adPN,1,153,215,368,1303.0,1778.0,3081.0,221,285,506
VP2_adPN,1,138,295,433,3672.0,6637.0,10309.0,249,537,786
VP2_l2PN,1,69,140,209,918.0,1672.0,2590.0,115,199,314
AVLP221,1,106,160,266,317.0,558.0,875.0,159,187,346
VP3+_vPN,1,49,35,84,627.0,1919.0,2546.0,96,65,161
VP4+VL1_l2PN,1,114,247,361,1954.0,1509.0,3463.0,281,327,608
VP4+_vPN,1,89,237,326,599.0,1974.0,2573.0,129,314,443
VP4_vPN,1,94,238,332,1314.0,2685.0,3999.0,161,328,489
VP5+VP3_l2PN,1,74,154,228,2138.0,1602.0,3740.0,124,224,348
VP5+Z_adPN,1,146,284,430,1460.0,2658.0,4118.0,229,388,617
VP5+_l2PN,1,68,152,220,1558.0,1232.0,2790.0,120,205,325
AVLP217,1,229,183,412,1077.0,816.0,1893.0,294,217,511
V_l2PN,1,157,280,437,2354.0,1775.0,4129.0,283,362,645
AVLP216,1,109,214,323,1207.0,2728.0,3935.0,163,324,487
VP2+VC5_l2PN,1,71,122,193,594.0,804.0,1398.0,154,172,326
VP1m_l2PN,1,176,382,558,4471.0,8918.0,13389.0,310,706,1016
VP1m+VP2_lvPN1,1,94,190,284,538.0,909.0,1447.0,147,252,399
VL1_vPN,1,136,239,375,1458.0,1895.0,3353.0,262,336,598
VES079,1,83,91,174,766.0,1021.0,1787.0,97,107,204
VES080,1,84,211,295,228.0,1410.0,1638.0,107,253,360
VES081,1,92,5,97,750.0,5.0,755.0,103,5,108
VES082,1,156,11,167,1500.0,11.0,1511.0,191,11,202
VES083,1,124,6,130,1389.0,6.0,1395.0,157,6,163
VES084,1,164,139,303,849.0,519.0,1368.0,205,153,358
VL2a_adPN,1,134,319,453,6415.0,11203.0,17618.0,357,754,1111
AVLP226,1,93,109,202,240.0,389.0,629.0,115,129,244
VL2p_adPN,1,146,310,456,6693.0,13178.0,19871.0,355,791,1146
VL2p_vPN,1,54,124,178,689.0,431.0,1120.0,122,164,286
VM1_lPN,1,125,209,334,1681.0,4432.0,6113.0,289,420,709
VM4_adPN,1,131,264,395,1641.0,4197.0,5838.0,312,490,802
VP1d+VP4_l2PN1,1,225,355,580,4371.0,9153.0,13524.0,506,833,1339
VP1d+VP4_l2PN2,1,151,331,482,3584.0,5918.0,9502.0,306,521,827
VES030,1,99,179,278,855.0,1312.0,2167.0,131,223,354
VES028,1,122,51,173,884.0,219.0,1103.0,143,52,195
VES027,1,70,55,125,465.0,575.0,1040.0,92,58,150
AVLP317,1,167,203,370,558.0,934.0,1492.0,205,254,459
AVLP330,1,80,96,176,420.0,486.0,906.0,111,125,236
SMP595,1,393,264,657,3500.0,1926.0,5426.0,553,327,880
SMP596,1,315,304,619,1349.0,1477.0,2826.0,416,368,784
SMP597,1,154,260,414,943.0,1443.0,2386.0,192,319,511
SMP598,1,104,126,230,566.0,615.0,1181.0,198,208,406
SMP599,1,102,63,165,366.0,345.0,711.0,153,83,236
SMP600,1,189,169,358,657.0,570.0,1227.0,241,203,444
AVLP328,1,96,129,225,373.0,453.0,826.0,166,168,334
AVLP327,1,109,122,231,404.0,461.0,865.0,188,151,339
AVLP326,1,134,117,251,875.0,298.0,1173.0,324,137,461
AVLP323,1,227,159,386,1021.0,641.0,1662.0,291,185,476
AVLP322,1,104,151,255,1008.0,761.0,1769.0,267,209,476
TRN_VP3b,1,21,51,72,200.0,902.0,1102.0,41,90,131
AVLP321,1,154,235,389,922.0,1176.0,2098.0,273,313,586
AVLP319,1,103,183,286,892.0,1146.0,2038.0,227,240,467
AVLP336,1,90,120,210,355.0,551.0,906.0,112,147,259
AVLP339,1,254,216,470,1307.0,946.0,2253.0,390,270,660
AVLP340,1,303,246,549,1711.0,2148.0,3859.0,507,338,845
AVLP343,1,312,264,576,1039.0,1074.0,2113.0,388,327,715
AVLP352,1,96,161,257,2916.0,4939.0,7855.0,152,260,412
SMP571,1,129,132,261,266.0,370.0,636.0,162,157,319
SMP573,1,143,148,291,360.0,601.0,961.0,174,185,359
AVLP350,1,94,127,221,319.0,658.0,977.0,113,160,273
SMP576,1,79,70,149,148.0,107.0,255.0,88,74,162
AVLP344,1,116,193,309,487.0,660.0,1147.0,152,243,395
SMP580,1,238,244,482,797.0,906.0,1703.0,320,291,611
SMP587,1,225,243,468,936.0,839.0,1775.0,321,363,684
AVLP342,1,155,144,299,556.0,529.0,1085.0,199,168,367
AVLP341,1,65,153,218,1034.0,1513.0,2547.0,92,201,293
SMP583,1,450,255,705,1961.0,1520.0,3481.0,658,330,988
SMP584,1,161,205,366,1026.0,779.0,1805.0,301,248,549
SMP585,1,179,6,185,939.0,6.0,945.0,256,6,262
SMP586,1,344,240,584,1826.0,1253.0,3079.0,495,300,795
AVLP318,1,114,127,241,1610.0,946.0,2556.0,173,168,341
AVLP315,1,448,358,806,2536.0,2097.0,4633.0,604,432,1036
VES026,1,324,39,363,3852.0,68.0,3920.0,473,43,516
AVLP314,1,295,315,610,1146.0,1503.0,2649.0,378,381,759
VES007,1,183,150,333,890.0,1150.0,2040.0,232,178,410
VES008,1,325,196,521,4246.0,1392.0,5638.0,506,224,730
AVLP289,1,191,368,559,2141.0,4083.0,6224.0,259,531,790
VES010,1,213,264,477,989.0,2195.0,3184.0,276,328,604
VES011,1,192,129,321,1545.0,969.0,2514.0,259,148,407
VES012,1,260,366,626,2207.0,2350.0,4557.0,309,418,727
VES013,1,215,278,493,1935.0,2281.0,4216.0,265,319,584
VES014,1,122,256,378,843.0,2511.0,3354.0,172,336,508
VES015,1,324,242,566,5281.0,1554.0,6835.0,489,318,807
VES016,1,78,77,155,917.0,1645.0,2562.0,92,84,176
VES017,1,100,197,297,646.0,1164.0,1810.0,122,242,364
VES018,1,156,139,295,2154.0,1068.0,3222.0,229,157,386
AVLP286,1,200,182,382,735.0,941.0,1676.0,259,207,466
AVLP284,1,182,212,394,770.0,653.0,1423.0,296,239,535
VES025,1,98,200,298,797.0,1344.0,2141.0,132,277,409
VES006,1,150,57,207,2898.0,119.0,3017.0,204,63,267
VES005,1,264,178,442,3858.0,2184.0,6042.0,359,208,567
VES004,1,111,168,279,741.0,1104.0,1845.0,141,211,352
VA4_lPN,1,161,225,386,3431.0,7693.0,11124.0,356,634,990
AVLP313,1,107,131,238,268.0,316.0,584.0,128,147,275
AVLP307,1,168,153,321,601.0,459.0,1060.0,218,175,393
AVLP305,1,183,142,325,662.0,531.0,1193.0,226,165,391
VA1d_vPN,1,77,167,244,1293.0,833.0,2126.0,180,247,427
AVLP303,1,131,131,262,546.0,514.0,1060.0,203,162,365
VA2_adPN,1,176,304,480,5577.0,9807.0,15384.0,446,819,1265
VA7l_adPN,1,179,300,479,2732.0,6840.0,9572.0,337,601,938
VES003,1,164,371,535,970.0,1613.0,2583.0,200,474,674
VC1_lPN,1,150,295,445,4173.0,8851.0,13024.0,291,594,885
VC2_lPN,1,169,289,458,3540.0,7792.0,11332.0,355,632,987
VC5_adPN,1,187,314,501,5492.0,9158.0,14650.0,477,655,1132
VCH,1,55,26,81,1677.0,80.0,1757.0,81,38,119
VES001,1,304,483,787,2558.0,3055.0,5613.0,383,579,962
VES002,1,128,234,362,1680.0,3118.0,4798.0,154,262,416
AVLP395,1,126,214,340,619.0,612.0,1231.0,176,264,440
DNp15,1,62,13,75,1481.0,17.0,1498.0,90,15,105
CL322,1,186,5,191,848.0,5.0,853.0,294,5,299
PPL201,1,1102,1524,2626,7669.0,8544.0,16213.0,1765,2900,4665
PPL203,1,613,1116,1729,3317.0,4882.0,8199.0,855,1818,2673
LHAV4e6,1,106,121,227,254.0,192.0,446.0,136,132,268
PPM1203,1,453,813,1266,2673.0,4753.0,7426.0,724,1413,2137
PPM1204,1,144,140,284,570.0,955.0,1525.0,227,187,414
PPM1205,1,234,444,678,2314.0,3181.0,5495.0,299,607,906
PS001,1,349,373,722,2486.0,2124.0,4610.0,523,488,1011
LHAV4e1_a,1,147,171,318,570.0,341.0,911.0,208,208,416
LHAV4d2_a,1,56,77,133,116.0,202.0,318.0,66,93,159
LHAV4c1_b,1,88,88,176,259.0,151.0,410.0,115,99,214
PS007,1,127,125,252,486.0,492.0,978.0,195,180,375
LHAV4a2,1,272,303,575,1625.0,1693.0,3318.0,398,455,853
LHAV4a1_c,1,269,301,570,1411.0,1563.0,2974.0,361,424,785
PS010,1,336,204,540,4328.0,2483.0,6811.0,561,252,813
PS011,1,295,212,507,3325.0,2664.0,5989.0,613,285,898
PS012,1,153,59,212,847.0,159.0,1006.0,223,63,286
PPL202,1,577,1173,1750,2695.0,6163.0,8858.0,905,2489,3394
LHAV4g14,1,159,178,337,503.0,542.0,1045.0,208,251,459
PS014,1,204,42,246,4634.0,219.0,4853.0,286,51,337
LHAV4g16_a,1,85,105,190,178.0,233.0,411.0,111,133,244
PLP240,1,78,93,171,253.0,475.0,728.0,131,126,257
PLP242,1,195,219,414,924.0,1287.0,2211.0,350,267,617
PLP243,1,184,117,301,701.0,872.0,1573.0,269,133,402
LHAV4g3,1,78,99,177,256.0,220.0,476.0,94,117,211
PLP247,1,232,228,460,1683.0,1346.0,3029.0,356,322,678
PLP248,1,76,121,197,3159.0,1779.0,4938.0,335,407,742
PLP249,1,140,190,330,4098.0,2939.0,7037.0,390,401,791
PLP250,1,206,326,532,889.0,1688.0,2577.0,291,396,687
PLP251,1,259,305,564,1758.0,2132.0,3890.0,369,379,748
PLP252,1,161,202,363,987.0,1557.0,2544.0,238,271,509
LHAV4g18,1,91,107,198,195.0,220.0,415.0,119,141,260
PLP254,1,161,143,304,861.0,448.0,1309.0,196,161,357
PLP255,1,46,103,149,86.0,208.0,294.0,55,120,175
LHAV4g17,1,143,206,349,736.0,1038.0,1774.0,191,284,475
LHAV4g16_b,1,81,125,206,152.0,255.0,407.0,93,152,245
PS013,1,239,193,432,4228.0,2048.0,6276.0,469,247,716
PS015,1,205,38,243,4778.0,44.0,4822.0,392,38,430
PS238,1,61,62,123,310.0,295.0,605.0,113,77,190
LHAV3k3,1,189,231,420,704.0,735.0,1439.0,244,287,531
LHAV3k1,1,342,455,797,2206.0,2715.0,4921.0,489,617,1106
LHAV3j1,1,316,284,600,1714.0,1674.0,3388.0,419,396,815
LHAV3i1,1,173,163,336,517.0,550.0,1067.0,217,213,430
PS039,1,185,94,279,2671.0,658.0,3329.0,266,117,383
PS040,1,194,20,214,3523.0,21.0,3544.0,330,20,350
PS041,1,91,52,143,424.0,213.0,637.0,111,59,170
LHAV3h1,1,314,304,618,1345.0,1694.0,3039.0,394,421,815
PS043,1,54,75,129,109.0,354.0,463.0,63,85,148
LHAV3g2_b,1,181,193,374,774.0,700.0,1474.0,231,239,470
PS045,1,24,44,68,59.0,93.0,152.0,30,48,78
PS046,1,187,134,321,875.0,2007.0,2882.0,236,181,417
LHAV3g2_a,1,187,169,356,736.0,558.0,1294.0,242,205,447
PS049,1,195,181,376,2441.0,3049.0,5490.0,326,233,559
PS050,1,115,127,242,644.0,1500.0,2144.0,162,166,328
PS051,1,93,121,214,755.0,1018.0,1773.0,139,170,309
LHAV3k2,1,180,150,330,587.0,1070.0,1657.0,222,223,445
LHAV3k4,1,175,255,430,620.0,1021.0,1641.0,219,337,556
PS016,1,148,13,161,2803.0,14.0,2817.0,231,14,245
LHAV3k5,1,336,333,669,1979.0,1552.0,3531.0,510,443,953
PS017,1,148,10,158,5915.0,11.0,5926.0,222,10,232
LHAV4a1_a,1,119,130,249,295.0,296.0,591.0,146,164,310
LHAV3q1,1,149,219,368,1450.0,1622.0,3072.0,196,297,493
PS020,1,163,191,354,1442.0,1576.0,3018.0,298,246,544
LHAV3p1,1,145,211,356,1319.0,1813.0,3132.0,195,293,488
PS022,1,74,78,152,545.0,477.0,1022.0,129,93,222
LHAV3m1,1,360,373,733,1449.0,2384.0,3833.0,502,542,1044
PS024,1,58,77,135,366.0,384.0,750.0,85,87,172
LHAV3l1,1,88,114,202,193.0,205.0,398.0,105,131,236
LHAV3k6,1,220,183,403,784.0,1087.0,1871.0,303,275,578
PS027,1,99,90,189,1079.0,1641.0,2720.0,154,121,275
PS028,1,108,11,119,1750.0,11.0,1761.0,158,11,169
PS029,1,140,110,250,867.0,1424.0,2291.0,206,131,337
PS030,1,102,79,181,482.0,426.0,908.0,146,101,247
PS031,1,55,58,113,441.0,482.0,923.0,72,67,139
PLP239,1,212,190,402,627.0,710.0,1337.0,259,211,470
PLP238,1,85,5,90,592.0,5.0,597.0,194,5,199
PLP236,1,42,23,65,123.0,37.0,160.0,76,26,102
LHAV6f1_b,1,156,186,342,538.0,424.0,962.0,200,221,421
PLP168,1,114,86,200,256.0,158.0,414.0,137,88,225
PLP169,1,154,264,418,518.0,1377.0,1895.0,208,337,545
PLP170,1,91,155,246,439.0,847.0,1286.0,194,184,378
PLP171,1,37,56,93,117.0,193.0,310.0,51,65,116
LHAV6e1,1,337,319,656,1827.0,1524.0,3351.0,463,425,888
LHAV6b4,1,264,273,537,845.0,655.0,1500.0,318,308,626
PLP174,1,80,79,159,199.0,231.0,430.0,92,92,184
PLP175,1,79,88,167,165.0,263.0,428.0,96,97,193
LHAV6b2_b,1,151,181,332,368.0,566.0,934.0,192,232,424
PLP177,1,234,456,690,1420.0,3665.0,5085.0,290,605,895
PLP178,1,137,140,277,1275.0,890.0,2165.0,290,172,462
PLP179,1,42,206,248,137.0,2042.0,2179.0,53,287,340
LHAV6a8,1,180,228,408,620.0,600.0,1220.0,218,294,512
PLP184,1,111,216,327,409.0,553.0,962.0,158,274,432
LHAV6a2_a,1,71,107,178,124.0,238.0,362.0,81,123,204
PLP167,1,110,105,215,248.0,219.0,467.0,122,124,246
PLP163,1,288,253,541,8447.0,2477.0,10924.0,896,367,1263
PLP234,1,57,45,102,303.0,130.0,433.0,131,47,178
LHAV6f3_a,1,80,81,161,167.0,184.0,351.0,96,91,187
PLP143,1,161,277,438,913.0,1532.0,2445.0,219,363,582
PLP144,1,352,460,812,2769.0,1666.0,4435.0,566,574,1140
PLP145,1,70,76,146,327.0,502.0,829.0,102,107,209
PLP146,1,179,240,419,1143.0,1165.0,2308.0,267,300,567
PLP147,1,110,179,289,264.0,879.0,1143.0,164,223,387
PLP148,1,90,18,108,882.0,22.0,904.0,267,18,285
LHAV7b2,1,152,114,266,529.0,338.0,867.0,210,150,360
PLP151,1,147,157,304,358.0,301.0,659.0,222,175,397
LHAV7a6,1,174,170,344,544.0,305.0,849.0,198,189,387
PLP154,1,82,100,182,218.0,209.0,427.0,105,118,223
LHAV7a2,1,115,99,214,486.0,222.0,708.0,151,115,266
LHAV6h1,1,196,212,408,720.0,1212.0,1932.0,251,293,544
LHAV6g1,1,229,225,454,2149.0,1316.0,3465.0,317,325,642
LHAV6f3_c,1,100,95,195,246.0,190.0,436.0,127,104,231
LHAV6f3_b,1,68,77,145,144.0,159.0,303.0,88,95,183
LHAV6a1_a,1,119,144,263,270.0,501.0,771.0,136,192,328
LHAV6a10,1,136,115,251,303.0,320.0,623.0,159,138,297
LHAV5e1,1,94,165,259,394.0,569.0,963.0,112,209,321
LHAV5d1,1,227,190,417,1042.0,873.0,1915.0,330,234,564
PLP216,1,344,267,611,2192.0,2242.0,4434.0,534,384,918
PLP217,1,294,310,604,972.0,1344.0,2316.0,403,367,770
LHAV5a2_d,1,66,79,145,117.0,197.0,314.0,78,97,175
LHAV5a2_c,1,73,101,174,118.0,151.0,269.0,78,106,184
LHAV5a10_b,1,133,179,312,400.0,640.0,1040.0,160,217,377
PLP221,1,69,54,123,363.0,211.0,574.0,96,76,172
PLP222,1,112,85,197,256.0,133.0,389.0,145,86,231
PLP223,1,155,108,263,891.0,444.0,1335.0,310,154,464
LHAV5a10_a,1,109,155,264,199.0,422.0,621.0,122,199,321
LHAV4l1,1,252,268,520,1072.0,1326.0,2398.0,349,390,739
LHAV4j1,1,227,348,575,981.0,1316.0,2297.0,296,462,758
PLP228,1,265,67,332,3384.0,146.0,3530.0,497,81,578
LHAV4i2,1,227,192,419,1087.0,465.0,1552.0,297,223,520
PLP232,1,133,164,297,502.0,776.0,1278.0,164,207,371
PLP233,1,103,69,172,642.0,218.0,860.0,235,85,320
PLP215,1,114,239,353,418.0,586.0,1004.0,177,290,467
PLP214,1,208,308,516,1426.0,2280.0,3706.0,468,440,908
PLP213,1,227,151,378,2614.0,2443.0,5057.0,393,224,617
PLP200,1,79,93,172,164.0,248.0,412.0,95,108,203
PLP193,1,28,38,66,177.0,58.0,235.0,81,44,125
PLP194,1,38,48,86,133.0,130.0,263.0,48,54,102
PLP196,1,111,125,236,756.0,675.0,1431.0,174,164,338
PLP197,1,184,193,377,1402.0,1322.0,2724.0,286,258,544
PLP198,1,173,197,370,684.0,681.0,1365.0,230,234,464
LHAV5a9_b,1,68,99,167,111.0,200.0,311.0,78,123,201
PLP201,1,85,93,178,297.0,406.0,703.0,119,126,245
PLP212,1,183,259,442,793.0,1217.0,2010.0,299,353,652
LHAV5a7_b,1,90,126,216,271.0,356.0,627.0,113,156,269
LHAV5a4_b,1,76,92,168,217.0,270.0,487.0,93,108,201
PLP208,1,394,188,582,4612.0,761.0,5373.0,752,228,980
PLP209,1,318,278,596,2450.0,1374.0,3824.0,504,361,865
PLP210,1,502,904,1406,2844.0,3327.0,6171.0,779,1484,2263
PLP211,1,499,788,1287,1889.0,3045.0,4934.0,638,1114,1752
LHAV3f1,1,287,448,735,2279.0,3192.0,5471.0,387,642,1029
PS053,1,17,64,81,103.0,789.0,892.0,25,83,108
LHAV3e8,1,98,91,189,220.0,219.0,439.0,113,105,218
PS173,1,51,48,99,414.0,260.0,674.0,55,55,110
PS175,1,171,135,306,1356.0,1071.0,2427.0,202,153,355
PS176,1,99,103,202,301.0,383.0,684.0,117,123,240
PS177,1,51,69,120,237.0,294.0,531.0,58,79,137
PS178,1,78,88,166,716.0,933.0,1649.0,96,112,208
LHAV2e2,1,138,142,280,380.0,406.0,786.0,174,165,339
PS180,1,296,250,546,1619.0,1574.0,3193.0,500,339,839
PS181,1,293,219,512,2279.0,1640.0,3919.0,468,325,793
PS182,1,226,199,425,823.0,1015.0,1838.0,336,244,580
PS183,1,182,151,333,1519.0,1994.0,3513.0,239,175,414
PS184,1,250,68,318,1310.0,321.0,1631.0,337,105,442
PS185,1,161,186,347,1017.0,1095.0,2112.0,218,205,423
PS186,1,154,201,355,668.0,1455.0,2123.0,210,230,440
PS187,1,148,198,346,807.0,1146.0,1953.0,189,239,428
LHAV2e1,1,119,112,231,294.0,400.0,694.0,146,137,283
PS189,1,94,137,231,531.0,629.0,1160.0,161,151,312
PS174,1,39,7,46,513.0,7.0,520.0,53,7,60
PS172,1,124,32,156,887.0,135.0,1022.0,168,32,200
PS150,1,40,40,80,133.0,140.0,273.0,93,49,142
PS171,1,74,121,195,405.0,625.0,1030.0,86,133,219
LHAV2g4,1,106,58,164,199.0,102.0,301.0,126,66,192
PS153,1,41,57,98,99.0,118.0,217.0,55,60,115
PS154,1,39,44,83,79.0,79.0,158.0,45,49,94
PS155,1,319,274,593,3623.0,2424.0,6047.0,636,500,1136
PS157,1,184,218,402,1260.0,1427.0,2687.0,266,283,549
LHAV2f4,1,118,155,273,342.0,455.0,797.0,145,203,348
PS161,1,66,68,134,193.0,542.0,735.0,78,93,171
PS162,1,16,11,27,71.0,42.0,113.0,16,13,29
PS163,1,451,134,585,2314.0,545.0,2859.0,645,155,800
LHAV2f2_a,1,128,85,213,347.0,308.0,655.0,156,122,278
LHAV2e4_b,1,105,128,233,220.0,301.0,521.0,121,154,275
LHAV2e4_a,1,157,138,295,524.0,366.0,890.0,210,165,375
PS168,1,128,73,201,1118.0,218.0,1336.0,185,79,264
PS169,1,76,7,83,729.0,7.0,736.0,130,7,137
PS170,1,35,5,40,241.0,10.0,251.0,51,5,56
LHAV2d1,1,287,361,648,1590.0,2006.0,3596.0,395,452,847
LHAV2c2,1,97,113,210,242.0,193.0,435.0,123,119,242
LHAV2b8,1,130,89,219,354.0,264.0,618.0,173,105,278
PS195,1,194,24,218,2679.0,26.0,2705.0,330,24,354
PS219,1,58,24,82,146.0,34.0,180.0,68,24,92
LHAV1e1,1,300,323,623,1486.0,1743.0,3229.0,436,459,895
PS222,1,36,19,55,327.0,36.0,363.0,59,22,81
LHAV1d2_b,1,87,65,152,184.0,151.0,335.0,103,77,180
LHAV1c1,1,88,114,202,164.0,206.0,370.0,103,123,226
LHAV1b4,1,98,107,205,193.0,245.0,438.0,117,125,242
PS228,1,17,14,31,96.0,17.0,113.0,18,15,33
PS229,1,14,0,14,94.0,0.0,94.0,20,0,20
PS230,1,221,258,479,1288.0,1527.0,2815.0,422,304,726
LHAV1b2,1,74,78,152,187.0,133.0,320.0,90,87,177
LHAV1b1,1,79,124,203,160.0,273.0,433.0,98,140,238
LHAV1a5,1,54,65,119,75.0,136.0,211.0,60,72,132
PS234,1,80,137,217,504.0,1672.0,2176.0,112,181,293
PS235,1,71,97,168,250.0,542.0,792.0,99,113,212
PS236,1,83,19,102,1416.0,34.0,1450.0,135,21,156
LHAV2a4_b,1,105,113,218,258.0,372.0,630.0,130,156,286
PS217,1,137,38,175,844.0,68.0,912.0,183,41,224
PS214,1,109,158,267,348.0,671.0,1019.0,128,188,316
PS204,1,67,59,126,418.0,208.0,626.0,146,76,222
LHAV2b7_a,1,164,162,326,358.0,375.0,733.0,198,177,375
PS197,1,109,63,172,639.0,582.0,1221.0,221,73,294
LHAV2b5_b,1,101,59,160,192.0,123.0,315.0,121,71,192
PS199,1,252,147,399,875.0,392.0,1267.0,330,159,489
PS201,1,143,5,148,1012.0,5.0,1017.0,200,5,205
LHAV2b2_c,1,189,203,392,950.0,788.0,1738.0,250,256,506
PS205,1,69,28,97,202.0,66.0,268.0,88,37,125
PS213,1,62,57,119,854.0,407.0,1261.0,90,70,160
PS206,1,97,3,100,283.0,5.0,288.0,124,3,127
PS207,1,96,2,98,268.0,2.0,270.0,137,2,139
LHAV2b11,1,107,136,243,310.0,379.0,689.0,129,154,283
PS210,1,44,55,99,95.0,110.0,205.0,55,62,117
PS211,1,183,167,350,1943.0,1044.0,2987.0,289,191,480
PS212,1,224,56,280,2903.0,73.0,2976.0,362,57,419
LHAV2g5,1,177,163,340,544.0,320.0,864.0,219,182,401
PS149,1,58,43,101,128.0,199.0,327.0,78,47,125
LHAV3e7,1,106,77,183,334.0,238.0,572.0,136,93,229
PS075,1,76,152,228,447.0,525.0,972.0,147,184,331
PS080,1,126,16,142,2104.0,23.0,2127.0,197,16,213
PS081,1,51,29,80,358.0,103.0,461.0,76,44,120
LHAV3d1,1,137,280,417,368.0,1193.0,1561.0,164,355,519
LHAV3c4,1,87,115,202,193.0,202.0,395.0,104,142,246
PS085,1,31,4,35,258.0,19.0,277.0,53,7,60
PS086,1,17,35,52,103.0,332.0,435.0,38,59,97
LHAV3b9_b,1,93,55,148,162.0,136.0,298.0,104,68,172
PS088,1,356,459,815,1978.0,2663.0,4641.0,503,635,1138
PS089,1,33,54,87,144.0,471.0,615.0,41,68,109
LHAV3b9_a,1,53,72,125,89.0,172.0,261.0,59,90,149
PS091,1,93,82,175,540.0,317.0,857.0,129,88,217
PS092,1,109,134,243,309.0,387.0,696.0,136,161,297
PS093,1,79,71,150,545.0,664.0,1209.0,127,107,234
LHAV3b7,1,84,69,153,138.0,162.0,300.0,96,86,182
LHAV3b4,1,68,86,154,138.0,193.0,331.0,76,102,178
PS076,1,58,86,144,198.0,336.0,534.0,97,122,219
PS074,1,31,48,79,115.0,199.0,314.0,42,66,108
LHAV2g6,1,144,108,252,453.0,366.0,819.0,193,126,319
PS073,1,45,43,88,138.0,309.0,447.0,60,56,116
PS056,1,40,91,131,92.0,241.0,333.0,61,117,178
PS057,1,205,176,381,1933.0,1757.0,3690.0,300,209,509
PS058,1,231,298,529,1988.0,2434.0,4422.0,418,397,815
LHAV3e6,1,98,71,169,195.0,214.0,409.0,110,83,193
PS060,1,89,151,240,373.0,1764.0,2137.0,114,191,305
PS061,1,76,9,85,421.0,9.0,430.0,97,9,106
PS062,1,78,44,122,561.0,234.0,795.0,90,46,136
PS063,1,163,164,327,802.0,1580.0,2382.0,202,203,405
PS064,1,307,314,621,1537.0,2731.0,4268.0,471,599,1070
PS065,1,201,264,465,3533.0,2564.0,6097.0,344,369,713
PS067,1,115,31,146,739.0,50.0,789.0,200,34,234
PS068,1,75,121,196,644.0,1175.0,1819.0,91,134,225
PS069,1,142,4,146,1058.0,4.0,1062.0,204,4,208
LHAV3e4_b,1,119,121,240,410.0,359.0,769.0,150,145,295
PS071,1,41,24,65,186.0,155.0,341.0,54,33,87
PS098,1,171,199,370,1230.0,3246.0,4476.0,217,296,513
PS100,1,147,154,301,2355.0,1736.0,4091.0,223,192,415
PS101,1,84,78,162,320.0,351.0,671.0,114,93,207
PS102,1,69,78,147,328.0,375.0,703.0,95,89,184
PS128,1,90,11,101,431.0,29.0,460.0,132,14,146
LHAV2k12_b,1,79,116,195,198.0,361.0,559.0,97,148,245
PS130,1,79,7,86,327.0,8.0,335.0,110,7,117
PS132,1,49,4,53,437.0,4.0,441.0,97,4,101
LHAV2k11_b,1,151,172,323,400.0,764.0,1164.0,188,231,419
PS135,1,32,4,36,969.0,5.0,974.0,61,4,65
LHAV2k10_a,1,103,98,201,206.0,221.0,427.0,118,116,234
PS138,1,189,125,314,1253.0,855.0,2108.0,261,160,421
PS139,1,148,149,297,531.0,1033.0,1564.0,223,184,407
LHAV2j1,1,101,114,215,234.0,396.0,630.0,124,140,264
PS141,1,65,87,152,276.0,280.0,556.0,93,98,191
PS143,1,57,47,104,174.0,245.0,419.0,98,53,151
PS144,1,98,65,163,308.0,190.0,498.0,118,76,194
LHAV2i3,1,85,121,206,211.0,355.0,566.0,110,151,261
PS147,1,70,69,139,269.0,248.0,517.0,84,79,163
PS127,1,130,264,394,814.0,1379.0,2193.0,158,309,467
LHAV2k13,1,244,184,428,793.0,621.0,1414.0,306,215,521
PS124,1,116,117,233,1276.0,1693.0,2969.0,152,161,313
LHAV3a1_c,1,204,188,392,1035.0,1119.0,2154.0,282,264,546
PS103,1,250,32,282,5503.0,43.0,5546.0,585,38,623
LHAV3b1_b,1,102,141,243,211.0,332.0,543.0,117,167,284
LHAV3b12,1,193,236,429,719.0,1119.0,1838.0,250,308,558
LHAV3a4,1,177,175,352,545.0,593.0,1138.0,233,211,444
LHAV3a3,1,89,66,155,263.0,184.0,447.0,116,94,210
PS112,1,264,196,460,3817.0,1872.0,5689.0,534,299,833
LHAV2p1,1,255,244,499,1055.0,1936.0,2991.0,312,319,631
LHAV2k6,1,150,198,348,446.0,1342.0,1788.0,199,275,474
PS115,1,107,101,208,554.0,680.0,1234.0,145,136,281
PS116,1,99,99,198,583.0,553.0,1136.0,138,126,264
LHAV2o1,1,250,257,507,1635.0,1444.0,3079.0,361,330,691
LHAV2n1,1,168,232,400,649.0,1298.0,1947.0,217,353,570
LHAV2l1,1,77,59,136,211.0,120.0,331.0,106,64,170
LHAV2k8,1,238,263,501,1444.0,1807.0,3251.0,306,352,658
LHAV8a1,1,240,173,413,714.0,451.0,1165.0,293,211,504
PLP141,1,144,265,409,1088.0,1515.0,2603.0,256,368,624
PLP140,1,92,130,222,307.0,460.0,767.0,113,150,263
M_vPNml55,1,90,232,322,703.0,814.0,1517.0,179,298,477
M_vPNml57,1,45,110,155,214.0,377.0,591.0,102,163,265
M_vPNml59,1,37,106,143,232.0,344.0,576.0,68,138,206
LHPV6j1,1,261,264,525,745.0,1227.0,1972.0,317,317,634
LHPV6i4,1,76,99,175,172.0,255.0,427.0,88,120,208
M_vPNml62,1,58,63,121,297.0,209.0,506.0,90,86,176
LHPV6i2_b,1,101,117,218,367.0,526.0,893.0,128,158,286
LHPV6i2_a,1,151,169,320,628.0,673.0,1301.0,188,218,406
M_vPNml68,1,49,112,161,242.0,384.0,626.0,96,142,238
M_vPNml69,1,43,92,135,80.0,234.0,314.0,54,114,168
LHPV6g1,1,279,518,797,1323.0,3859.0,5182.0,357,671,1028
M_vPNml71,1,63,86,149,262.0,365.0,627.0,119,115,234
M_vPNml73,1,67,87,154,254.0,308.0,562.0,129,113,242
M_vPNml75,1,51,73,124,147.0,222.0,369.0,75,94,169
LHPV6f4_a,1,103,95,198,291.0,171.0,462.0,128,113,241
M_vPNml78,1,42,94,136,146.0,277.0,423.0,56,122,178
M_vPNml56,1,56,99,155,291.0,294.0,585.0,122,135,257
LHPV6l1,1,153,212,365,454.0,573.0,1027.0,187,257,444
M_lvPNm36,1,49,61,110,315.0,410.0,725.0,85,97,182
LHPV6l2,1,164,234,398,722.0,810.0,1532.0,195,275,470
M_lvPNm38,1,51,91,142,218.0,251.0,469.0,126,111,237
M_lvPNm39,1,142,278,420,469.0,1293.0,1762.0,250,346,596
LHPV7c1,1,385,334,719,2061.0,3702.0,5763.0,542,456,998
LHPV7b1,1,231,195,426,642.0,541.0,1183.0,297,243,540
M_lvPNm43,1,85,133,218,237.0,598.0,835.0,127,171,298
M_lvPNm44,1,56,101,157,122.0,285.0,407.0,87,117,204
LHPV6p1,1,260,310,570,788.0,1376.0,2164.0,308,394,702
LHPV6o1,1,118,224,342,1056.0,1405.0,2461.0,139,290,429
M_smPN6t2,1,193,215,408,1847.0,1987.0,3834.0,351,290,641
M_smPNm1,1,118,254,372,1030.0,1300.0,2330.0,152,315,467
M_spPN4t9,1,181,340,521,1985.0,2668.0,4653.0,287,450,737
LHPV6n1,1,89,91,180,196.0,295.0,491.0,105,123,228
LHPV6m1,1,242,324,566,1410.0,1335.0,2745.0,326,440,766
M_vPNml51,1,102,114,216,635.0,471.0,1106.0,191,155,346
M_vPNml52,1,113,96,209,684.0,306.0,990.0,238,125,363
M_vPNml79,1,106,164,270,488.0,622.0,1110.0,179,234,413
M_vPNml80,1,66,68,134,414.0,182.0,596.0,130,83,213
M_vPNml81,1,70,75,145,160.0,187.0,347.0,100,96,196
M_vPNml82,1,59,66,125,184.0,171.0,355.0,99,83,182
LHPV5l1,1,412,445,857,2650.0,3339.0,5989.0,598,584,1182
LHPV5j2,1,92,105,197,321.0,264.0,585.0,116,131,247
LHPV5i1,1,333,313,646,1370.0,996.0,2366.0,459,432,891
LHPV5h6,1,70,112,182,107.0,249.0,356.0,78,142,220
LHPV5h5,1,81,100,181,170.0,198.0,368.0,98,112,210
LHPV5f1,1,84,111,195,194.0,463.0,657.0,110,155,265
LHPV5e2,1,255,196,451,968.0,908.0,1876.0,348,253,601
LHPV5d3,1,96,96,192,182.0,199.0,381.0,115,108,223
LHPV5d2,1,103,145,248,289.0,332.0,621.0,126,167,293
LHPV5c4,1,77,78,155,138.0,207.0,345.0,82,91,173
LHPV5c1_c,1,75,109,184,118.0,209.0,327.0,84,122,206
LHPV5b4_b,1,79,125,204,147.0,229.0,376.0,90,134,224
LHPV4m1,1,279,324,603,3497.0,3553.0,7050.0,443,508,951
LHPV4l1,1,247,309,556,1158.0,820.0,1978.0,300,373,673
LHPV4k1_a,1,69,115,184,197.0,233.0,430.0,75,141,216
LHPV6a10,1,195,228,423,922.0,941.0,1863.0,247,286,533
LHPV6a11_a,1,153,186,339,430.0,535.0,965.0,184,224,408
LHPV6a3_a,1,81,88,169,191.0,373.0,564.0,99,105,204
LHPV6f2_a,1,57,44,101,140.0,94.0,234.0,70,49,119
LHPV6f3_e,1,98,80,178,230.0,240.0,470.0,127,120,247
LHPV6f3_c,1,103,87,190,288.0,184.0,472.0,134,106,240
LHPV6f3_a,1,79,85,164,214.0,235.0,449.0,93,111,204
M_vPNml88,1,38,88,126,92.0,284.0,376.0,55,126,181
NPFL1-I,1,383,688,1071,1527.0,2439.0,3966.0,561,978,1539
LHPV6f2_b,1,72,102,174,327.0,268.0,595.0,109,135,244
LHPV6e1,1,45,15,60,93.0,21.0,114.0,54,16,70
LHPV6a4_a,1,105,75,180,258.0,220.0,478.0,125,94,219
LHPV6c2,1,195,267,462,653.0,758.0,1411.0,236,333,569
OA-VPM4,1,486,1042,1528,2082.0,5623.0,7705.0,918,1816,2734
LHPV6c1,1,353,456,809,1647.0,2229.0,3876.0,445,568,1013
LHPV6a6_a,1,63,64,127,135.0,135.0,270.0,75,75,150
OA-VUMa6,1,716,1569,2285,2306.0,5948.0,8254.0,904,2149,3053
OA-VUMa7,1,1044,2020,3064,3984.0,10149.0,14133.0,1476,3125,4601
LHPV8a1,1,388,322,710,1242.0,1734.0,2976.0,494,465,959
LHPV8b1,1,162,117,279,378.0,390.0,768.0,186,132,318
LHPV4j3,1,148,384,532,471.0,1641.0,2112.0,194,531,725
MBON16,1,79,156,235,5843.0,1167.0,7010.0,422,215,637
MBON17-like,1,77,151,228,2789.0,739.0,3528.0,373,193,566
LT59,1,92,136,228,816.0,752.0,1568.0,182,202,384
LT58,1,87,96,183,703.0,1113.0,1816.0,304,494,798
MBON20,1,387,636,1023,5379.0,4753.0,10132.0,1140,871,2011
LT56,1,326,83,409,4809.0,1583.0,6392.0,714,407,1121
MBON23,1,92,172,264,4267.0,2034.0,6301.0,877,303,1180
LT53,1,163,218,381,527.0,856.0,1383.0,234,284,518
LT47,1,62,54,116,258.0,260.0,518.0,94,61,155
LT46,1,193,73,266,1637.0,777.0,2414.0,336,209,545
MBON28,1,136,152,288,3573.0,774.0,4347.0,369,196,565
LT42,1,372,102,474,2068.0,457.0,2525.0,598,158,756
LT41,1,250,89,339,1788.0,1419.0,3207.0,389,366,755
LT40,1,188,142,330,1160.0,672.0,1832.0,283,270,553
LT39,1,197,87,284,949.0,1911.0,2860.0,309,245,554
LT37,1,238,114,352,1860.0,1639.0,3499.0,344,324,668
MBON17,1,73,135,208,3608.0,959.0,4567.0,348,178,526
LT60,1,41,139,180,207.0,817.0,1024.0,102,189,291
M_lvPNm34,1,84,135,219,340.0,661.0,1001.0,185,190,375
LT62,1,93,187,280,460.0,2167.0,2627.0,145,266,411
LT86,1,121,243,364,876.0,4127.0,5003.0,272,286,558
LT85,1,101,233,334,476.0,1540.0,2016.0,151,299,450
LT84,1,75,112,187,241.0,589.0,830.0,119,163,282
LT83,1,100,310,410,1394.0,2832.0,4226.0,214,489,703
LT82b,1,59,137,196,196.0,1504.0,1700.0,87,207,294
LT79,1,96,263,359,537.0,1410.0,1947.0,161,355,516
LT76,1,84,170,254,304.0,1628.0,1932.0,137,287,424
LT75,1,76,193,269,299.0,1544.0,1843.0,103,255,358
LT72,1,136,300,436,480.0,1587.0,2067.0,198,408,606
LT69,1,65,139,204,229.0,641.0,870.0,133,183,316
LT68,1,61,135,196,210.0,498.0,708.0,123,193,316
LT67,1,64,204,268,248.0,1431.0,1679.0,115,269,384
LT66,1,48,16,64,370.0,22.0,392.0,178,20,198
LT65,1,110,163,273,626.0,900.0,1526.0,256,333,589
MBON13,1,89,275,364,9129.0,5681.0,14810.0,464,480,944
LT35,1,168,54,222,804.0,1489.0,2293.0,273,247,520
LT34,1,262,126,388,1847.0,758.0,2605.0,404,329,733
LT33,1,17,5,22,107.0,58.0,165.0,58,34,92
LT11,1,123,209,332,684.0,2345.0,3029.0,272,417,689
M_l2PNm17,1,109,184,293,1022.0,999.0,2021.0,176,247,423
M_lPNm11B,1,81,124,205,276.0,528.0,804.0,137,161,298
M_lPNm11C,1,83,145,228,558.0,983.0,1541.0,201,231,432
LNO3,1,124,31,155,1915.0,2149.0,4064.0,228,86,314
LN(AL),1,30,29,59,1732.0,565.0,2297.0,306,158,464
LHPV9b1,1,352,190,542,2383.0,2382.0,4765.0,457,218,675
LHPV8d1,1,190,128,318,546.0,337.0,883.0,244,148,392
LHPV8c1,1,161,136,297,486.0,616.0,1102.0,195,167,362
M_lvPNm27,1,82,159,241,608.0,779.0,1387.0,264,209,473
M_lvPNm28,1,105,203,308,433.0,770.0,1203.0,205,264,469
M_lvPNm29,1,77,139,216,387.0,529.0,916.0,142,189,331
M_lvPNm30,1,86,156,242,360.0,646.0,1006.0,146,220,366
M_lvPNm31,1,67,163,230,227.0,528.0,755.0,122,217,339
M_lvPNm32,1,89,142,231,220.0,584.0,804.0,143,181,324
M_lvPNm33,1,77,133,210,311.0,528.0,839.0,178,172,350
M_l2PNm15,1,157,273,430,1808.0,2827.0,4635.0,398,503,901
M_l2PNm14,1,211,313,524,1644.0,2093.0,3737.0,472,423,895
M_l2PNl23,1,171,199,370,2427.0,1809.0,4236.0,310,299,609
M_adPNm7,1,68,147,215,408.0,505.0,913.0,156,188,344
LT(LWF4),1,337,161,498,1548.0,1087.0,2635.0,468,388,856
MZ_lv2PN,1,172,226,398,4312.0,1345.0,5657.0,469,282,751
M_adPNm3,1,217,335,552,5729.0,2906.0,8635.0,574,439,1013
LPTC contra4 LOP,1,14,78,92,32.0,415.0,447.0,16,106,122
LPTC contra4 LO/LOP?,1,14,98,112,25.0,585.0,610.0,16,133,149
M_adPNm6,1,78,120,198,367.0,440.0,807.0,165,148,313
LPTC contra3 FD4,1,8,17,25,13.0,28.0,41.0,10,18,28
M_l2PNl22,1,188,292,480,2776.0,1684.0,4460.0,344,355,699
M_ilPN8t91,1,142,190,332,1231.0,893.0,2124.0,276,262,538
M_ilPNm90,1,168,220,388,1531.0,1069.0,2600.0,328,299,627
M_imPNl92,1,165,257,422,2045.0,1671.0,3716.0,315,354,669
LPTC HS? piece,1,2,0,2,11.0,0.0,11.0,2,0,2
M_l2PNl20,1,222,548,770,5558.0,4408.0,9966.0,908,882,1790
M_l2PNl21,1,192,304,496,2649.0,2429.0,5078.0,509,425,934
LHPV4j4,1,114,300,414,449.0,1262.0,1711.0,150,417,567
LHPV4j2,1,238,308,546,1087.0,978.0,2065.0,300,394,694
PLP139,1,99,114,213,308.0,413.0,721.0,123,141,264
PLP076,1,150,223,373,1031.0,1044.0,2075.0,286,312,598
PLP079,1,225,208,433,955.0,1554.0,2509.0,329,262,591
PLP080,1,143,224,367,1242.0,2506.0,3748.0,301,390,691
LHPD2c1,1,338,294,632,1641.0,1108.0,2749.0,426,345,771
PLP082,1,69,112,181,225.0,460.0,685.0,96,151,247
LHPD2b1_b,1,162,140,302,564.0,516.0,1080.0,195,177,372
PLP084,1,146,283,429,902.0,1014.0,1916.0,281,372,653
LHPD2a9,1,259,270,529,1370.0,1158.0,2528.0,325,326,651
LHPD2a5_b,1,166,104,270,556.0,336.0,892.0,198,115,313
PLP088,1,110,125,235,440.0,753.0,1193.0,229,236,465
PLP090,1,260,165,425,2142.0,690.0,2832.0,378,280,658
PLP091,1,188,399,587,1100.0,2777.0,3877.0,269,491,760
PLP092,1,307,257,564,2226.0,1874.0,4100.0,571,366,937
PLP093,1,194,218,412,1452.0,904.0,2356.0,370,268,638
PLP094,1,312,308,620,1478.0,1047.0,2525.0,402,359,761
PLP096,1,208,260,468,1305.0,2708.0,4013.0,322,301,623
PLP077,1,41,100,141,194.0,912.0,1106.0,67,154,221
PLP075,1,308,397,705,1639.0,2637.0,4276.0,429,519,948
LHPD4e1_a,1,72,62,134,142.0,90.0,232.0,86,70,156
PLP074,1,401,547,948,2080.0,4485.0,6565.0,571,746,1317
LHPD4d1,1,248,292,540,1682.0,1548.0,3230.0,337,432,769
PLP051,1,155,6,161,1271.0,6.0,1277.0,278,6,284
LHPD4c1,1,616,410,1026,4704.0,2433.0,7137.0,956,528,1484
LHPD3c1,1,170,183,353,691.0,403.0,1094.0,203,213,416
PLP058,1,256,238,494,1257.0,1223.0,2480.0,332,289,621
PLP059,1,78,54,132,931.0,162.0,1093.0,197,62,259
PLP060,1,208,350,558,2569.0,5642.0,8211.0,405,636,1041
LHPD3a4_a,1,48,101,149,109.0,270.0,379.0,56,126,182
LHPD3a3_a,1,81,118,199,347.0,301.0,648.0,103,159,262
LHPD3a2_a,1,67,85,152,117.0,194.0,311.0,78,107,185
PLP066,1,169,175,344,541.0,608.0,1149.0,228,199,427
LHPD2d2,1,244,221,465,969.0,1076.0,2045.0,322,282,604
PLP068,1,69,88,157,107.0,212.0,319.0,73,104,177
LHPD2d1,1,289,263,552,1488.0,1579.0,3067.0,392,348,740
PLP072,1,188,208,396,649.0,786.0,1435.0,245,253,498
PLP097,1,132,132,264,509.0,811.0,1320.0,178,150,328
LHPD1b1,1,245,263,508,1052.0,1025.0,2077.0,309,343,652
LHMB1,1,387,398,785,6581.0,4947.0,11528.0,1705,786,2491
LHCENT9,1,903,997,1900,11082.0,7947.0,19029.0,1499,1549,3048
PLP121,1,148,143,291,1156.0,858.0,2014.0,221,166,387
LHCENT11,1,385,425,810,2731.0,3025.0,5756.0,546,511,1057
PLP123,1,213,197,410,570.0,929.0,1499.0,276,288,564
PLP124,1,139,246,385,523.0,1284.0,1807.0,193,339,532
PLP126,1,84,208,292,404.0,754.0,1158.0,134,266,400
PLP127,1,31,73,104,331.0,489.0,820.0,122,143,265
PLP128,1,222,226,448,943.0,816.0,1759.0,276,263,539
PLP129,1,224,307,531,1820.0,1246.0,3066.0,410,451,861
PLP130,1,344,374,718,1758.0,2310.0,4068.0,451,442,893
PLP131,1,277,482,759,2264.0,3282.0,5546.0,399,700,1099
LHCENT1,1,736,803,1539,11123.0,8611.0,19734.0,1392,1837,3229
PLP133,1,84,60,144,253.0,201.0,454.0,115,69,184
PLP134,1,83,84,167,185.0,261.0,446.0,107,96,203
PLP136,1,97,68,165,275.0,198.0,473.0,123,85,208
PLP137,1,133,64,197,332.0,134.0,466.0,160,68,228
PLP120,1,59,77,136,312.0,497.0,809.0,89,120,209
PLP119,1,170,229,399,789.0,1053.0,1842.0,277,288,565
PLP118,1,120,202,322,549.0,1120.0,1669.0,208,292,500
LHCENT3,1,907,1009,1916,10195.0,9578.0,19773.0,1704,1904,3608
LHCENT6,1,675,771,1446,8044.0,6053.0,14097.0,1119,1227,2346
PLP104,1,89,69,158,229.0,182.0,411.0,114,77,191
PLP105,1,94,112,206,312.0,276.0,588.0,161,126,287
LHCENT5,1,346,273,619,2815.0,2103.0,4918.0,610,462,1072
PLP107,1,99,78,177,302.0,251.0,553.0,116,88,204
LHCENT4,1,628,314,942,5814.0,2847.0,8661.0,907,456,1363
PLP110,1,82,65,147,214.0,129.0,343.0,106,67,173
PLP117,1,28,59,87,268.0,353.0,621.0,92,75,167
LHCENT2,1,919,814,1733,9987.0,6302.0,16289.0,1569,1500,3069
PLP112,1,70,65,135,290.0,116.0,406.0,142,70,212
LHCENT14,1,305,237,542,2126.0,1909.0,4035.0,439,317,756
LHCENT13_d,1,159,156,315,480.0,285.0,765.0,211,187,398
LHCENT13_c,1,159,200,359,544.0,383.0,927.0,222,238,460
PLP116,1,86,100,186,495.0,536.0,1031.0,120,119,239
LHPD4d2_a,1,171,191,362,479.0,602.0,1081.0,209,256,465
LHPD4e1_b,1,136,132,268,371.0,215.0,586.0,174,150,324
LHPV4j1_b,1,136,154,290,446.0,405.0,851.0,169,193,362
LHPV4b6,1,111,199,310,352.0,543.0,895.0,136,255,391
LHPV4b1_b,1,154,204,358,506.0,579.0,1085.0,195,256,451
LHPV4a7_f,1,74,135,209,226.0,300.0,526.0,98,175,273
LHPV4a7_e,1,61,91,152,164.0,230.0,394.0,69,124,193
LHPV4a7_d,1,102,195,297,330.0,715.0,1045.0,136,282,418
LHPV4a6,1,99,132,231,315.0,301.0,616.0,134,171,305
LHPV4a4_a,1,100,131,231,258.0,296.0,554.0,115,160,275
LHPV4a3,1,39,89,128,92.0,211.0,303.0,44,107,151
LHPV4a12_b,1,136,151,287,476.0,353.0,829.0,165,197,362
LHPV4a12_a,1,124,169,293,410.0,408.0,818.0,157,219,376
LHPV4a10_b,1,73,107,180,144.0,264.0,408.0,85,126,211
LHPV3c1,1,352,179,531,3088.0,5059.0,8147.0,929,582,1511
LHPV3a3_c,1,158,139,297,1177.0,338.0,1515.0,257,158,415
LHPV3a3_a,1,73,28,101,176.0,31.0,207.0,94,28,122
LHPV2h1,1,239,190,429,938.0,641.0,1579.0,308,256,564
LHPV2c6,1,86,116,202,242.0,260.0,502.0,102,128,230
LHPV4b5,1,108,169,277,329.0,428.0,757.0,129,217,346
LHPV4b7,1,111,200,311,232.0,492.0,724.0,137,240,377
LHPD5a1,1,352,386,738,1909.0,2115.0,4024.0,493,474,967
LHPV4b8,1,124,211,335,362.0,425.0,787.0,147,249,396
LHPV4j1_a,1,107,149,256,305.0,366.0,671.0,126,186,312
LHPV4i4,1,132,252,384,365.0,631.0,996.0,164,337,501
LHPV4i2,1,100,98,198,239.0,185.0,424.0,118,113,231
LHPV4h3,1,170,257,427,489.0,763.0,1252.0,212,344,556
LHPV4h2,1,117,148,265,334.0,294.0,628.0,145,174,319
LHPV4h1_b,1,78,103,181,234.0,197.0,431.0,87,116,203
LHPV4f1_b,1,65,97,162,160.0,247.0,407.0,88,136,224
ORN_VM2,1,5,8,13,8.0,14.0,22.0,6,9,15
LHPV4f1_a,1,68,128,196,154.0,234.0,388.0,78,151,229
LHPV4e1,1,153,263,416,449.0,974.0,1423.0,180,330,510
LHPV4d9,1,92,131,223,202.0,250.0,452.0,105,167,272
LHPV4d8,1,96,156,252,178.0,295.0,473.0,105,186,291
ORNpiece,1,2,3,5,7.0,16.0,23.0,5,8,13
LHPV4c4_b,1,99,110,209,389.0,331.0,720.0,120,146,266
LHPV4c1_a,1,106,126,232,442.0,407.0,849.0,123,160,283
LHPV2b5_b,1,166,193,359,508.0,359.0,867.0,201,232,433
PLP001,1,306,465,771,2404.0,4215.0,6619.0,396,619,1015
PLP002,1,221,248,469,840.0,723.0,1563.0,306,345,651
PLP003,1,229,223,452,1103.0,633.0,1736.0,334,296,630
PLP026,1,54,103,157,136.0,317.0,453.0,77,124,201
LHPV1d1,1,214,292,506,1343.0,1246.0,2589.0,380,364,744
PLP029,1,213,166,379,2834.0,2504.0,5338.0,459,213,672
PLP030,1,742,1683,2425,3225.0,5757.0,8982.0,1251,2979,4230
PLP031,1,666,1580,2246,3013.0,5085.0,8098.0,1207,2762,3969
LHPV1c2,1,199,234,433,1374.0,1372.0,2746.0,263,285,548
PLP033,1,169,57,226,619.0,93.0,712.0,219,62,281
PLP034,1,217,245,462,2858.0,2460.0,5318.0,399,324,723
PLP035,1,111,123,234,1735.0,1151.0,2886.0,372,162,534
PLP036,1,86,115,201,360.0,421.0,781.0,142,154,296
LHPV10c1,1,240,120,360,893.0,299.0,1192.0,296,135,431
LHPV10b1,1,455,482,937,4054.0,2829.0,6883.0,684,646,1330
LHPD5f1,1,249,291,540,2051.0,1990.0,4041.0,329,378,707
LHPD5c1,1,254,375,629,2856.0,2744.0,5600.0,389,695,1084
LHPD5b1,1,282,308,590,1131.0,1779.0,2910.0,358,389,747
LHPV2a1_b,1,143,135,278,607.0,293.0,900.0,169,157,326
PLP024,1,118,226,344,433.0,709.0,1142.0,169,271,440
PLP023,1,122,244,366,531.0,1055.0,1586.0,176,388,564
PLP010,1,117,99,216,421.0,500.0,921.0,153,121,274
PLP004,1,207,323,530,1666.0,2824.0,4490.0,247,389,636
PLP005,1,233,272,505,1239.0,1946.0,3185.0,319,353,672
PLP006,1,150,208,358,638.0,904.0,1542.0,185,236,421
PLP007,1,188,218,406,1036.0,1361.0,2397.0,236,248,484
PLP008,1,97,64,161,3116.0,1513.0,4629.0,193,161,354
LHPV2b2_b,1,69,98,167,119.0,155.0,274.0,74,111,185
PLP011,1,149,248,397,621.0,1548.0,2169.0,214,316,530
PLP022,1,184,287,471,803.0,1488.0,2291.0,277,406,683
PLP012,1,234,237,471,3276.0,2532.0,5808.0,489,284,773
PLP014,1,196,176,372,1716.0,1688.0,3404.0,377,316,693
PLP016,1,184,288,472,3203.0,3045.0,6248.0,345,455,800
PLP019,1,186,337,523,1061.0,1476.0,2537.0,299,472,771
PLP020,1,59,115,174,1128.0,1393.0,2521.0,225,145,370
PLP021,1,277,189,466,1908.0,738.0,2646.0,376,234,610
LHAV1a2_b,1,150,132,282,1503.0,316.0,1819.0,211,155,366
PS240,1,103,131,234,258.0,447.0,705.0,127,165,292
CL325,1,161,3,164,739.0,4.0,743.0,248,4,252
Delta?,1,29,26,55,298.0,228.0,526.0,79,81,160
DP1m_vPN,1,43,90,133,241.0,365.0,606.0,77,126,203
DP1l_vPN,1,40,98,138,174.0,299.0,473.0,73,127,200
SLP196,1,208,88,296,568.0,160.0,728.0,284,108,392
SLP197,1,159,78,237,480.0,185.0,665.0,203,96,299
DP1l_adPN,1,174,294,468,7008.0,12290.0,19298.0,359,815,1174
DNp49,1,220,7,227,1551.0,7.0,1558.0,329,7,336
DNp44,1,148,85,233,642.0,315.0,957.0,177,104,281
DNp42,1,409,151,560,2881.0,222.0,3103.0,548,164,712
SLP202,1,110,132,242,461.0,780.0,1241.0,156,213,369
DNp34,1,147,22,169,779.0,43.0,822.0,195,24,219
DNp32,1,1076,1607,2683,5680.0,4334.0,10014.0,1462,2084,3546
SLP205,1,152,107,259,393.0,216.0,609.0,202,128,330
SLP206,1,387,429,816,2468.0,2075.0,4543.0,556,556,1112
SLP207,1,269,376,645,1049.0,2080.0,3129.0,354,541,895
SLP208,1,223,280,503,741.0,1280.0,2021.0,285,375,660
SLP190,1,111,147,258,361.0,396.0,757.0,137,191,328
FB07?,1,102,8,110,678.0,8.0,686.0,224,8,232
SLP210,1,103,159,262,304.0,955.0,1259.0,123,203,326
SLP184,1,71,115,186,361.0,1047.0,1408.0,91,147,238
SLP134,1,193,184,377,470.0,482.0,952.0,232,210,442
SLP136,1,137,228,365,624.0,761.0,1385.0,173,290,463
SLP139,1,209,137,346,455.0,301.0,756.0,257,163,420
SLP143,1,89,88,177,295.0,249.0,544.0,122,131,253
SLP149,1,338,211,549,1958.0,1234.0,3192.0,522,322,844
SLP150,1,245,171,416,885.0,883.0,1768.0,327,225,552
SLP151,1,208,151,359,552.0,416.0,968.0,263,181,444
SLP153,1,138,159,297,337.0,463.0,800.0,163,189,352
SLP154,1,189,145,334,473.0,463.0,936.0,225,173,398
SLP155,1,171,172,343,468.0,619.0,1087.0,208,206,414
SLP168,1,175,122,297,387.0,282.0,669.0,205,132,337
SLP169,1,142,83,225,246.0,133.0,379.0,163,94,257
SLP170,1,179,134,313,530.0,830.0,1360.0,261,172,433
SLP173,1,105,59,164,363.0,383.0,746.0,141,94,235
SLP175,1,174,141,315,651.0,442.0,1093.0,253,196,449
SLP209,1,325,463,788,1649.0,2797.0,4446.0,426,634,1060
SLP211,1,139,105,244,684.0,818.0,1502.0,207,164,371
LHAD4a1,1,182,298,480,847.0,1601.0,2448.0,250,381,631
SLP235,1,108,264,372,489.0,2420.0,2909.0,134,365,499
DNp11,1,221,70,291,5036.0,174.0,5210.0,600,120,720
SLP238,1,67,134,201,87.0,732.0,819.0,72,192,264
SLP239,1,83,145,228,223.0,686.0,909.0,95,176,271
SLP240_c,1,187,79,266,464.0,260.0,724.0,223,104,327
DNp07,1,213,88,301,3082.0,275.0,3357.0,434,110,544
DNp06,1,450,102,552,9868.0,263.0,10131.0,980,119,1099
SLP243,1,140,254,394,703.0,1800.0,2503.0,179,352,531
DNp05,1,158,35,193,2537.0,74.0,2611.0,331,42,373
DNp04,1,109,194,303,6050.0,2679.0,8729.0,296,264,560
DNp03,1,179,80,259,5402.0,175.0,5577.0,494,146,640
SLP247,1,354,265,619,1389.0,2270.0,3659.0,478,400,878
SLP248,1,183,210,393,1302.0,1220.0,2522.0,239,280,519
DNp02,1,112,55,167,4269.0,102.0,4371.0,269,73,342
SLP250,1,189,254,443,1247.0,2128.0,3375.0,259,330,589
SLP251,1,163,162,325,1049.0,1248.0,2297.0,226,212,438
SLP236,1,176,339,515,534.0,1762.0,2296.0,206,425,631
SLP234,1,132,264,396,484.0,1869.0,2353.0,166,380,546
DNp31,1,291,100,391,6932.0,167.0,7099.0,662,122,784
SLP233,1,90,150,240,351.0,1006.0,1357.0,149,192,341
SLP213,1,158,122,280,507.0,340.0,847.0,203,154,357
SLP214,1,218,219,437,1314.0,789.0,2103.0,269,255,524
SLP215,1,277,119,396,1880.0,312.0,2192.0,360,144,504
SLP216,1,383,403,786,2110.0,1846.0,3956.0,540,518,1058
SLP219,1,172,298,470,590.0,1674.0,2264.0,230,387,617
DNp26,1,195,36,231,5133.0,50.0,5183.0,557,47,604
SLP221,1,153,210,363,401.0,634.0,1035.0,187,245,432
DNp20,1,24,5,29,1213.0,16.0,1229.0,44,8,52
SLP225,1,197,171,368,607.0,498.0,1105.0,255,193,448
DNp19,1,81,24,105,1298.0,33.0,1331.0,127,26,153
DNp18,1,169,36,205,3590.0,43.0,3633.0,264,38,302
LT87,1,123,353,476,673.0,3652.0,4325.0,221,495,716
SLP230,1,678,596,1274,2878.0,3228.0,6106.0,892,748,1640
SLP231,1,160,186,346,480.0,657.0,1137.0,212,224,436
SLP232,1,83,105,188,241.0,147.0,388.0,102,114,216
SLP133,1,143,166,309,730.0,637.0,1367.0,212,210,422
SLP132,1,405,302,707,2201.0,1137.0,3338.0,567,416,983
SLP131,1,370,422,792,2426.0,2203.0,4629.0,495,540,1035
SLP048,1,185,155,340,624.0,763.0,1387.0,228,206,434
IB012,1,197,269,466,1084.0,1704.0,2788.0,233,331,564
SLP056,1,448,560,1008,6104.0,6061.0,12165.0,701,830,1531
SLP057,1,459,563,1022,3398.0,3383.0,6781.0,654,780,1434
SLP058,1,180,174,354,642.0,760.0,1402.0,241,255,496
SLP059,1,240,372,612,1583.0,1885.0,3468.0,308,474,782
SLP060,1,436,415,851,2708.0,1669.0,4377.0,610,547,1157
SLP061,1,347,441,788,1289.0,1754.0,3043.0,438,612,1050
SLP063,1,85,134,219,257.0,380.0,637.0,110,175,285
SLP064,1,89,146,235,380.0,1106.0,1486.0,114,223,337
SLP066,1,355,395,750,1125.0,1235.0,2360.0,454,505,959
SLP067,1,322,306,628,1188.0,1307.0,2495.0,447,399,846
SLP068,1,265,131,396,1308.0,1115.0,2423.0,351,178,529
SLP069,1,217,276,493,1091.0,1315.0,2406.0,319,367,686
SLP070,1,282,259,541,1458.0,1304.0,2762.0,369,356,725
SLP071,1,203,150,353,713.0,1235.0,1948.0,279,211,490
IB013,1,354,262,616,2947.0,2366.0,5313.0,529,427,956
SLP047,1,168,206,374,561.0,907.0,1468.0,210,277,487
SLP130,1,500,619,1119,2062.0,4172.0,6234.0,690,748,1438
IB019,1,143,169,312,585.0,984.0,1569.0,196,207,403
IB056,1,114,133,247,324.0,317.0,641.0,148,155,303
IB052,1,76,82,158,179.0,351.0,530.0,108,108,216
SLP016,1,117,103,220,237.0,271.0,508.0,138,125,263
SLP017,1,161,121,282,437.0,243.0,680.0,210,142,352
SLP020,1,217,84,301,1074.0,311.0,1385.0,307,107,414
SLP022,1,147,136,283,401.0,458.0,859.0,189,181,370
SLP023,1,208,118,326,674.0,243.0,917.0,280,133,413
IB044,1,53,96,149,281.0,667.0,948.0,79,132,211
IB042,1,179,88,267,850.0,535.0,1385.0,289,117,406
IB040,1,109,101,210,557.0,361.0,918.0,134,113,247
SLP030,1,69,84,153,117.0,163.0,280.0,78,96,174
SLP031,1,310,371,681,1434.0,2190.0,3624.0,419,497,916
SLP032,1,343,298,641,1722.0,1521.0,3243.0,470,405,875
SLP033,1,212,189,401,990.0,612.0,1602.0,257,225,482
SLP034,1,255,236,491,1330.0,1500.0,2830.0,323,311,634
SLP072,1,150,190,340,729.0,937.0,1666.0,171,234,405
SLP073,1,287,208,495,1045.0,884.0,1929.0,362,248,610
SLP074,1,190,216,406,762.0,1190.0,1952.0,237,271,508
SLP075,1,160,195,355,667.0,976.0,1643.0,223,261,484
Franken3,1,3,5,8,4.0,6.0,10.0,4,6,10
Franken2,1,10,6,16,19.0,13.0,32.0,14,11,25
Franken1,1,2,2,4,2.0,3.0,5.0,2,3,5
SLP108,1,55,28,83,101.0,37.0,138.0,66,31,97
SLP109,1,84,73,157,192.0,170.0,362.0,98,94,192
SLP114,1,89,113,202,196.0,303.0,499.0,109,143,252
SLP116,1,88,80,168,173.0,211.0,384.0,103,94,197
SLP117,1,190,174,364,515.0,524.0,1039.0,239,213,452
SLP118,1,195,169,364,698.0,513.0,1211.0,229,193,422
SLP119,1,170,161,331,641.0,505.0,1146.0,202,194,396
SLP120,1,129,168,297,600.0,500.0,1100.0,195,197,392
SLP123,1,155,152,307,380.0,361.0,741.0,174,165,339
SLP125,1,175,125,300,354.0,251.0,605.0,199,135,334
SLP126,1,131,186,317,321.0,765.0,1086.0,177,237,414
SLP129_a,1,202,125,327,744.0,868.0,1612.0,292,213,505
SLP099,1,314,139,453,1353.0,521.0,1874.0,442,219,661
SLP098,1,149,147,296,839.0,512.0,1351.0,224,178,402
Franken4,1,8,4,12,16.0,5.0,21.0,8,4,12
HSS,1,23,74,97,175.0,451.0,626.0,27,93,120
SLP077,1,185,225,410,445.0,1071.0,1516.0,239,312,551
SLP079,1,130,141,271,382.0,573.0,955.0,180,191,371
SLP080,1,287,377,664,1380.0,1764.0,3144.0,352,466,818
IB007,1,205,75,280,1398.0,1044.0,2442.0,285,102,387
SLP083,1,125,131,256,393.0,501.0,894.0,163,170,333
IB-SPS(PDM19),1,12,3,15,31.0,3.0,34.0,13,3,16
HSN,1,13,28,41,75.0,137.0,212.0,19,38,57
Franken5,1,3,2,5,3.0,2.0,5.0,3,2,5
HSE,1,14,28,42,319.0,224.0,543.0,39,44,83
H1,1,7,9,16,7.0,12.0,19.0,7,9,16
Giant Fiber,1,169,59,228,10629.0,196.0,10825.0,479,105,584
Franken7,1,3,2,5,4.0,4.0,8.0,4,2,6
Franken6,1,1,0,1,3.0,0.0,3.0,1,0,1
SLP095,1,80,70,150,271.0,184.0,455.0,102,98,200
DNg30,1,193,165,358,1022.0,423.0,1445.0,220,183,403
DNb06,1,36,4,40,369.0,8.0,377.0,53,4,57
DNb05,1,409,135,544,9137.0,343.0,9480.0,799,167,966
SLP419,1,68,46,114,231.0,222.0,453.0,100,78,178
CRE004,1,435,473,908,3943.0,3614.0,7557.0,719,778,1497
SLP426,1,155,75,230,415.0,132.0,547.0,200,95,295
CRE001,1,210,167,377,1170.0,902.0,2072.0,291,220,511
CL364,1,171,145,316,658.0,825.0,1483.0,240,193,433
CL363,1,140,255,395,540.0,1433.0,1973.0,159,309,468
SLP430,1,152,61,213,547.0,157.0,704.0,195,66,261
CL362,1,339,196,535,2090.0,1707.0,3797.0,466,259,725
CL361,1,411,416,827,2564.0,1965.0,4529.0,525,510,1035
CL360,1,317,617,934,1318.0,1406.0,2724.0,374,782,1156
SLP434,1,96,90,186,200.0,215.0,415.0,116,106,222
SLP435,1,164,188,352,920.0,816.0,1736.0,207,223,430
SLP436,1,72,134,206,203.0,635.0,838.0,84,201,285
SLP437,1,168,196,364,706.0,1375.0,2081.0,219,257,476
SLP439,1,432,336,768,2882.0,1711.0,4593.0,631,469,1100
SLP440,1,425,274,699,3427.0,1532.0,4959.0,692,426,1118
CRE009,1,222,147,369,1950.0,663.0,2613.0,333,207,540
SLP417,1,80,79,159,157.0,192.0,349.0,101,103,204
SLP385,1,291,292,583,836.0,1277.0,2113.0,350,384,734
SLP413,1,107,99,206,812.0,314.0,1126.0,215,144,359
SLP387,1,142,102,244,746.0,626.0,1372.0,219,159,378
SLP389,1,384,362,746,2035.0,2356.0,4391.0,539,509,1048
SLP390,1,309,171,480,1726.0,1951.0,3677.0,423,283,706
SLP391,1,406,255,661,2293.0,1345.0,3638.0,604,345,949
SLP392,1,285,314,599,915.0,1511.0,2426.0,361,410,771
SLP393,1,215,175,390,569.0,724.0,1293.0,278,221,499
SLP394,1,215,139,354,1025.0,728.0,1753.0,324,190,514
SLP395,1,206,246,452,669.0,727.0,1396.0,263,303,566
SLP397,1,311,213,524,1284.0,862.0,2146.0,418,273,691
SLP401,1,176,151,327,580.0,662.0,1242.0,243,204,447
SLP404,1,272,239,511,1098.0,1393.0,2491.0,324,318,642
SLP406,1,209,52,261,887.0,85.0,972.0,317,64,381
CRE019,1,148,154,302,637.0,381.0,1018.0,247,172,419
SLP411,1,392,286,678,1654.0,1247.0,2901.0,533,358,891
CRE015,1,201,96,297,817.0,703.0,1520.0,289,109,398
SLP441,1,380,227,607,2442.0,1490.0,3932.0,563,355,918
SLP442,1,271,331,602,1051.0,1554.0,2605.0,347,410,757
SLP443,1,206,95,301,759.0,169.0,928.0,260,106,366
SLP444,1,140,192,332,321.0,311.0,632.0,166,221,387
CL339,1,250,32,282,1147.0,56.0,1203.0,349,36,385
CL337,1,287,22,309,1523.0,27.0,1550.0,402,22,424
CL336,1,178,94,272,1006.0,346.0,1352.0,277,125,402
CL335,1,151,146,297,566.0,340.0,906.0,187,160,347
CL334,1,206,14,220,1543.0,17.0,1560.0,263,14,277
CL333,1,265,64,329,2050.0,237.0,2287.0,431,73,504
CL332,1,305,65,370,2490.0,92.0,2582.0,462,74,536
CL331,1,84,78,162,218.0,174.0,392.0,109,90,199
CL330,1,149,24,173,440.0,45.0,485.0,167,24,191
SMP013,1,273,222,495,1963.0,1855.0,3818.0,422,281,703
SMP014,1,282,236,518,2398.0,1835.0,4233.0,439,277,716
SMP015,1,296,276,572,941.0,1729.0,2670.0,382,347,729
CL329,1,90,59,149,188.0,77.0,265.0,105,63,168
CL327,1,219,77,296,1384.0,335.0,1719.0,319,100,419
SMP017,1,161,105,266,608.0,245.0,853.0,240,122,362
SMP002,1,180,142,322,1620.0,1287.0,2907.0,291,188,479
SMP001,1,434,621,1055,1935.0,2419.0,4354.0,614,838,1452
SLPXXX(SCBXXX),1,259,283,542,929.0,940.0,1869.0,326,353,679
SLP455,1,160,182,342,535.0,550.0,1085.0,197,215,412
SLP445,1,69,135,204,220.0,662.0,882.0,90,201,291
SLP446,1,136,212,348,363.0,411.0,774.0,161,265,426
SLP447,1,259,238,497,1048.0,1143.0,2191.0,351,306,657
SLP448,1,132,135,267,600.0,838.0,1438.0,190,180,370
SLP449,1,63,147,210,252.0,664.0,916.0,124,181,305
SLP453,1,84,288,372,297.0,1714.0,2011.0,148,385,533
SLP456,1,427,392,819,2377.0,1743.0,4120.0,560,479,1039
SLP468,1,158,118,276,293.0,240.0,533.0,191,137,328
SLP458,1,164,213,377,809.0,971.0,1780.0,211,306,517
SLP459,1,168,168,336,538.0,665.0,1203.0,230,220,450
CL347,1,103,86,189,258.0,162.0,420.0,121,98,219
SLP461,1,283,310,593,1098.0,1316.0,2414.0,355,398,753
SLP463,1,66,27,93,381.0,37.0,418.0,90,31,121
CL341,1,163,36,199,1303.0,64.0,1367.0,243,37,280
SLP386,1,149,98,247,651.0,895.0,1546.0,190,124,314
SLP384,1,198,238,436,594.0,769.0,1363.0,242,307,549
SLP255,1,213,250,463,841.0,1108.0,1949.0,255,316,571
SLP280,1,271,209,480,1277.0,1022.0,2299.0,375,289,664
SLP282,1,209,190,399,621.0,416.0,1037.0,262,230,492
DNa01,1,189,24,213,2110.0,44.0,2154.0,263,26,289
DNES3,1,45,6,51,305.0,7.0,312.0,65,6,71
DM3_vPN,1,60,77,137,239.0,266.0,505.0,119,107,226
DL2d_vPN,1,41,79,120,159.0,334.0,493.0,64,117,181
DGI,1,291,403,694,1425.0,1136.0,2561.0,509,649,1158
SLP298,1,80,77,157,158.0,118.0,276.0,90,85,175
DC1_adPN,1,176,356,532,6086.0,13033.0,19119.0,434,975,1409
DA4m_adPN,1,156,372,528,1565.0,4030.0,5595.0,308,580,888
DA4l_adPN,1,99,203,302,953.0,3813.0,4766.0,190,411,601
DA1_vPN,1,103,242,345,1999.0,1522.0,3521.0,290,369,659
SLP305,1,194,369,563,663.0,1146.0,1809.0,239,466,705
SLP307,1,100,115,215,184.0,248.0,432.0,117,134,251
CRZ02,1,222,250,472,578.0,512.0,1090.0,253,288,541
SLP310,1,110,139,249,402.0,574.0,976.0,140,189,329
SLP281,1,181,154,335,626.0,572.0,1198.0,250,191,441
SLP279,1,447,295,742,3601.0,1445.0,5046.0,742,417,1159
SLP383,1,107,206,313,279.0,658.0,937.0,128,252,380
SLP278,1,461,455,916,1833.0,2313.0,4146.0,583,567,1150
SLP256,1,177,206,383,748.0,876.0,1624.0,224,277,501
SLP257,1,142,164,306,581.0,1102.0,1683.0,178,201,379
SLP258,1,317,302,619,1247.0,1411.0,2658.0,422,416,838
SLP260,1,104,69,173,186.0,101.0,287.0,129,77,206
DNa07,1,53,2,55,448.0,2.0,450.0,145,2,147
DNa05,1,67,31,98,922.0,107.0,1029.0,94,34,128
SLP269,1,233,301,534,1214.0,1636.0,2850.0,301,388,689
SLP270,1,243,268,511,1182.0,1337.0,2519.0,350,399,749
DNa04,1,250,28,278,8032.0,35.0,8067.0,533,30,563
SLP272,1,93,62,155,190.0,124.0,314.0,111,74,185
SLP273,1,83,117,200,228.0,374.0,602.0,107,170,277
DNa03,1,329,274,603,13293.0,4582.0,17875.0,524,354,878
DNa02,1,329,27,356,10382.0,34.0,10416.0,541,27,568
SLP276,1,70,111,181,152.0,299.0,451.0,80,136,216
SLP277,1,69,155,224,124.0,395.0,519.0,85,190,275
CRZ01,1,193,203,396,607.0,406.0,1013.0,236,229,465
CRE108,1,346,205,551,1870.0,3232.0,5102.0,434,247,681
SLP313,1,89,121,210,419.0,322.0,741.0,103,145,248
SLP315,1,137,140,277,902.0,861.0,1763.0,205,227,432
SLP361,1,153,176,329,567.0,540.0,1107.0,186,208,394
SLP363,1,116,147,263,611.0,938.0,1549.0,164,204,368
SLP365,1,276,304,580,1961.0,1103.0,3064.0,412,398,810
SLP366,1,196,173,369,919.0,644.0,1563.0,253,213,466
SLP368,1,121,132,253,331.0,301.0,632.0,154,172,326
SLP370,1,69,40,109,119.0,67.0,186.0,80,48,128
SLP373,1,149,266,415,703.0,1228.0,1931.0,196,368,564
SLP374,1,151,178,329,607.0,480.0,1087.0,193,231,424
SLP376,1,468,226,694,3261.0,1046.0,4307.0,701,310,1011
SLP377,1,371,314,685,1726.0,1267.0,2993.0,499,432,931
SLP378,1,271,266,537,863.0,1099.0,1962.0,357,366,723
SLP379,1,277,284,561,851.0,1516.0,2367.0,332,346,678
SLP380,1,210,327,537,936.0,1405.0,2341.0,263,460,723
SLP381,1,185,287,472,705.0,1085.0,1790.0,234,367,601
SLP382,1,235,186,421,884.0,1183.0,2067.0,285,237,522
SLP358,1,250,177,427,897.0,654.0,1551.0,318,226,544
SLP356,1,207,247,454,581.0,499.0,1080.0,269,284,553
CRE048,1,415,409,824,5067.0,3010.0,8077.0,886,594,1480
SLP338,1,45,70,115,106.0,109.0,215.0,54,80,134
CRE104,1,134,111,245,231.0,377.0,608.0,148,134,282
SLP319,1,78,137,215,195.0,425.0,620.0,96,185,281
SLP328,1,218,208,426,751.0,620.0,1371.0,274,242,516
SLP329,1,192,159,351,519.0,562.0,1081.0,255,189,444
CRE079,1,181,103,284,863.0,210.0,1073.0,238,122,360
CRE074,1,582,499,1081,4268.0,4366.0,8634.0,845,625,1470
SLP339,1,115,234,349,425.0,1412.0,1837.0,150,298,448
CRE049,1,301,250,551,1995.0,2247.0,4242.0,486,400,886
SLP340,1,248,119,367,747.0,377.0,1124.0,352,155,507
CRE071,1,202,196,398,1200.0,1712.0,2912.0,272,327,599
CRE070,1,245,205,450,1786.0,2512.0,4298.0,447,347,794
CRE062,1,100,128,228,210.0,637.0,847.0,120,162,282
CRE060,1,162,159,321,697.0,1033.0,1730.0,214,254,468
SLP350,1,80,63,143,230.0,102.0,332.0,97,73,170
IB058,1,246,293,539,1606.0,1721.0,3327.0,335,367,702
SLP013,1,172,176,348,303.0,456.0,759.0,199,209,408
SLP011,1,307,175,482,1283.0,827.0,2110.0,445,228,673
LAL201,1,191,163,354,3015.0,1257.0,4272.0,265,195,460
LAL197,1,67,18,85,250.0,20.0,270.0,97,18,115
LAL195,1,218,9,227,1156.0,9.0,1165.0,353,9,362
LAL193,1,168,38,206,1814.0,53.0,1867.0,237,40,277
PVLP061,1,197,376,573,16869.0,5545.0,22414.0,550,701,1251
PVLP062,1,244,210,454,1318.0,983.0,2301.0,332,258,590
PVLP063,1,131,60,191,277.0,120.0,397.0,152,70,222
LAL190,1,402,175,577,2706.0,765.0,3471.0,572,226,798
PVLP069,1,120,271,391,3602.0,2644.0,6246.0,236,388,624
LAL186,1,151,239,390,840.0,1349.0,2189.0,194,283,477
LAL184,1,115,206,321,606.0,2525.0,3131.0,163,290,453
LAL182,1,305,173,478,2014.0,455.0,2469.0,475,195,670
LAL181,1,157,127,284,604.0,1216.0,1820.0,185,150,335
PVLP076,1,511,483,994,4183.0,3096.0,7279.0,818,604,1422
PVLP077,1,68,137,205,1669.0,782.0,2451.0,310,174,484
PVLP078,1,73,147,220,1794.0,719.0,2513.0,311,173,484
PVLP055,1,47,34,81,254.0,46.0,300.0,113,35,148
LAL202,1,42,112,154,406.0,1240.0,1646.0,54,152,206
PVLP019,1,133,1,134,1160.0,1.0,1161.0,248,1,249
LAL204,1,144,178,322,840.0,995.0,1835.0,183,218,401
LHAD1h1,1,213,300,513,724.0,1139.0,1863.0,275,395,670
PVLP022,1,149,87,236,2129.0,247.0,2376.0,315,96,411
PVLP023,1,178,61,239,832.0,288.0,1120.0,283,77,360
LHAD1g1,1,739,833,1572,9827.0,5523.0,15350.0,1266,1253,2519
LHAD1f5,1,119,170,289,269.0,558.0,827.0,140,211,351
PVLP027,1,240,79,319,1129.0,319.0,1448.0,358,90,448
LHAD1f2,1,433,514,947,2912.0,1817.0,4729.0,615,693,1308
PVLP029,1,139,187,326,736.0,710.0,1446.0,281,323,604
PVLP030,1,89,59,148,673.0,835.0,1508.0,170,131,301
LHAD1c1_b,1,189,151,340,773.0,450.0,1223.0,252,181,433
PVLP032,1,117,253,370,514.0,727.0,1241.0,161,332,493
LHAD1c1_a,1,238,159,397,1125.0,469.0,1594.0,315,205,520
LHAD1b1_a,1,106,104,210,418.0,762.0,1180.0,164,161,325
PVLP043,1,54,26,80,162.0,48.0,210.0,95,29,124
PVLP045,1,36,63,99,327.0,359.0,686.0,139,139,278
PVLP079,1,59,102,161,1730.0,774.0,2504.0,380,142,522
LAL178,1,38,14,52,105.0,52.0,157.0,43,18,61
PVLP084,1,112,158,270,414.0,396.0,810.0,148,187,335
PVLP089,1,212,189,401,1459.0,695.0,2154.0,414,225,639
PVLP117,1,239,26,265,1003.0,55.0,1058.0,304,27,331
LAL153,1,86,6,92,621.0,8.0,629.0,109,6,115
PVLP120,1,247,173,420,4954.0,1482.0,6436.0,972,316,1288
PVLP121,1,199,241,440,3205.0,1544.0,4749.0,444,345,789
LAL152,1,191,2,193,1492.0,2.0,1494.0,259,2,261
LAL151,1,121,152,273,587.0,665.0,1252.0,162,181,343
PVLP125,1,118,132,250,348.0,361.0,709.0,162,160,322
LAL148,1,101,148,249,814.0,694.0,1508.0,145,192,337
LAL146,1,183,130,313,1063.0,1707.0,2770.0,251,165,416
PVLP129,1,100,78,178,252.0,193.0,445.0,134,87,221
LAL143,1,110,73,183,940.0,685.0,1625.0,190,82,272
LAL142,1,262,303,565,4261.0,3914.0,8175.0,477,450,927
LAL141,1,405,300,705,4583.0,4413.0,8996.0,623,404,1027
LAL140,1,129,122,251,491.0,1511.0,2002.0,182,146,328
LAL139,1,154,153,307,694.0,1535.0,2229.0,198,185,383
PVLP115,1,292,19,311,2218.0,20.0,2238.0,463,19,482
PVLP114,1,431,201,632,4186.0,2162.0,6348.0,671,244,915
LAL157,1,146,46,192,1165.0,135.0,1300.0,206,51,257
LAL170,1,146,132,278,991.0,689.0,1680.0,187,159,346
PVLP090,1,172,134,306,705.0,448.0,1153.0,237,156,393
PVLP091,1,168,144,312,563.0,401.0,964.0,263,166,429
PVLP092,1,75,57,132,322.0,829.0,1151.0,137,144,281
PVLP094,1,240,337,577,3091.0,2191.0,5282.0,795,705,1500
PVLP095,1,229,324,553,1672.0,1620.0,3292.0,568,567,1135
PVLP096,1,201,321,522,1345.0,1575.0,2920.0,444,543,987
LAL169,1,142,129,271,2228.0,1923.0,4151.0,188,173,361
PVLP107,1,212,328,540,3930.0,3339.0,7269.0,459,519,978
LAL168,1,55,62,117,319.0,389.0,708.0,61,68,129
PVLP100,1,226,331,557,2017.0,1676.0,3693.0,631,572,1203
LAL166,1,62,149,211,306.0,663.0,969.0,74,171,245
LAL165,1,130,133,263,714.0,420.0,1134.0,183,158,341
PVLP104,1,107,187,294,1183.0,1150.0,2333.0,315,351,666
PVLP106,1,204,418,622,10460.0,6445.0,16905.0,549,826,1375
PVLP020,1,124,38,162,862.0,105.0,967.0,251,46,297
PVLP018,1,210,276,486,3851.0,2238.0,6089.0,561,504,1065
PVLP137,1,294,28,322,3210.0,31.0,3241.0,556,28,584
LHAD3b1_h,1,93,105,198,225.0,211.0,436.0,106,124,230
PS262,1,55,87,142,271.0,521.0,792.0,85,104,189
LHAD3b1_f,1,55,61,116,89.0,140.0,229.0,66,75,141
LHAD3b1_d,1,64,55,119,141.0,105.0,246.0,80,60,140
PS265,1,112,136,248,1495.0,2180.0,3675.0,156,194,350
PS266,1,47,25,72,266.0,94.0,360.0,95,26,121
LHAD3b1_c,1,73,83,156,113.0,146.0,259.0,85,92,177
LHAD3b1_a,1,124,94,218,248.0,181.0,429.0,148,113,261
LHAD3a8_b,1,85,95,180,252.0,200.0,452.0,112,112,224
PS272,1,258,66,324,1402.0,345.0,1747.0,354,105,459
LHAD3a8_a,1,98,72,170,222.0,153.0,375.0,124,82,206
PS274,1,167,80,247,3667.0,1198.0,4865.0,261,108,369
PS275,1,90,67,157,408.0,233.0,641.0,120,81,201
LHAD3a7_b,1,100,123,223,265.0,279.0,544.0,119,141,260
PS278,1,21,47,68,204.0,534.0,738.0,34,55,89
LHAD3a6,1,110,107,217,237.0,212.0,449.0,133,119,252
PS261,1,83,97,180,306.0,514.0,820.0,106,121,227
PS259,1,59,26,85,165.0,59.0,224.0,76,33,109
PVLP017,1,414,445,859,4925.0,2860.0,7785.0,757,687,1444
PS258,1,81,36,117,204.0,50.0,254.0,118,40,158
PS242,1,33,5,38,121.0,5.0,126.0,42,5,47
PS243,1,59,11,70,324.0,15.0,339.0,72,12,84
LHAD3e1_b,1,182,143,325,476.0,386.0,862.0,220,169,389
PS245,1,40,27,67,173.0,38.0,211.0,97,29,126
PS246,1,66,29,95,188.0,40.0,228.0,84,33,117
PS247,1,23,4,27,147.0,4.0,151.0,27,4,31
LHAD3d5,1,133,169,302,273.0,514.0,787.0,157,213,370
PS250,1,95,31,126,268.0,64.0,332.0,136,38,174
PS251,1,68,52,120,171.0,222.0,393.0,88,73,161
LHAD3d4,1,159,207,366,371.0,534.0,905.0,194,256,450
PS253,1,75,59,134,237.0,183.0,420.0,86,66,152
LHAD3d3,1,38,24,62,93.0,30.0,123.0,51,25,76
LHAD3d2,1,97,140,237,188.0,481.0,669.0,111,171,282
LHAD3d1,1,105,102,207,204.0,272.0,476.0,127,140,267
LHAD3c1,1,77,56,133,195.0,102.0,297.0,96,69,165
LHAD3a5,1,181,108,289,598.0,245.0,843.0,231,124,355
LHAD3a4_b,1,67,71,138,142.0,164.0,306.0,77,85,162
LHAD3a4_a,1,155,125,280,466.0,223.0,689.0,195,133,328
PS283,1,37,50,87,221.0,508.0,729.0,50,67,117
PVLP001,1,152,223,375,643.0,607.0,1250.0,192,263,455
PVLP002,1,171,251,422,2270.0,1526.0,3796.0,400,341,741
PVLP003,1,115,194,309,1434.0,1905.0,3339.0,230,342,572
LHAD2e1,1,196,204,400,645.0,643.0,1288.0,240,240,480
LHAD2d1,1,290,228,518,1330.0,1064.0,2394.0,377,273,650
LHAD1k1,1,270,159,429,1106.0,731.0,1837.0,361,204,565
LHAD1j1,1,211,189,400,646.0,958.0,1604.0,274,241,515
PVLP009,1,145,139,284,568.0,540.0,1108.0,261,173,434
PVLP010,1,507,482,989,5386.0,5155.0,10541.0,864,747,1611
PVLP011,1,199,237,436,26333.0,23279.0,49612.0,965,974,1939
LHAD1i2_a,1,91,143,234,147.0,324.0,471.0,103,180,283
PVLP013,1,165,387,552,8803.0,3926.0,12729.0,507,595,1102
PVLP014,1,227,312,539,1774.0,2374.0,4148.0,312,411,723
PVLP015,1,251,322,573,5615.0,2841.0,8456.0,675,453,1128
PVLP016,1,254,147,401,1495.0,1658.0,3153.0,339,177,516
PS303,1,57,9,66,259.0,11.0,270.0,67,9,76
PS302,1,42,113,155,546.0,752.0,1298.0,54,173,227
PS301,1,86,134,220,652.0,843.0,1495.0,96,153,249
PS292,1,53,124,177,403.0,1135.0,1538.0,63,160,223
LHAD3a3_b,1,98,91,189,178.0,149.0,327.0,115,102,217
LHAD3a2_b,1,120,104,224,271.0,251.0,522.0,155,128,283
LHAD3a2_a,1,115,118,233,278.0,215.0,493.0,139,132,271
LHAD3a10_b,1,68,79,147,100.0,153.0,253.0,75,95,170
LHAD3a10_a,1,60,65,125,95.0,116.0,211.0,71,76,147
PS291,1,41,117,158,546.0,699.0,1245.0,50,159,209
PS293,1,193,239,432,1692.0,1225.0,2917.0,278,304,582
LHAD2e2,1,211,257,468,642.0,1102.0,1744.0,263,318,581
PS294,1,39,37,76,545.0,132.0,677.0,63,52,115
PS295,1,40,20,60,492.0,32.0,524.0,77,21,98
PS296,1,139,68,207,1324.0,259.0,1583.0,213,74,287
PS297,1,138,37,175,949.0,53.0,1002.0,214,37,251
LHAD2f1,1,190,103,293,569.0,305.0,874.0,231,119,350
LHAD2e3,1,196,269,465,685.0,1326.0,2011.0,231,351,582
PVLP136,1,347,67,414,8237.0,100.0,8337.0,1015,79,1094
PVLP138,1,162,24,186,1350.0,66.0,1416.0,274,26,300
SLP009,1,157,73,230,380.0,216.0,596.0,196,96,292
SIP018,1,180,165,345,1164.0,1386.0,2550.0,236,232,468
LAL009,1,411,232,643,2693.0,2370.0,5063.0,651,301,952
SIP022,1,220,194,414,1653.0,1092.0,2745.0,290,230,520
SIP023,1,210,147,357,1662.0,628.0,2290.0,353,166,519
SIP025,1,58,97,155,171.0,446.0,617.0,67,120,187
SIP026,1,238,163,401,1537.0,854.0,2391.0,347,236,583
LAL004,1,163,80,243,385.0,263.0,648.0,203,105,308
LAL003,1,176,157,333,821.0,795.0,1616.0,232,190,422
LAL002,1,191,203,394,2200.0,3321.0,5521.0,269,277,546
LAL001,1,272,215,487,2203.0,3453.0,5656.0,383,275,658
SIP031,1,193,172,365,855.0,835.0,1690.0,242,216,458
SIP032,1,157,139,296,490.0,419.0,909.0,193,176,369
KCg-s4,1,47,83,130,704.0,884.0,1588.0,209,279,488
KCg-s3,1,54,81,135,1088.0,1383.0,2471.0,342,390,732
KCg-s2,1,92,143,235,1690.0,1901.0,3591.0,457,508,965
KCg-s1,1,114,122,236,2210.0,2787.0,4997.0,705,736,1441
SIP019,1,208,160,368,1107.0,949.0,2056.0,265,198,463
SIP017,1,208,164,372,3034.0,1039.0,4073.0,342,231,573
LAL038,1,111,116,227,775.0,437.0,1212.0,167,149,316
LAL011,1,265,214,479,2192.0,1487.0,3679.0,366,265,631
SAD094,1,201,79,280,1253.0,1134.0,2387.0,378,89,467
SAD095,1,22,3,25,121.0,3.0,124.0,25,3,28
LAL027,1,157,115,272,1631.0,900.0,2531.0,346,138,484
LAL024,1,153,95,248,556.0,602.0,1158.0,206,119,325
SIP004,1,391,289,680,3269.0,1819.0,5088.0,586,343,929
SIP005,1,142,98,240,278.0,516.0,794.0,169,118,287
SIP006,1,159,93,252,500.0,386.0,886.0,208,115,323
LAL018,1,309,213,522,7329.0,2858.0,10187.0,569,267,836
LAL017,1,108,131,239,1202.0,1972.0,3174.0,146,163,309
LAL016,1,205,184,389,2276.0,2011.0,4287.0,268,228,496
LAL015,1,160,162,322,1705.0,1978.0,3683.0,235,199,434
LAL014,1,298,216,514,7501.0,2886.0,10387.0,480,282,762
LAL013,1,253,246,499,1622.0,1898.0,3520.0,334,285,619
LAL012,1,188,165,353,1635.0,1591.0,3226.0,273,203,476
SIP014,1,129,150,279,436.0,782.0,1218.0,186,212,398
KC,1,5,7,12,41.0,71.0,112.0,17,22,39
IB119,1,78,125,203,249.0,465.0,714.0,121,165,286
IB118,1,164,217,381,1130.0,499.0,1629.0,231,279,510
IB117,1,253,184,437,1368.0,980.0,2348.0,364,242,606
SIP082,1,92,106,198,373.0,365.0,738.0,126,135,261
SIP083,1,123,106,229,258.0,250.0,508.0,149,127,276
IB069,1,78,12,90,321.0,30.0,351.0,98,14,112
IB067,1,57,2,59,246.0,2.0,248.0,83,2,85
IB066,1,86,6,92,362.0,6.0,368.0,120,6,126
SIP088,1,236,211,447,1430.0,682.0,2112.0,304,272,576
IB065,1,258,229,487,1435.0,850.0,2285.0,339,270,609
SIP090,1,232,216,448,3159.0,1938.0,5097.0,338,317,655
SLP001,1,106,146,252,480.0,513.0,993.0,132,179,311
SLP003,1,795,958,1753,5890.0,5832.0,11722.0,1249,1384,2633
SLP004,1,524,779,1303,2855.0,4420.0,7275.0,699,1047,1746
SLP005,1,202,176,378,631.0,494.0,1125.0,256,230,486
SLP006,1,156,155,311,647.0,439.0,1086.0,214,189,403
IB063,1,108,121,229,297.0,366.0,663.0,145,149,294
IB062,1,147,64,211,559.0,205.0,764.0,184,72,256
SIP080,1,31,15,46,62.0,22.0,84.0,38,17,55
IB081,1,87,12,99,406.0,20.0,426.0,117,14,131
IB086,1,115,136,251,323.0,392.0,715.0,151,169,320
IB101,1,64,83,147,367.0,731.0,1098.0,91,106,197
IB116,1,235,190,425,1447.0,1121.0,2568.0,297,233,530
SIP046,1,242,250,492,1454.0,2348.0,3802.0,355,362,717
IB111,1,341,160,501,2810.0,1052.0,3862.0,478,174,652
IB105,1,27,49,76,116.0,361.0,477.0,34,66,100
IB104,1,52,74,126,151.0,353.0,504.0,70,86,156
SIP052,1,190,175,365,1126.0,897.0,2023.0,265,253,518
SIP054,1,186,117,303,603.0,391.0,994.0,246,147,393
SIP068,1,207,180,387,788.0,828.0,1616.0,274,232,506
IB100,1,25,58,83,77.0,219.0,296.0,30,73,103
SIP056,1,118,114,232,343.0,299.0,642.0,147,141,288
SIP057,1,72,84,156,223.0,313.0,536.0,93,104,197
IB096,1,58,97,155,204.0,540.0,744.0,73,132,205
IB094,1,138,141,279,977.0,759.0,1736.0,166,163,329
SIP067,1,383,326,709,2739.0,2452.0,5191.0,587,441,1028
SAD093,1,9,9,18,10.0,20.0,30.0,9,10,19
SAD085,1,134,15,149,726.0,22.0,748.0,170,15,185
PVLP139,1,126,186,312,1167.0,1202.0,2369.0,282,250,532
SAD013,1,213,242,455,2322.0,1866.0,4188.0,446,379,825
SAD015,1,45,64,109,97.0,372.0,469.0,59,83,142
LAL109,1,97,156,253,615.0,1452.0,2067.0,117,188,305
LAL108,1,196,6,202,3223.0,6.0,3229.0,287,6,293
LAL107,1,135,88,223,966.0,486.0,1452.0,164,98,262
SAD019,1,15,58,73,45.0,157.0,202.0,24,75,99
LAL106,1,111,71,182,817.0,413.0,1230.0,144,83,227
LAL105,1,100,109,209,629.0,574.0,1203.0,130,144,274
LAL104,1,136,121,257,897.0,837.0,1734.0,175,174,349
LAL103,1,82,130,212,465.0,1271.0,1736.0,96,163,259
LAL102,1,218,198,416,2286.0,1609.0,3895.0,291,271,562
SAD023,1,52,67,119,386.0,348.0,734.0,93,96,189
LAL101,1,216,170,386,2235.0,2204.0,4439.0,298,250,548
LAL099,1,145,216,361,1438.0,2538.0,3976.0,270,315,585
LAL098,1,164,151,315,2187.0,2367.0,4554.0,222,192,414
SAD032,1,61,117,178,297.0,570.0,867.0,88,150,238
LAL111,1,91,153,244,374.0,1644.0,2018.0,116,185,301
SAD010,1,61,106,167,259.0,1327.0,1586.0,86,149,235
SAD084,1,88,58,146,749.0,238.0,987.0,101,68,169
LAL114,1,162,239,401,1157.0,1564.0,2721.0,245,345,590
PVLP140,1,108,3,111,553.0,3.0,556.0,195,3,198
PVLP141,1,264,36,300,2851.0,55.0,2906.0,480,41,521
PVLP143,1,125,102,227,780.0,987.0,1767.0,252,120,372
PVLP145,1,199,40,239,933.0,99.0,1032.0,331,45,376
PVLP146,1,291,166,457,1976.0,498.0,2474.0,554,200,754
PVLP150,1,193,135,328,1767.0,2249.0,4016.0,479,249,728
LAL128,1,218,387,605,1918.0,2722.0,4640.0,312,556,868
SA1_c,1,87,33,120,495.0,524.0,1019.0,168,102,270
LAL125,1,195,13,208,3443.0,13.0,3456.0,296,13,309
LAL122,1,198,28,226,2944.0,212.0,3156.0,276,33,309
SAD002,1,25,55,80,62.0,250.0,312.0,32,79,111
LAL119,1,242,205,447,5896.0,2690.0,8586.0,358,274,632
LAL118,1,223,217,440,2435.0,1632.0,4067.0,360,421,781
LAL116,1,73,94,167,453.0,710.0,1163.0,91,125,216
LAL115,1,176,203,379,1392.0,1408.0,2800.0,234,296,530
SAD033,1,55,116,171,277.0,614.0,891.0,80,142,222
SAD034,1,34,49,83,150.0,349.0,499.0,39,74,113
SAD035,1,98,137,235,375.0,507.0,882.0,115,157,272
SAD036,1,90,103,193,1166.0,1297.0,2463.0,108,127,235
LAL052,1,274,281,555,3164.0,2057.0,5221.0,405,341,746
LAL051,1,193,194,387,2910.0,4847.0,7757.0,266,255,521
SAD067,1,11,43,54,44.0,120.0,164.0,19,51,70
LAL049,1,92,98,190,390.0,350.0,740.0,108,113,221
SAD070,1,166,219,385,709.0,1543.0,2252.0,214,252,466
SAD071,1,155,199,354,526.0,804.0,1330.0,179,237,416
SAD072,1,61,148,209,130.0,903.0,1033.0,67,183,250
LAL047,1,146,249,395,2973.0,2952.0,5925.0,223,357,580
SAD074,1,64,114,178,123.0,479.0,602.0,73,151,224
SAD075,1,49,47,96,130.0,150.0,280.0,53,59,112
SAD076,1,77,207,284,331.0,1525.0,1856.0,87,257,344
LAL046,1,198,193,391,4058.0,3390.0,7448.0,316,246,562
LAL045,1,322,280,602,2629.0,2050.0,4679.0,436,384,820
LAL044,1,142,162,304,699.0,680.0,1379.0,207,192,399
SAD082,1,153,203,356,453.0,938.0,1391.0,168,245,413
LAL053,1,210,164,374,1734.0,2538.0,4272.0,364,202,566
LAL054,1,190,124,314,1228.0,1755.0,2983.0,302,158,460
LAL055,1,131,155,286,1451.0,1168.0,2619.0,296,215,511
LAL081,1,158,215,373,1162.0,2956.0,4118.0,218,263,481
SAD037,1,44,23,67,443.0,63.0,506.0,56,24,80
SAD038,1,81,92,173,387.0,577.0,964.0,116,121,237
SAD039,1,44,3,47,136.0,3.0,139.0,50,3,53
SAD042,1,42,40,82,101.0,75.0,176.0,48,51,99
SAD043,1,112,90,202,1576.0,1971.0,3547.0,167,99,266
LAL082,1,119,262,381,993.0,2055.0,3048.0,147,348,495
SAD048,1,8,20,28,9.0,27.0,36.0,8,21,29
LAL057,1,79,147,226,205.0,567.0,772.0,102,192,294
SAD050,1,85,147,232,646.0,657.0,1303.0,115,192,307
LAL072,1,145,111,256,2646.0,2166.0,4812.0,206,150,356
SAD055,1,36,70,106,456.0,1067.0,1523.0,79,102,181
LAL064,1,60,90,150,138.0,235.0,373.0,73,107,180
LAL063,1,101,76,177,247.0,269.0,516.0,130,95,225
SAD059,1,35,69,104,274.0,330.0,604.0,74,88,162
MZ_lvPN,1,79,168,247,355.0,764.0,1119.0,113,218,331
